<?xml version='1.0' encoding='UTF-8' standalone='no'?>
<doxygen xmlns:xsi="http://www.w3.org/2001/XMLSchema-instance" xsi:noNamespaceSchemaLocation="compound.xsd" version="1.8.13">
  <compounddef id="buffer_8h" kind="file" language="C++">
    <compoundname>buffer.h</compoundname>
    <includes refid="types_8h" local="yes">linphone/types.h</includes>
    <includedby refid="core_8h" local="yes">core.h</includedby>
      <sectiondef kind="func">
      <memberdef kind="function" id="group__misc_1gac50d9abdb5c99f7d7c0c9022312fdd00" prot="public" static="no" const="no" explicit="no" inline="no" virt="non-virtual">
        <type><ref refid="group__misc_1ga888e911d654b9cf07b994538c28160de" kindref="member">LinphoneBuffer</ref> *</type>
        <definition>LinphoneBuffer* linphone_buffer_new</definition>
        <argsstring>(void)</argsstring>
        <name>linphone_buffer_new</name>
        <param>
          <type>void</type>
        </param>
        <briefdescription>
<para>Create a new empty LinphoneBuffer object. </para>        </briefdescription>
        <detaileddescription>
<para><simplesect kind="return"><para>A new LinphoneBuffer object. </para></simplesect>
</para>        </detaileddescription>
        <inbodydescription>
        </inbodydescription>
        <location file="/Users/S0U1SB4N3/test006/linphone-desktop/submodules/linphone/include/linphone/buffer.h" line="41" column="1"/>
      </memberdef>
      <memberdef kind="function" id="group__misc_1ga62801fde929b49287f9c6e2d357378b2" prot="public" static="no" const="no" explicit="no" inline="no" virt="non-virtual">
        <type><ref refid="group__misc_1ga888e911d654b9cf07b994538c28160de" kindref="member">LinphoneBuffer</ref> *</type>
        <definition>LinphoneBuffer* linphone_buffer_new_from_data</definition>
        <argsstring>(const uint8_t *data, size_t size)</argsstring>
        <name>linphone_buffer_new_from_data</name>
        <param>
          <type>const uint8_t *</type>
          <declname>data</declname>
        </param>
        <param>
          <type>size_t</type>
          <declname>size</declname>
        </param>
        <briefdescription>
<para>Create a new LinphoneBuffer object from existing data. </para>        </briefdescription>
        <detaileddescription>
<para><parameterlist kind="param"><parameteritem>
<parameternamelist>
<parametername direction="in">data</parametername>
</parameternamelist>
<parameterdescription>
<para>The initial data to store in the LinphoneBuffer. </para></parameterdescription>
</parameteritem>
<parameteritem>
<parameternamelist>
<parametername direction="in">size</parametername>
</parameternamelist>
<parameterdescription>
<para>The size of the initial data to stroe in the LinphoneBuffer. </para></parameterdescription>
</parameteritem>
</parameterlist>
<simplesect kind="return"><para>A new LinphoneBuffer object. </para></simplesect>
</para>        </detaileddescription>
        <inbodydescription>
        </inbodydescription>
        <location file="/Users/S0U1SB4N3/test006/linphone-desktop/submodules/linphone/include/linphone/buffer.h" line="49" column="1"/>
      </memberdef>
      <memberdef kind="function" id="group__misc_1ga9a9d1851af0281c5f7c30004318b3fb1" prot="public" static="no" const="no" explicit="no" inline="no" virt="non-virtual">
        <type><ref refid="group__misc_1ga888e911d654b9cf07b994538c28160de" kindref="member">LinphoneBuffer</ref> *</type>
        <definition>LinphoneBuffer* linphone_buffer_new_from_string</definition>
        <argsstring>(const char *data)</argsstring>
        <name>linphone_buffer_new_from_string</name>
        <param>
          <type>const char *</type>
          <declname>data</declname>
        </param>
        <briefdescription>
<para>Create a new LinphoneBuffer object from a string. </para>        </briefdescription>
        <detaileddescription>
<para><parameterlist kind="param"><parameteritem>
<parameternamelist>
<parametername direction="in">data</parametername>
</parameternamelist>
<parameterdescription>
<para>The initial string content of the LinphoneBuffer. </para></parameterdescription>
</parameteritem>
</parameterlist>
<simplesect kind="return"><para>A new LinphoneBuffer object. </para></simplesect>
</para>        </detaileddescription>
        <inbodydescription>
        </inbodydescription>
        <location file="/Users/S0U1SB4N3/test006/linphone-desktop/submodules/linphone/include/linphone/buffer.h" line="56" column="1"/>
      </memberdef>
      <memberdef kind="function" id="group__misc_1ga7e68a22a2fe2b4bd5676ac8fd38a4fe1" prot="public" static="no" const="no" explicit="no" inline="no" virt="non-virtual">
        <type><ref refid="group__misc_1ga888e911d654b9cf07b994538c28160de" kindref="member">LinphoneBuffer</ref> *</type>
        <definition>LinphoneBuffer* linphone_buffer_ref</definition>
        <argsstring>(LinphoneBuffer *buffer)</argsstring>
        <name>linphone_buffer_ref</name>
        <param>
          <type><ref refid="group__misc_1ga888e911d654b9cf07b994538c28160de" kindref="member">LinphoneBuffer</ref> *</type>
          <declname>buffer</declname>
        </param>
        <briefdescription>
<para>Acquire a reference to the buffer. </para>        </briefdescription>
        <detaileddescription>
<para><parameterlist kind="param"><parameteritem>
<parameternamelist>
<parametername direction="in">buffer</parametername>
</parameternamelist>
<parameterdescription>
<para>LinphoneBuffer object. </para></parameterdescription>
</parameteritem>
</parameterlist>
<simplesect kind="return"><para>The same LinphoneBuffer object. </para></simplesect>
</para>        </detaileddescription>
        <inbodydescription>
        </inbodydescription>
        <location file="/Users/S0U1SB4N3/test006/linphone-desktop/submodules/linphone/include/linphone/buffer.h" line="63" column="1"/>
      </memberdef>
      <memberdef kind="function" id="group__misc_1ga423146ddd503413de5dbddf27c373e2d" prot="public" static="no" const="no" explicit="no" inline="no" virt="non-virtual">
        <type>void</type>
        <definition>void linphone_buffer_unref</definition>
        <argsstring>(LinphoneBuffer *buffer)</argsstring>
        <name>linphone_buffer_unref</name>
        <param>
          <type><ref refid="group__misc_1ga888e911d654b9cf07b994538c28160de" kindref="member">LinphoneBuffer</ref> *</type>
          <declname>buffer</declname>
        </param>
        <briefdescription>
<para>Release reference to the buffer. </para>        </briefdescription>
        <detaileddescription>
<para><parameterlist kind="param"><parameteritem>
<parameternamelist>
<parametername direction="in">buffer</parametername>
</parameternamelist>
<parameterdescription>
<para>LinphoneBuffer object. </para></parameterdescription>
</parameteritem>
</parameterlist>
</para>        </detaileddescription>
        <inbodydescription>
        </inbodydescription>
        <location file="/Users/S0U1SB4N3/test006/linphone-desktop/submodules/linphone/include/linphone/buffer.h" line="69" column="1"/>
      </memberdef>
      <memberdef kind="function" id="group__misc_1gae34014eddc4799805da6ce4ece082186" prot="public" static="no" const="no" explicit="no" inline="no" virt="non-virtual">
        <type>void *</type>
        <definition>void* linphone_buffer_get_user_data</definition>
        <argsstring>(const LinphoneBuffer *buffer)</argsstring>
        <name>linphone_buffer_get_user_data</name>
        <param>
          <type>const <ref refid="group__misc_1ga888e911d654b9cf07b994538c28160de" kindref="member">LinphoneBuffer</ref> *</type>
          <declname>buffer</declname>
        </param>
        <briefdescription>
<para>Retrieve the user pointer associated with the buffer. </para>        </briefdescription>
        <detaileddescription>
<para><parameterlist kind="param"><parameteritem>
<parameternamelist>
<parametername direction="in">buffer</parametername>
</parameternamelist>
<parameterdescription>
<para>LinphoneBuffer object. </para></parameterdescription>
</parameteritem>
</parameterlist>
<simplesect kind="return"><para>The user pointer associated with the buffer. </para></simplesect>
</para>        </detaileddescription>
        <inbodydescription>
        </inbodydescription>
        <location file="/Users/S0U1SB4N3/test006/linphone-desktop/submodules/linphone/include/linphone/buffer.h" line="76" column="1"/>
      </memberdef>
      <memberdef kind="function" id="group__misc_1gab015fa020f4ab51e63823e5fb8b2e5c6" prot="public" static="no" const="no" explicit="no" inline="no" virt="non-virtual">
        <type>void</type>
        <definition>void linphone_buffer_set_user_data</definition>
        <argsstring>(LinphoneBuffer *buffer, void *ud)</argsstring>
        <name>linphone_buffer_set_user_data</name>
        <param>
          <type><ref refid="group__misc_1ga888e911d654b9cf07b994538c28160de" kindref="member">LinphoneBuffer</ref> *</type>
          <declname>buffer</declname>
        </param>
        <param>
          <type>void *</type>
          <declname>ud</declname>
        </param>
        <briefdescription>
<para>Assign a user pointer to the buffer. </para>        </briefdescription>
        <detaileddescription>
<para><parameterlist kind="param"><parameteritem>
<parameternamelist>
<parametername direction="in">buffer</parametername>
</parameternamelist>
<parameterdescription>
<para>LinphoneBuffer object. </para></parameterdescription>
</parameteritem>
<parameteritem>
<parameternamelist>
<parametername direction="in">ud</parametername>
</parameternamelist>
<parameterdescription>
<para>The user pointer to associate with the buffer. </para></parameterdescription>
</parameteritem>
</parameterlist>
</para>        </detaileddescription>
        <inbodydescription>
        </inbodydescription>
        <location file="/Users/S0U1SB4N3/test006/linphone-desktop/submodules/linphone/include/linphone/buffer.h" line="83" column="1"/>
      </memberdef>
      <memberdef kind="function" id="group__misc_1ga179fa8cdf68e85cf83777d6e0b6c86dc" prot="public" static="no" const="no" explicit="no" inline="no" virt="non-virtual">
        <type>const uint8_t *</type>
        <definition>const uint8_t* linphone_buffer_get_content</definition>
        <argsstring>(const LinphoneBuffer *buffer)</argsstring>
        <name>linphone_buffer_get_content</name>
        <param>
          <type>const <ref refid="group__misc_1ga888e911d654b9cf07b994538c28160de" kindref="member">LinphoneBuffer</ref> *</type>
          <declname>buffer</declname>
        </param>
        <briefdescription>
<para>Get the content of the data buffer. </para>        </briefdescription>
        <detaileddescription>
<para><parameterlist kind="param"><parameteritem>
<parameternamelist>
<parametername direction="in">buffer</parametername>
</parameternamelist>
<parameterdescription>
<para>LinphoneBuffer object. </para></parameterdescription>
</parameteritem>
</parameterlist>
<simplesect kind="return"><para>The content of the data buffer. </para></simplesect>
</para>        </detaileddescription>
        <inbodydescription>
        </inbodydescription>
        <location file="/Users/S0U1SB4N3/test006/linphone-desktop/submodules/linphone/include/linphone/buffer.h" line="90" column="1"/>
      </memberdef>
      <memberdef kind="function" id="group__misc_1gae87fbd97f38a664e2fb10a9074e620d0" prot="public" static="no" const="no" explicit="no" inline="no" virt="non-virtual">
        <type>void</type>
        <definition>void linphone_buffer_set_content</definition>
        <argsstring>(LinphoneBuffer *buffer, const uint8_t *content, size_t size)</argsstring>
        <name>linphone_buffer_set_content</name>
        <param>
          <type><ref refid="group__misc_1ga888e911d654b9cf07b994538c28160de" kindref="member">LinphoneBuffer</ref> *</type>
          <declname>buffer</declname>
        </param>
        <param>
          <type>const uint8_t *</type>
          <declname>content</declname>
        </param>
        <param>
          <type>size_t</type>
          <declname>size</declname>
        </param>
        <briefdescription>
<para>Set the content of the data buffer. </para>        </briefdescription>
        <detaileddescription>
<para><parameterlist kind="param"><parameteritem>
<parameternamelist>
<parametername direction="in">buffer</parametername>
</parameternamelist>
<parameterdescription>
<para>LinphoneBuffer object. </para></parameterdescription>
</parameteritem>
<parameteritem>
<parameternamelist>
<parametername direction="in">content</parametername>
</parameternamelist>
<parameterdescription>
<para>The content of the data buffer. </para></parameterdescription>
</parameteritem>
<parameteritem>
<parameternamelist>
<parametername direction="in">size</parametername>
</parameternamelist>
<parameterdescription>
<para>The size of the content of the data buffer. </para></parameterdescription>
</parameteritem>
</parameterlist>
</para>        </detaileddescription>
        <inbodydescription>
        </inbodydescription>
        <location file="/Users/S0U1SB4N3/test006/linphone-desktop/submodules/linphone/include/linphone/buffer.h" line="98" column="1"/>
      </memberdef>
      <memberdef kind="function" id="group__misc_1ga60a1f7e2be1aaa5ea378ee224dc3e110" prot="public" static="no" const="no" explicit="no" inline="no" virt="non-virtual">
        <type>const char *</type>
        <definition>const char* linphone_buffer_get_string_content</definition>
        <argsstring>(const LinphoneBuffer *buffer)</argsstring>
        <name>linphone_buffer_get_string_content</name>
        <param>
          <type>const <ref refid="group__misc_1ga888e911d654b9cf07b994538c28160de" kindref="member">LinphoneBuffer</ref> *</type>
          <declname>buffer</declname>
        </param>
        <briefdescription>
<para>Get the string content of the data buffer. </para>        </briefdescription>
        <detaileddescription>
<para><parameterlist kind="param"><parameteritem>
<parameternamelist>
<parametername direction="in">buffer</parametername>
</parameternamelist>
<parameterdescription>
<para>LinphoneBuffer object </para></parameterdescription>
</parameteritem>
</parameterlist>
<simplesect kind="return"><para>The string content of the data buffer. </para></simplesect>
</para>        </detaileddescription>
        <inbodydescription>
        </inbodydescription>
        <location file="/Users/S0U1SB4N3/test006/linphone-desktop/submodules/linphone/include/linphone/buffer.h" line="105" column="1"/>
      </memberdef>
      <memberdef kind="function" id="group__misc_1ga8537c5f3da986f2a50631078ae031466" prot="public" static="no" const="no" explicit="no" inline="no" virt="non-virtual">
        <type>void</type>
        <definition>void linphone_buffer_set_string_content</definition>
        <argsstring>(LinphoneBuffer *buffer, const char *content)</argsstring>
        <name>linphone_buffer_set_string_content</name>
        <param>
          <type><ref refid="group__misc_1ga888e911d654b9cf07b994538c28160de" kindref="member">LinphoneBuffer</ref> *</type>
          <declname>buffer</declname>
        </param>
        <param>
          <type>const char *</type>
          <declname>content</declname>
        </param>
        <briefdescription>
<para>Set the string content of the data buffer. </para>        </briefdescription>
        <detaileddescription>
<para><parameterlist kind="param"><parameteritem>
<parameternamelist>
<parametername direction="in">buffer</parametername>
</parameternamelist>
<parameterdescription>
<para>LinphoneBuffer object. </para></parameterdescription>
</parameteritem>
<parameteritem>
<parameternamelist>
<parametername direction="in">content</parametername>
</parameternamelist>
<parameterdescription>
<para>The string content of the data buffer. </para></parameterdescription>
</parameteritem>
</parameterlist>
</para>        </detaileddescription>
        <inbodydescription>
        </inbodydescription>
        <location file="/Users/S0U1SB4N3/test006/linphone-desktop/submodules/linphone/include/linphone/buffer.h" line="112" column="1"/>
      </memberdef>
      <memberdef kind="function" id="group__misc_1gabeeb25bd0d4460a42fecb6dd6e1a62ae" prot="public" static="no" const="no" explicit="no" inline="no" virt="non-virtual">
        <type>size_t</type>
        <definition>size_t linphone_buffer_get_size</definition>
        <argsstring>(const LinphoneBuffer *buffer)</argsstring>
        <name>linphone_buffer_get_size</name>
        <param>
          <type>const <ref refid="group__misc_1ga888e911d654b9cf07b994538c28160de" kindref="member">LinphoneBuffer</ref> *</type>
          <declname>buffer</declname>
        </param>
        <briefdescription>
<para>Get the size of the content of the data buffer. </para>        </briefdescription>
        <detaileddescription>
<para><parameterlist kind="param"><parameteritem>
<parameternamelist>
<parametername direction="in">buffer</parametername>
</parameternamelist>
<parameterdescription>
<para>LinphoneBuffer object. </para></parameterdescription>
</parameteritem>
</parameterlist>
<simplesect kind="return"><para>The size of the content of the data buffer. </para></simplesect>
</para>        </detaileddescription>
        <inbodydescription>
        </inbodydescription>
        <location file="/Users/S0U1SB4N3/test006/linphone-desktop/submodules/linphone/include/linphone/buffer.h" line="119" column="1"/>
      </memberdef>
      <memberdef kind="function" id="group__misc_1ga9d725ea087b5d7670287573c2b0a7964" prot="public" static="no" const="no" explicit="no" inline="no" virt="non-virtual">
        <type>void</type>
        <definition>void linphone_buffer_set_size</definition>
        <argsstring>(LinphoneBuffer *buffer, size_t size)</argsstring>
        <name>linphone_buffer_set_size</name>
        <param>
          <type><ref refid="group__misc_1ga888e911d654b9cf07b994538c28160de" kindref="member">LinphoneBuffer</ref> *</type>
          <declname>buffer</declname>
        </param>
        <param>
          <type>size_t</type>
          <declname>size</declname>
        </param>
        <briefdescription>
<para>Set the size of the content of the data buffer. </para>        </briefdescription>
        <detaileddescription>
<para><parameterlist kind="param"><parameteritem>
<parameternamelist>
<parametername direction="in">buffer</parametername>
</parameternamelist>
<parameterdescription>
<para>LinphoneBuffer object </para></parameterdescription>
</parameteritem>
<parameteritem>
<parameternamelist>
<parametername direction="in">size</parametername>
</parameternamelist>
<parameterdescription>
<para>The size of the content of the data buffer. </para></parameterdescription>
</parameteritem>
</parameterlist>
</para>        </detaileddescription>
        <inbodydescription>
        </inbodydescription>
        <location file="/Users/S0U1SB4N3/test006/linphone-desktop/submodules/linphone/include/linphone/buffer.h" line="126" column="1"/>
      </memberdef>
      <memberdef kind="function" id="group__misc_1ga449783c814a3f009ae7cee6a4ff43ed1" prot="public" static="no" const="no" explicit="no" inline="no" virt="non-virtual">
        <type>bool_t</type>
        <definition>bool_t linphone_buffer_is_empty</definition>
        <argsstring>(const LinphoneBuffer *buffer)</argsstring>
        <name>linphone_buffer_is_empty</name>
        <param>
          <type>const <ref refid="group__misc_1ga888e911d654b9cf07b994538c28160de" kindref="member">LinphoneBuffer</ref> *</type>
          <declname>buffer</declname>
        </param>
        <briefdescription>
<para>Tell whether the LinphoneBuffer is empty. </para>        </briefdescription>
        <detaileddescription>
<para><parameterlist kind="param"><parameteritem>
<parameternamelist>
<parametername direction="in">buffer</parametername>
</parameternamelist>
<parameterdescription>
<para>LinphoneBuffer object </para></parameterdescription>
</parameteritem>
</parameterlist>
<simplesect kind="return"><para>A boolean value telling whether the LinphoneBuffer is empty or not. </para></simplesect>
</para>        </detaileddescription>
        <inbodydescription>
        </inbodydescription>
        <location file="/Users/S0U1SB4N3/test006/linphone-desktop/submodules/linphone/include/linphone/buffer.h" line="133" column="1"/>
      </memberdef>
      </sectiondef>
    <briefdescription>
    </briefdescription>
    <detaileddescription>
    </detaileddescription>
    <programlisting>
<codeline lineno="1"><highlight class="comment">/*</highlight></codeline>
<codeline lineno="2"><highlight class="comment">buffer.h</highlight></codeline>
<codeline lineno="3"><highlight class="comment">Copyright<sp/>(C)<sp/>2010-2014<sp/>Belledonne<sp/>Communications<sp/>SARL</highlight></codeline>
<codeline lineno="4"><highlight class="comment"></highlight></codeline>
<codeline lineno="5"><highlight class="comment">This<sp/>program<sp/>is<sp/>free<sp/>software;<sp/>you<sp/>can<sp/>redistribute<sp/>it<sp/>and/or</highlight></codeline>
<codeline lineno="6"><highlight class="comment">modify<sp/>it<sp/>under<sp/>the<sp/>terms<sp/>of<sp/>the<sp/>GNU<sp/>General<sp/>Public<sp/>License</highlight></codeline>
<codeline lineno="7"><highlight class="comment">as<sp/>published<sp/>by<sp/>the<sp/>Free<sp/>Software<sp/>Foundation;<sp/>either<sp/>version<sp/>2</highlight></codeline>
<codeline lineno="8"><highlight class="comment">of<sp/>the<sp/>License,<sp/>or<sp/>(at<sp/>your<sp/>option)<sp/>any<sp/>later<sp/>version.</highlight></codeline>
<codeline lineno="9"><highlight class="comment"></highlight></codeline>
<codeline lineno="10"><highlight class="comment">This<sp/>program<sp/>is<sp/>distributed<sp/>in<sp/>the<sp/>hope<sp/>that<sp/>it<sp/>will<sp/>be<sp/>useful,</highlight></codeline>
<codeline lineno="11"><highlight class="comment">but<sp/>WITHOUT<sp/>ANY<sp/>WARRANTY;<sp/>without<sp/>even<sp/>the<sp/>implied<sp/>warranty<sp/>of</highlight></codeline>
<codeline lineno="12"><highlight class="comment">MERCHANTABILITY<sp/>or<sp/>FITNESS<sp/>FOR<sp/>A<sp/>PARTICULAR<sp/>PURPOSE.<sp/><sp/>See<sp/>the</highlight></codeline>
<codeline lineno="13"><highlight class="comment">GNU<sp/>General<sp/>Public<sp/>License<sp/>for<sp/>more<sp/>details.</highlight></codeline>
<codeline lineno="14"><highlight class="comment"></highlight></codeline>
<codeline lineno="15"><highlight class="comment">You<sp/>should<sp/>have<sp/>received<sp/>a<sp/>copy<sp/>of<sp/>the<sp/>GNU<sp/>General<sp/>Public<sp/>License</highlight></codeline>
<codeline lineno="16"><highlight class="comment">along<sp/>with<sp/>this<sp/>program;<sp/>if<sp/>not,<sp/>write<sp/>to<sp/>the<sp/>Free<sp/>Software</highlight></codeline>
<codeline lineno="17"><highlight class="comment">Foundation,<sp/>Inc.,<sp/>51<sp/>Franklin<sp/>Street,<sp/>Fifth<sp/>Floor,<sp/>Boston,<sp/>MA<sp/><sp/>02110-1301,<sp/>USA.</highlight></codeline>
<codeline lineno="18"><highlight class="comment">*/</highlight><highlight class="normal"></highlight></codeline>
<codeline lineno="19"><highlight class="normal"></highlight></codeline>
<codeline lineno="20"><highlight class="normal"></highlight><highlight class="preprocessor">#ifndef<sp/>LINPHONE_BUFFER_H_</highlight><highlight class="normal"></highlight></codeline>
<codeline lineno="21"><highlight class="normal"></highlight><highlight class="preprocessor">#define<sp/>LINPHONE_BUFFER_H_</highlight><highlight class="normal"></highlight></codeline>
<codeline lineno="22"><highlight class="normal"></highlight></codeline>
<codeline lineno="23"><highlight class="normal"></highlight></codeline>
<codeline lineno="24"><highlight class="normal"></highlight><highlight class="preprocessor">#include<sp/>&quot;linphone/types.h&quot;</highlight><highlight class="normal"></highlight></codeline>
<codeline lineno="25"><highlight class="normal"></highlight></codeline>
<codeline lineno="26"><highlight class="normal"></highlight></codeline>
<codeline lineno="27"><highlight class="normal"></highlight><highlight class="preprocessor">#ifdef<sp/>__cplusplus</highlight><highlight class="normal"></highlight></codeline>
<codeline lineno="28"><highlight class="normal"></highlight><highlight class="keyword">extern</highlight><highlight class="normal"><sp/></highlight><highlight class="stringliteral">&quot;C&quot;</highlight><highlight class="normal"><sp/>{</highlight></codeline>
<codeline lineno="29"><highlight class="normal"></highlight><highlight class="preprocessor">#endif</highlight><highlight class="normal"></highlight></codeline>
<codeline lineno="30"><highlight class="normal"></highlight></codeline>
<codeline lineno="31"><highlight class="normal"></highlight></codeline>
<codeline lineno="41"><highlight class="normal">LINPHONE_PUBLIC<sp/><ref refid="group__misc_1ga888e911d654b9cf07b994538c28160de" kindref="member">LinphoneBuffer</ref><sp/>*<sp/><ref refid="group__misc_1gac50d9abdb5c99f7d7c0c9022312fdd00" kindref="member">linphone_buffer_new</ref>(</highlight><highlight class="keywordtype">void</highlight><highlight class="normal">);</highlight></codeline>
<codeline lineno="42"><highlight class="normal"></highlight></codeline>
<codeline lineno="49"><highlight class="normal">LINPHONE_PUBLIC<sp/><ref refid="group__misc_1ga888e911d654b9cf07b994538c28160de" kindref="member">LinphoneBuffer</ref><sp/>*<sp/><ref refid="group__misc_1ga62801fde929b49287f9c6e2d357378b2" kindref="member">linphone_buffer_new_from_data</ref>(</highlight><highlight class="keyword">const</highlight><highlight class="normal"><sp/>uint8_t<sp/>*data,<sp/></highlight><highlight class="keywordtype">size_t</highlight><highlight class="normal"><sp/>size);</highlight></codeline>
<codeline lineno="50"><highlight class="normal"></highlight></codeline>
<codeline lineno="56"><highlight class="normal">LINPHONE_PUBLIC<sp/><ref refid="group__misc_1ga888e911d654b9cf07b994538c28160de" kindref="member">LinphoneBuffer</ref><sp/>*<sp/><ref refid="group__misc_1ga9a9d1851af0281c5f7c30004318b3fb1" kindref="member">linphone_buffer_new_from_string</ref>(</highlight><highlight class="keyword">const</highlight><highlight class="normal"><sp/></highlight><highlight class="keywordtype">char</highlight><highlight class="normal"><sp/>*data);</highlight></codeline>
<codeline lineno="57"><highlight class="normal"></highlight></codeline>
<codeline lineno="63"><highlight class="normal">LINPHONE_PUBLIC<sp/><ref refid="group__misc_1ga888e911d654b9cf07b994538c28160de" kindref="member">LinphoneBuffer</ref><sp/>*<sp/><ref refid="group__misc_1ga7e68a22a2fe2b4bd5676ac8fd38a4fe1" kindref="member">linphone_buffer_ref</ref>(<ref refid="group__misc_1ga888e911d654b9cf07b994538c28160de" kindref="member">LinphoneBuffer</ref><sp/>*buffer);</highlight></codeline>
<codeline lineno="64"><highlight class="normal"></highlight></codeline>
<codeline lineno="69"><highlight class="normal">LINPHONE_PUBLIC<sp/></highlight><highlight class="keywordtype">void</highlight><highlight class="normal"><sp/><ref refid="group__misc_1ga423146ddd503413de5dbddf27c373e2d" kindref="member">linphone_buffer_unref</ref>(<ref refid="group__misc_1ga888e911d654b9cf07b994538c28160de" kindref="member">LinphoneBuffer</ref><sp/>*buffer);</highlight></codeline>
<codeline lineno="70"><highlight class="normal"></highlight></codeline>
<codeline lineno="76"><highlight class="normal">LINPHONE_PUBLIC<sp/></highlight><highlight class="keywordtype">void</highlight><highlight class="normal"><sp/>*<ref refid="group__misc_1gae34014eddc4799805da6ce4ece082186" kindref="member">linphone_buffer_get_user_data</ref>(</highlight><highlight class="keyword">const</highlight><highlight class="normal"><sp/><ref refid="group__misc_1ga888e911d654b9cf07b994538c28160de" kindref="member">LinphoneBuffer</ref><sp/>*buffer);</highlight></codeline>
<codeline lineno="77"><highlight class="normal"></highlight></codeline>
<codeline lineno="83"><highlight class="normal">LINPHONE_PUBLIC<sp/></highlight><highlight class="keywordtype">void</highlight><highlight class="normal"><sp/><ref refid="group__misc_1gab015fa020f4ab51e63823e5fb8b2e5c6" kindref="member">linphone_buffer_set_user_data</ref>(<ref refid="group__misc_1ga888e911d654b9cf07b994538c28160de" kindref="member">LinphoneBuffer</ref><sp/>*buffer,<sp/></highlight><highlight class="keywordtype">void</highlight><highlight class="normal"><sp/>*ud);</highlight></codeline>
<codeline lineno="84"><highlight class="normal"></highlight></codeline>
<codeline lineno="90"><highlight class="normal">LINPHONE_PUBLIC<sp/></highlight><highlight class="keyword">const</highlight><highlight class="normal"><sp/>uint8_t<sp/>*<sp/><ref refid="group__misc_1ga179fa8cdf68e85cf83777d6e0b6c86dc" kindref="member">linphone_buffer_get_content</ref>(</highlight><highlight class="keyword">const</highlight><highlight class="normal"><sp/><ref refid="group__misc_1ga888e911d654b9cf07b994538c28160de" kindref="member">LinphoneBuffer</ref><sp/>*buffer);</highlight></codeline>
<codeline lineno="91"><highlight class="normal"></highlight></codeline>
<codeline lineno="98"><highlight class="normal">LINPHONE_PUBLIC<sp/></highlight><highlight class="keywordtype">void</highlight><highlight class="normal"><sp/><ref refid="group__misc_1gae87fbd97f38a664e2fb10a9074e620d0" kindref="member">linphone_buffer_set_content</ref>(<ref refid="group__misc_1ga888e911d654b9cf07b994538c28160de" kindref="member">LinphoneBuffer</ref><sp/>*buffer,<sp/></highlight><highlight class="keyword">const</highlight><highlight class="normal"><sp/>uint8_t<sp/>*content,<sp/></highlight><highlight class="keywordtype">size_t</highlight><highlight class="normal"><sp/>size);</highlight></codeline>
<codeline lineno="99"><highlight class="normal"></highlight></codeline>
<codeline lineno="105"><highlight class="normal">LINPHONE_PUBLIC<sp/></highlight><highlight class="keyword">const</highlight><highlight class="normal"><sp/></highlight><highlight class="keywordtype">char</highlight><highlight class="normal"><sp/>*<sp/><ref refid="group__misc_1ga60a1f7e2be1aaa5ea378ee224dc3e110" kindref="member">linphone_buffer_get_string_content</ref>(</highlight><highlight class="keyword">const</highlight><highlight class="normal"><sp/><ref refid="group__misc_1ga888e911d654b9cf07b994538c28160de" kindref="member">LinphoneBuffer</ref><sp/>*buffer);</highlight></codeline>
<codeline lineno="106"><highlight class="normal"></highlight></codeline>
<codeline lineno="112"><highlight class="normal">LINPHONE_PUBLIC<sp/></highlight><highlight class="keywordtype">void</highlight><highlight class="normal"><sp/><ref refid="group__misc_1ga8537c5f3da986f2a50631078ae031466" kindref="member">linphone_buffer_set_string_content</ref>(<ref refid="group__misc_1ga888e911d654b9cf07b994538c28160de" kindref="member">LinphoneBuffer</ref><sp/>*buffer,<sp/></highlight><highlight class="keyword">const</highlight><highlight class="normal"><sp/></highlight><highlight class="keywordtype">char</highlight><highlight class="normal"><sp/>*content);</highlight></codeline>
<codeline lineno="113"><highlight class="normal"></highlight></codeline>
<codeline lineno="119"><highlight class="normal">LINPHONE_PUBLIC<sp/></highlight><highlight class="keywordtype">size_t</highlight><highlight class="normal"><sp/><ref refid="group__misc_1gabeeb25bd0d4460a42fecb6dd6e1a62ae" kindref="member">linphone_buffer_get_size</ref>(</highlight><highlight class="keyword">const</highlight><highlight class="normal"><sp/><ref refid="group__misc_1ga888e911d654b9cf07b994538c28160de" kindref="member">LinphoneBuffer</ref><sp/>*buffer);</highlight></codeline>
<codeline lineno="120"><highlight class="normal"></highlight></codeline>
<codeline lineno="126"><highlight class="normal">LINPHONE_PUBLIC<sp/></highlight><highlight class="keywordtype">void</highlight><highlight class="normal"><sp/><ref refid="group__misc_1ga9d725ea087b5d7670287573c2b0a7964" kindref="member">linphone_buffer_set_size</ref>(<ref refid="group__misc_1ga888e911d654b9cf07b994538c28160de" kindref="member">LinphoneBuffer</ref><sp/>*buffer,<sp/></highlight><highlight class="keywordtype">size_t</highlight><highlight class="normal"><sp/>size);</highlight></codeline>
<codeline lineno="127"><highlight class="normal"></highlight></codeline>
<codeline lineno="133"><highlight class="normal">LINPHONE_PUBLIC<sp/>bool_t<sp/><ref refid="group__misc_1ga449783c814a3f009ae7cee6a4ff43ed1" kindref="member">linphone_buffer_is_empty</ref>(</highlight><highlight class="keyword">const</highlight><highlight class="normal"><sp/><ref refid="group__misc_1ga888e911d654b9cf07b994538c28160de" kindref="member">LinphoneBuffer</ref><sp/>*buffer);</highlight></codeline>
<codeline lineno="134"><highlight class="normal"></highlight></codeline>
<codeline lineno="140"><highlight class="preprocessor">#ifdef<sp/>__cplusplus</highlight><highlight class="normal"></highlight></codeline>
<codeline lineno="141"><highlight class="normal">}</highlight></codeline>
<codeline lineno="142"><highlight class="normal"></highlight><highlight class="preprocessor">#endif</highlight><highlight class="normal"></highlight></codeline>
<codeline lineno="143"><highlight class="normal"></highlight></codeline>
<codeline lineno="144"><highlight class="normal"></highlight><highlight class="preprocessor">#endif<sp/></highlight><highlight class="comment">/*<sp/>LINPHONE_BUFFER_H_<sp/>*/</highlight><highlight class="preprocessor"></highlight></codeline>
    </programlisting>
    <location file="/Users/S0U1SB4N3/test006/linphone-desktop/submodules/linphone/include/linphone/buffer.h"/>
  </compounddef>
</doxygen>
