<?xml version='1.0' encoding='UTF-8' standalone='no'?>
<doxygen xmlns:xsi="http://www.w3.org/2001/XMLSchema-instance" xsi:noNamespaceSchemaLocation="compound.xsd" version="1.8.13">
  <compounddef id="chatroom_8c" kind="file" language="C++">
    <compoundname>chatroom.c</compoundname>
    <includes refid="core_8h" local="yes">linphone/core.h</includes>
    <includes local="no">signal.h</includes>
    <incdepgraph>
      <node id="27">
        <label>chatroom.c</label>
        <link refid="chatroom_8c"/>
        <childnode refid="28" relation="include">
        </childnode>
      </node>
      <node id="28">
        <label>signal.h</label>
      </node>
    </incdepgraph>
      <sectiondef kind="var">
      <memberdef kind="variable" id="chatroom_8c_1a873eb02d943c873d26b7ea9c74a0fb59" prot="public" static="yes" mutable="no">
        <type>bool_t</type>
        <definition>bool_t running</definition>
        <argsstring></argsstring>
        <name>running</name>
        <initializer>=TRUE</initializer>
        <briefdescription>
        </briefdescription>
        <detaileddescription>
        </detaileddescription>
        <inbodydescription>
        </inbodydescription>
        <location file="/Users/S0U1SB4N3/test006/linphone-desktop/submodules/linphone/coreapi/help/examples/C/chatroom.c" line="39" column="1" bodyfile="/Users/S0U1SB4N3/test006/linphone-desktop/submodules/linphone/coreapi/help/examples/C/chatroom.c" bodystart="39" bodyend="-1"/>
      </memberdef>
      <memberdef kind="variable" id="chatroom_8c_1ad393f046b5aa75c1e2491a53039fd01c" prot="public" static="no" mutable="no">
        <type><ref refid="group__initializing_1gaa5cf635b82dd338e7ee2dd3599d05f0a" kindref="member">LinphoneCore</ref> *</type>
        <definition>LinphoneCore* lc</definition>
        <argsstring></argsstring>
        <name>lc</name>
        <briefdescription>
        </briefdescription>
        <detaileddescription>
        </detaileddescription>
        <inbodydescription>
        </inbodydescription>
        <location file="/Users/S0U1SB4N3/test006/linphone-desktop/submodules/linphone/coreapi/help/examples/C/chatroom.c" line="49" column="1" bodyfile="/Users/S0U1SB4N3/test006/linphone-desktop/submodules/linphone/coreapi/help/examples/C/chatroom.c" bodystart="49" bodyend="-1"/>
      </memberdef>
      </sectiondef>
      <sectiondef kind="func">
      <memberdef kind="function" id="chatroom_8c_1a1ab8fd77778ea9e24fbb4c6fc11ece84" prot="public" static="yes" const="no" explicit="no" inline="no" virt="non-virtual">
        <type>void</type>
        <definition>static void stop</definition>
        <argsstring>(int signum)</argsstring>
        <name>stop</name>
        <param>
          <type>int</type>
          <declname>signum</declname>
        </param>
        <briefdescription>
        </briefdescription>
        <detaileddescription>
        </detaileddescription>
        <inbodydescription>
        </inbodydescription>
        <location file="/Users/S0U1SB4N3/test006/linphone-desktop/submodules/linphone/coreapi/help/examples/C/chatroom.c" line="41" column="1" bodyfile="/Users/S0U1SB4N3/test006/linphone-desktop/submodules/linphone/coreapi/help/examples/C/chatroom.c" bodystart="41" bodyend="43"/>
      </memberdef>
      <memberdef kind="function" id="chatroom_8c_1a8e4dfb0a2c452bd1fca63bfa80c86a9f" prot="public" static="no" const="no" explicit="no" inline="no" virt="non-virtual">
        <type>void</type>
        <definition>void text_received</definition>
        <argsstring>(LinphoneCore *lc, LinphoneChatRoom *room, const LinphoneAddress *from, const char *message)</argsstring>
        <name>text_received</name>
        <param>
          <type><ref refid="group__initializing_1gaa5cf635b82dd338e7ee2dd3599d05f0a" kindref="member">LinphoneCore</ref> *</type>
          <declname>lc</declname>
        </param>
        <param>
          <type><ref refid="group__chatroom_1ga37902f3fc715b7f6451c241d0efd0299" kindref="member">LinphoneChatRoom</ref> *</type>
          <declname>room</declname>
        </param>
        <param>
          <type>const <ref refid="group__linphone__address_1ga5af5a516ac253e3cda4f51b599a5385b" kindref="member">LinphoneAddress</ref> *</type>
          <declname>from</declname>
        </param>
        <param>
          <type>const char *</type>
          <declname>message</declname>
        </param>
        <briefdescription>
        </briefdescription>
        <detaileddescription>
        </detaileddescription>
        <inbodydescription>
        </inbodydescription>
        <location file="/Users/S0U1SB4N3/test006/linphone-desktop/submodules/linphone/coreapi/help/examples/C/chatroom.c" line="44" column="1" bodyfile="/Users/S0U1SB4N3/test006/linphone-desktop/submodules/linphone/coreapi/help/examples/C/chatroom.c" bodystart="44" bodyend="46"/>
      </memberdef>
      <memberdef kind="function" id="chatroom_8c_1a0ddf1224851353fc92bfbff6f499fa97" prot="public" static="no" const="no" explicit="no" inline="no" virt="non-virtual">
        <type>int</type>
        <definition>int main</definition>
        <argsstring>(int argc, char *argv[])</argsstring>
        <name>main</name>
        <param>
          <type>int</type>
          <declname>argc</declname>
        </param>
        <param>
          <type>char *</type>
          <declname>argv</declname>
          <array>[]</array>
        </param>
        <briefdescription>
        </briefdescription>
        <detaileddescription>
        </detaileddescription>
        <inbodydescription>
        </inbodydescription>
        <location file="/Users/S0U1SB4N3/test006/linphone-desktop/submodules/linphone/coreapi/help/examples/C/chatroom.c" line="50" column="1" bodyfile="/Users/S0U1SB4N3/test006/linphone-desktop/submodules/linphone/coreapi/help/examples/C/chatroom.c" bodystart="50" bodyend="94"/>
      </memberdef>
      </sectiondef>
    <briefdescription>
    </briefdescription>
    <detaileddescription>
    </detaileddescription>
    <programlisting>
<codeline lineno="1"><highlight class="normal"></highlight></codeline>
<codeline lineno="2"><highlight class="normal"></highlight><highlight class="comment">/*</highlight></codeline>
<codeline lineno="3"><highlight class="comment">linphone</highlight></codeline>
<codeline lineno="4"><highlight class="comment">Copyright<sp/>(C)<sp/>2010<sp/><sp/>Belledonne<sp/>Communications<sp/>SARL</highlight></codeline>
<codeline lineno="5"><highlight class="comment"></highlight></codeline>
<codeline lineno="6"><highlight class="comment">This<sp/>program<sp/>is<sp/>free<sp/>software;<sp/>you<sp/>can<sp/>redistribute<sp/>it<sp/>and/or</highlight></codeline>
<codeline lineno="7"><highlight class="comment">modify<sp/>it<sp/>under<sp/>the<sp/>terms<sp/>of<sp/>the<sp/>GNU<sp/>General<sp/>Public<sp/>License</highlight></codeline>
<codeline lineno="8"><highlight class="comment">as<sp/>published<sp/>by<sp/>the<sp/>Free<sp/>Software<sp/>Foundation;<sp/>either<sp/>version<sp/>2</highlight></codeline>
<codeline lineno="9"><highlight class="comment">of<sp/>the<sp/>License,<sp/>or<sp/>(at<sp/>your<sp/>option)<sp/>any<sp/>later<sp/>version.</highlight></codeline>
<codeline lineno="10"><highlight class="comment"></highlight></codeline>
<codeline lineno="11"><highlight class="comment">This<sp/>program<sp/>is<sp/>distributed<sp/>in<sp/>the<sp/>hope<sp/>that<sp/>it<sp/>will<sp/>be<sp/>useful,</highlight></codeline>
<codeline lineno="12"><highlight class="comment">but<sp/>WITHOUT<sp/>ANY<sp/>WARRANTY;<sp/>without<sp/>even<sp/>the<sp/>implied<sp/>warranty<sp/>of</highlight></codeline>
<codeline lineno="13"><highlight class="comment">MERCHANTABILITY<sp/>or<sp/>FITNESS<sp/>FOR<sp/>A<sp/>PARTICULAR<sp/>PURPOSE.<sp/><sp/>See<sp/>the</highlight></codeline>
<codeline lineno="14"><highlight class="comment">GNU<sp/>General<sp/>Public<sp/>License<sp/>for<sp/>more<sp/>details.</highlight></codeline>
<codeline lineno="15"><highlight class="comment"></highlight></codeline>
<codeline lineno="16"><highlight class="comment">You<sp/>should<sp/>have<sp/>received<sp/>a<sp/>copy<sp/>of<sp/>the<sp/>GNU<sp/>General<sp/>Public<sp/>License</highlight></codeline>
<codeline lineno="17"><highlight class="comment">along<sp/>with<sp/>this<sp/>program;<sp/>if<sp/>not,<sp/>write<sp/>to<sp/>the<sp/>Free<sp/>Software</highlight></codeline>
<codeline lineno="18"><highlight class="comment">Foundation,<sp/>Inc.,<sp/>51<sp/>Franklin<sp/>Street,<sp/>Fifth<sp/>Floor,<sp/>Boston,<sp/>MA<sp/><sp/>02110-1301,<sp/>USA.</highlight></codeline>
<codeline lineno="19"><highlight class="comment">*/</highlight><highlight class="normal"></highlight></codeline>
<codeline lineno="20"><highlight class="normal"></highlight></codeline>
<codeline lineno="35"><highlight class="preprocessor">#include<sp/>&quot;linphone/core.h&quot;</highlight><highlight class="normal"></highlight></codeline>
<codeline lineno="36"><highlight class="normal"></highlight></codeline>
<codeline lineno="37"><highlight class="normal"></highlight><highlight class="preprocessor">#include<sp/>&lt;signal.h&gt;</highlight><highlight class="normal"></highlight></codeline>
<codeline lineno="38"><highlight class="normal"></highlight></codeline>
<codeline lineno="39"><highlight class="normal"></highlight><highlight class="keyword">static</highlight><highlight class="normal"><sp/>bool_t<sp/>running=TRUE;</highlight></codeline>
<codeline lineno="40"><highlight class="normal"></highlight></codeline>
<codeline lineno="41"><highlight class="normal"></highlight><highlight class="keyword">static</highlight><highlight class="normal"><sp/></highlight><highlight class="keywordtype">void</highlight><highlight class="normal"><sp/>stop(</highlight><highlight class="keywordtype">int</highlight><highlight class="normal"><sp/>signum){</highlight></codeline>
<codeline lineno="42"><highlight class="normal"><sp/><sp/><sp/><sp/><sp/><sp/><sp/><sp/>running=FALSE;</highlight></codeline>
<codeline lineno="43"><highlight class="normal">}</highlight></codeline>
<codeline lineno="44"><highlight class="normal"></highlight><highlight class="keywordtype">void</highlight><highlight class="normal"><sp/>text_received(<ref refid="group__initializing_1gaa5cf635b82dd338e7ee2dd3599d05f0a" kindref="member">LinphoneCore</ref><sp/>*lc,<sp/><ref refid="group__chatroom_1ga37902f3fc715b7f6451c241d0efd0299" kindref="member">LinphoneChatRoom</ref><sp/>*room,<sp/></highlight><highlight class="keyword">const</highlight><highlight class="normal"><sp/><ref refid="group__linphone__address_1ga5af5a516ac253e3cda4f51b599a5385b" kindref="member">LinphoneAddress</ref><sp/>*from,<sp/></highlight><highlight class="keyword">const</highlight><highlight class="normal"><sp/></highlight><highlight class="keywordtype">char</highlight><highlight class="normal"><sp/>*message)<sp/>{</highlight></codeline>
<codeline lineno="45"><highlight class="normal"><sp/><sp/><sp/><sp/><sp/><sp/><sp/><sp/>printf(</highlight><highlight class="stringliteral">&quot;<sp/>Message<sp/>[%s]<sp/>received<sp/>from<sp/>[%s]<sp/>\n&quot;</highlight><highlight class="normal">,message,<ref refid="group__linphone__address_1ga24c1a16f49f8b72f2bab65cc5d8a51af" kindref="member">linphone_address_as_string</ref><sp/>(from));</highlight></codeline>
<codeline lineno="46"><highlight class="normal">}</highlight></codeline>
<codeline lineno="47"><highlight class="normal"></highlight></codeline>
<codeline lineno="48"><highlight class="normal"></highlight></codeline>
<codeline lineno="49"><highlight class="normal"><ref refid="group__initializing_1gaa5cf635b82dd338e7ee2dd3599d05f0a" kindref="member">LinphoneCore</ref><sp/>*lc;</highlight></codeline>
<codeline lineno="50"><highlight class="normal"></highlight><highlight class="keywordtype">int</highlight><highlight class="normal"><sp/>main(</highlight><highlight class="keywordtype">int</highlight><highlight class="normal"><sp/>argc,<sp/></highlight><highlight class="keywordtype">char</highlight><highlight class="normal"><sp/>*argv[]){</highlight></codeline>
<codeline lineno="51"><highlight class="normal"><sp/><sp/><sp/><sp/><sp/><sp/><sp/><sp/><ref refid="struct__LinphoneCoreVTable" kindref="compound">LinphoneCoreVTable</ref><sp/>vtable={0};</highlight></codeline>
<codeline lineno="52"><highlight class="normal"></highlight></codeline>
<codeline lineno="53"><highlight class="normal"><sp/><sp/><sp/><sp/><sp/><sp/><sp/><sp/></highlight><highlight class="keywordtype">char</highlight><highlight class="normal">*<sp/>dest_friend=NULL;</highlight></codeline>
<codeline lineno="54"><highlight class="normal"><sp/><sp/><sp/><sp/><sp/><sp/><sp/><sp/><ref refid="group__chatroom_1ga37902f3fc715b7f6451c241d0efd0299" kindref="member">LinphoneChatRoom</ref>*<sp/>chat_room;</highlight></codeline>
<codeline lineno="55"><highlight class="normal"></highlight></codeline>
<codeline lineno="56"><highlight class="normal"><sp/><sp/><sp/><sp/><sp/><sp/><sp/><sp/></highlight><highlight class="comment">/*<sp/>takes<sp/><sp/><sp/>sip<sp/>uri<sp/><sp/>identity<sp/>from<sp/>the<sp/>command<sp/>line<sp/>arguments<sp/>*/</highlight><highlight class="normal"></highlight></codeline>
<codeline lineno="57"><highlight class="normal"><sp/><sp/><sp/><sp/><sp/><sp/><sp/><sp/></highlight><highlight class="keywordflow">if</highlight><highlight class="normal"><sp/>(argc&gt;1){</highlight></codeline>
<codeline lineno="58"><highlight class="normal"><sp/><sp/><sp/><sp/><sp/><sp/><sp/><sp/><sp/><sp/><sp/><sp/><sp/><sp/><sp/><sp/>dest_friend=argv[1];</highlight></codeline>
<codeline lineno="59"><highlight class="normal"><sp/><sp/><sp/><sp/><sp/><sp/><sp/><sp/>}</highlight></codeline>
<codeline lineno="60"><highlight class="normal"></highlight></codeline>
<codeline lineno="61"><highlight class="normal"><sp/><sp/><sp/><sp/><sp/><sp/><sp/><sp/>signal(SIGINT,stop);</highlight></codeline>
<codeline lineno="62"><highlight class="normal"></highlight><highlight class="comment">//#define<sp/>DEBUG</highlight><highlight class="normal"></highlight></codeline>
<codeline lineno="63"><highlight class="normal"></highlight><highlight class="preprocessor">#ifdef<sp/>DEBUG</highlight><highlight class="normal"></highlight></codeline>
<codeline lineno="64"><highlight class="normal"><sp/><sp/><sp/><sp/><sp/><sp/><sp/><sp/><ref refid="group__initializing_1ga44ae39ab2801b46f4a56ae70f8735c8e" kindref="member">linphone_core_enable_logs</ref>(NULL);<sp/></highlight><highlight class="comment">/*enable<sp/>liblinphone<sp/>logs.*/</highlight><highlight class="normal"></highlight></codeline>
<codeline lineno="65"><highlight class="normal"></highlight><highlight class="preprocessor">#endif</highlight><highlight class="normal"></highlight></codeline>
<codeline lineno="66"><highlight class="normal"><sp/><sp/><sp/><sp/><sp/><sp/><sp/><sp/></highlight><highlight class="comment">/*</highlight></codeline>
<codeline lineno="67"><highlight class="comment"><sp/><sp/><sp/><sp/><sp/><sp/><sp/><sp/><sp/>Fill<sp/>the<sp/>LinphoneCoreVTable<sp/>with<sp/>application<sp/>callbacks.</highlight></codeline>
<codeline lineno="68"><highlight class="comment"><sp/><sp/><sp/><sp/><sp/><sp/><sp/><sp/><sp/>All<sp/>are<sp/>optional.<sp/>Here<sp/>we<sp/>only<sp/>use<sp/>the<sp/>text_received<sp/>callback</highlight></codeline>
<codeline lineno="69"><highlight class="comment"><sp/><sp/><sp/><sp/><sp/><sp/><sp/><sp/><sp/>in<sp/>order<sp/>to<sp/>get<sp/>notifications<sp/>about<sp/>incoming<sp/>message.</highlight></codeline>
<codeline lineno="70"><highlight class="comment"><sp/><sp/><sp/><sp/><sp/><sp/><sp/><sp/><sp/>*/</highlight><highlight class="normal"></highlight></codeline>
<codeline lineno="71"><highlight class="normal"><sp/><sp/><sp/><sp/><sp/><sp/><sp/><sp/>vtable.<ref refid="struct__LinphoneCoreVTable_1aa8c03429942bf96b1ad5420d406114c8" kindref="member">text_received</ref>=text_received;</highlight></codeline>
<codeline lineno="72"><highlight class="normal"></highlight></codeline>
<codeline lineno="73"><highlight class="normal"><sp/><sp/><sp/><sp/><sp/><sp/><sp/><sp/></highlight><highlight class="comment">/*</highlight></codeline>
<codeline lineno="74"><highlight class="comment"><sp/><sp/><sp/><sp/><sp/><sp/><sp/><sp/><sp/>Instantiate<sp/>a<sp/>LinphoneCore<sp/>object<sp/>given<sp/>the<sp/>LinphoneCoreVTable</highlight></codeline>
<codeline lineno="75"><highlight class="comment"><sp/><sp/><sp/><sp/><sp/><sp/><sp/><sp/>*/</highlight><highlight class="normal"></highlight></codeline>
<codeline lineno="76"><highlight class="normal"><sp/><sp/><sp/><sp/><sp/><sp/><sp/><sp/>lc=<ref refid="group__initializing_1ga9601ae3c81a1bbf110e84a1a484f3fee" kindref="member">linphone_core_new</ref>(&amp;vtable,NULL,NULL,NULL);</highlight></codeline>
<codeline lineno="77"><highlight class="normal"></highlight></codeline>
<codeline lineno="78"><highlight class="normal"></highlight></codeline>
<codeline lineno="79"><highlight class="normal"><sp/><sp/><sp/><sp/><sp/><sp/><sp/><sp/></highlight><highlight class="comment">/*Next<sp/>step<sp/>is<sp/>to<sp/>create<sp/>a<sp/>chat<sp/>root*/</highlight><highlight class="normal"></highlight></codeline>
<codeline lineno="80"><highlight class="normal"><sp/><sp/><sp/><sp/><sp/><sp/><sp/><sp/>chat_room<sp/>=<sp/><ref refid="group__chatroom_1ga0773908efaefd1e00b4b39d2ad20414c" kindref="member">linphone_core_get_chat_room_from_uri</ref>(lc,dest_friend);</highlight></codeline>
<codeline lineno="81"><highlight class="normal"></highlight></codeline>
<codeline lineno="82"><highlight class="normal"><sp/><sp/><sp/><sp/><sp/><sp/><sp/><sp/><ref refid="group__chatroom_1gad22a10b819a4a33f6dc12d88b64e5537" kindref="member">linphone_chat_room_send_message</ref>(chat_room,</highlight><highlight class="stringliteral">&quot;Hello<sp/>world&quot;</highlight><highlight class="normal">);<sp/></highlight><highlight class="comment">/*sending<sp/>message*/</highlight><highlight class="normal"></highlight></codeline>
<codeline lineno="83"><highlight class="normal"></highlight></codeline>
<codeline lineno="84"><highlight class="normal"><sp/><sp/><sp/><sp/><sp/><sp/><sp/><sp/></highlight><highlight class="comment">/*<sp/>main<sp/>loop<sp/>for<sp/>receiving<sp/>incoming<sp/>messages<sp/>and<sp/>doing<sp/>background<sp/>linphone<sp/>core<sp/>work:<sp/>*/</highlight><highlight class="normal"></highlight></codeline>
<codeline lineno="85"><highlight class="normal"><sp/><sp/><sp/><sp/><sp/><sp/><sp/><sp/></highlight><highlight class="keywordflow">while</highlight><highlight class="normal">(running){</highlight></codeline>
<codeline lineno="86"><highlight class="normal"><sp/><sp/><sp/><sp/><sp/><sp/><sp/><sp/><sp/><sp/><sp/><sp/><sp/><sp/><sp/><sp/><ref refid="group__initializing_1ga7bdac8ac386483fc4e0876e4c5d13755" kindref="member">linphone_core_iterate</ref>(lc);</highlight></codeline>
<codeline lineno="87"><highlight class="normal"><sp/><sp/><sp/><sp/><sp/><sp/><sp/><sp/><sp/><sp/><sp/><sp/><sp/><sp/><sp/><sp/>ms_usleep(50000);</highlight></codeline>
<codeline lineno="88"><highlight class="normal"><sp/><sp/><sp/><sp/><sp/><sp/><sp/><sp/>}</highlight></codeline>
<codeline lineno="89"><highlight class="normal"></highlight></codeline>
<codeline lineno="90"><highlight class="normal"><sp/><sp/><sp/><sp/><sp/><sp/><sp/><sp/>printf(</highlight><highlight class="stringliteral">&quot;Shutting<sp/>down...\n&quot;</highlight><highlight class="normal">);</highlight></codeline>
<codeline lineno="91"><highlight class="normal"><sp/><sp/><sp/><sp/><sp/><sp/><sp/><sp/><ref refid="group__initializing_1ga500dcd7902ff1b67335134687bf2851d" kindref="member">linphone_core_destroy</ref>(lc);</highlight></codeline>
<codeline lineno="92"><highlight class="normal"><sp/><sp/><sp/><sp/><sp/><sp/><sp/><sp/>printf(</highlight><highlight class="stringliteral">&quot;Exited\n&quot;</highlight><highlight class="normal">);</highlight></codeline>
<codeline lineno="93"><highlight class="normal"><sp/><sp/><sp/><sp/><sp/><sp/><sp/><sp/></highlight><highlight class="keywordflow">return</highlight><highlight class="normal"><sp/>0;</highlight></codeline>
<codeline lineno="94"><highlight class="normal">}</highlight></codeline>
<codeline lineno="95"><highlight class="normal"></highlight></codeline>
    </programlisting>
    <location file="/Users/S0U1SB4N3/test006/linphone-desktop/submodules/linphone/coreapi/help/examples/C/chatroom.c"/>
  </compounddef>
</doxygen>
