<?xml version='1.0' encoding='UTF-8' standalone='no'?>
<doxygen xmlns:xsi="http://www.w3.org/2001/XMLSchema-instance" xsi:noNamespaceSchemaLocation="compound.xsd" version="1.8.13">
  <compounddef id="contactprovider_8h" kind="file" language="C++">
    <compoundname>contactprovider.h</compoundname>
    <includes refid="core_8h" local="yes">linphone/core.h</includes>
    <includedby refid="ldapprovider_8h" local="yes">ldapprovider.h</includedby>
      <sectiondef kind="func">
      <memberdef kind="function" id="contactprovider_8h_1a44e4f02915b8926343b843e6082fd460" prot="public" static="no" const="no" explicit="no" inline="no" virt="non-virtual">
        <type>void</type>
        <definition>void linphone_contact_search_init</definition>
        <argsstring>(LinphoneContactSearch *obj, const char *predicate, ContactSearchCallback cb, void *cb_data)</argsstring>
        <name>linphone_contact_search_init</name>
        <param>
          <type>LinphoneContactSearch *</type>
          <declname>obj</declname>
        </param>
        <param>
          <type>const char *</type>
          <declname>predicate</declname>
        </param>
        <param>
          <type>ContactSearchCallback</type>
          <declname>cb</declname>
        </param>
        <param>
          <type>void *</type>
          <declname>cb_data</declname>
        </param>
        <briefdescription>
        </briefdescription>
        <detaileddescription>
        </detaileddescription>
        <inbodydescription>
        </inbodydescription>
        <location file="/Users/S0U1SB4N3/test006/linphone-desktop/submodules/linphone/include/linphone/contactprovider.h" line="30" column="1"/>
      </memberdef>
      <memberdef kind="function" id="contactprovider_8h_1a883648feb7868aca37f15e6a80ce4f6c" prot="public" static="no" const="no" explicit="no" inline="no" virt="non-virtual">
        <type>LinphoneContactSearchID</type>
        <definition>LinphoneContactSearchID linphone_contact_search_get_id</definition>
        <argsstring>(LinphoneContactSearch *obj)</argsstring>
        <name>linphone_contact_search_get_id</name>
        <param>
          <type>LinphoneContactSearch *</type>
          <declname>obj</declname>
        </param>
        <briefdescription>
        </briefdescription>
        <detaileddescription>
        </detaileddescription>
        <inbodydescription>
        </inbodydescription>
        <location file="/Users/S0U1SB4N3/test006/linphone-desktop/submodules/linphone/include/linphone/contactprovider.h" line="31" column="1"/>
      </memberdef>
      <memberdef kind="function" id="contactprovider_8h_1a537088eeeeb0d07bdf7f393b22745435" prot="public" static="no" const="no" explicit="no" inline="no" virt="non-virtual">
        <type>const char *</type>
        <definition>const char* linphone_contact_search_get_predicate</definition>
        <argsstring>(LinphoneContactSearch *obj)</argsstring>
        <name>linphone_contact_search_get_predicate</name>
        <param>
          <type>LinphoneContactSearch *</type>
          <declname>obj</declname>
        </param>
        <briefdescription>
        </briefdescription>
        <detaileddescription>
        </detaileddescription>
        <inbodydescription>
        </inbodydescription>
        <location file="/Users/S0U1SB4N3/test006/linphone-desktop/submodules/linphone/include/linphone/contactprovider.h" line="32" column="1"/>
      </memberdef>
      <memberdef kind="function" id="contactprovider_8h_1af4274f19fa631fbfe85e6c61f5044d08" prot="public" static="no" const="no" explicit="no" inline="no" virt="non-virtual">
        <type>void</type>
        <definition>void linphone_contact_search_invoke_cb</definition>
        <argsstring>(LinphoneContactSearch *req, MSList *friends)</argsstring>
        <name>linphone_contact_search_invoke_cb</name>
        <param>
          <type>LinphoneContactSearch *</type>
          <declname>req</declname>
        </param>
        <param>
          <type>MSList *</type>
          <declname>friends</declname>
        </param>
        <briefdescription>
        </briefdescription>
        <detaileddescription>
        </detaileddescription>
        <inbodydescription>
        </inbodydescription>
        <location file="/Users/S0U1SB4N3/test006/linphone-desktop/submodules/linphone/include/linphone/contactprovider.h" line="33" column="1"/>
      </memberdef>
      <memberdef kind="function" id="contactprovider_8h_1ab5908692fcc7773b957ab166a53eb452" prot="public" static="no" const="no" explicit="no" inline="no" virt="non-virtual">
        <type>LinphoneContactSearch *</type>
        <definition>LinphoneContactSearch* linphone_contact_search_ref</definition>
        <argsstring>(void *obj)</argsstring>
        <name>linphone_contact_search_ref</name>
        <param>
          <type>void *</type>
          <declname>obj</declname>
        </param>
        <briefdescription>
        </briefdescription>
        <detaileddescription>
        </detaileddescription>
        <inbodydescription>
        </inbodydescription>
        <location file="/Users/S0U1SB4N3/test006/linphone-desktop/submodules/linphone/include/linphone/contactprovider.h" line="34" column="1"/>
      </memberdef>
      <memberdef kind="function" id="contactprovider_8h_1a295f795bec460840f2dee2ea014203d3" prot="public" static="no" const="no" explicit="no" inline="no" virt="non-virtual">
        <type>void</type>
        <definition>void linphone_contact_search_unref</definition>
        <argsstring>(void *obj)</argsstring>
        <name>linphone_contact_search_unref</name>
        <param>
          <type>void *</type>
          <declname>obj</declname>
        </param>
        <briefdescription>
        </briefdescription>
        <detaileddescription>
        </detaileddescription>
        <inbodydescription>
        </inbodydescription>
        <location file="/Users/S0U1SB4N3/test006/linphone-desktop/submodules/linphone/include/linphone/contactprovider.h" line="35" column="1"/>
      </memberdef>
      <memberdef kind="function" id="contactprovider_8h_1ae904d21d43e1a741a75a8c4c7800de33" prot="public" static="no" const="no" explicit="no" inline="no" virt="non-virtual">
        <type>LinphoneContactSearch *</type>
        <definition>LinphoneContactSearch* linphone_contact_search_cast</definition>
        <argsstring>(void *obj)</argsstring>
        <name>linphone_contact_search_cast</name>
        <param>
          <type>void *</type>
          <declname>obj</declname>
        </param>
        <briefdescription>
        </briefdescription>
        <detaileddescription>
        </detaileddescription>
        <inbodydescription>
        </inbodydescription>
        <location file="/Users/S0U1SB4N3/test006/linphone-desktop/submodules/linphone/include/linphone/contactprovider.h" line="36" column="1"/>
      </memberdef>
      <memberdef kind="function" id="contactprovider_8h_1a5274b0b1054cbe54f1dbd238dc07437f" prot="public" static="no" const="no" explicit="no" inline="no" virt="non-virtual">
        <type>void</type>
        <definition>void linphone_contact_provider_init</definition>
        <argsstring>(LinphoneContactProvider *obj, LinphoneCore *lc)</argsstring>
        <name>linphone_contact_provider_init</name>
        <param>
          <type>LinphoneContactProvider *</type>
          <declname>obj</declname>
        </param>
        <param>
          <type><ref refid="group__initializing_1gaa5cf635b82dd338e7ee2dd3599d05f0a" kindref="member">LinphoneCore</ref> *</type>
          <declname>lc</declname>
        </param>
        <briefdescription>
        </briefdescription>
        <detaileddescription>
        </detaileddescription>
        <inbodydescription>
        </inbodydescription>
        <location file="/Users/S0U1SB4N3/test006/linphone-desktop/submodules/linphone/include/linphone/contactprovider.h" line="41" column="1"/>
      </memberdef>
      <memberdef kind="function" id="contactprovider_8h_1ab7da96706fd749e25fa27929b2b7b6f2" prot="public" static="no" const="no" explicit="no" inline="no" virt="non-virtual">
        <type><ref refid="group__initializing_1gaa5cf635b82dd338e7ee2dd3599d05f0a" kindref="member">LinphoneCore</ref> *</type>
        <definition>LinphoneCore* linphone_contact_provider_get_core</definition>
        <argsstring>(LinphoneContactProvider *obj)</argsstring>
        <name>linphone_contact_provider_get_core</name>
        <param>
          <type>LinphoneContactProvider *</type>
          <declname>obj</declname>
        </param>
        <briefdescription>
        </briefdescription>
        <detaileddescription>
        </detaileddescription>
        <inbodydescription>
        </inbodydescription>
        <location file="/Users/S0U1SB4N3/test006/linphone-desktop/submodules/linphone/include/linphone/contactprovider.h" line="42" column="1"/>
      </memberdef>
      <memberdef kind="function" id="contactprovider_8h_1a11c15a79f2a7de58a8290242ed22c5fe" prot="public" static="no" const="no" explicit="no" inline="no" virt="non-virtual">
        <type>const char *</type>
        <definition>const char* linphone_contact_provider_get_name</definition>
        <argsstring>(LinphoneContactProvider *obj)</argsstring>
        <name>linphone_contact_provider_get_name</name>
        <param>
          <type>LinphoneContactProvider *</type>
          <declname>obj</declname>
        </param>
        <briefdescription>
        </briefdescription>
        <detaileddescription>
        </detaileddescription>
        <inbodydescription>
        </inbodydescription>
        <location file="/Users/S0U1SB4N3/test006/linphone-desktop/submodules/linphone/include/linphone/contactprovider.h" line="43" column="1"/>
      </memberdef>
      <memberdef kind="function" id="contactprovider_8h_1a5f45976a65df8d899528ca30f5434e45" prot="public" static="no" const="no" explicit="no" inline="no" virt="non-virtual">
        <type>LinphoneContactProvider *</type>
        <definition>LinphoneContactProvider* linphone_contact_provider_ref</definition>
        <argsstring>(void *obj)</argsstring>
        <name>linphone_contact_provider_ref</name>
        <param>
          <type>void *</type>
          <declname>obj</declname>
        </param>
        <briefdescription>
        </briefdescription>
        <detaileddescription>
        </detaileddescription>
        <inbodydescription>
        </inbodydescription>
        <location file="/Users/S0U1SB4N3/test006/linphone-desktop/submodules/linphone/include/linphone/contactprovider.h" line="44" column="1"/>
      </memberdef>
      <memberdef kind="function" id="contactprovider_8h_1a8e03b7accc29dc4b5c6defee62b1090f" prot="public" static="no" const="no" explicit="no" inline="no" virt="non-virtual">
        <type>void</type>
        <definition>void linphone_contact_provider_unref</definition>
        <argsstring>(void *obj)</argsstring>
        <name>linphone_contact_provider_unref</name>
        <param>
          <type>void *</type>
          <declname>obj</declname>
        </param>
        <briefdescription>
        </briefdescription>
        <detaileddescription>
        </detaileddescription>
        <inbodydescription>
        </inbodydescription>
        <location file="/Users/S0U1SB4N3/test006/linphone-desktop/submodules/linphone/include/linphone/contactprovider.h" line="45" column="1"/>
      </memberdef>
      <memberdef kind="function" id="contactprovider_8h_1a9836d0edf055bb61d724818d633c43ef" prot="public" static="no" const="no" explicit="no" inline="no" virt="non-virtual">
        <type>LinphoneContactProvider *</type>
        <definition>LinphoneContactProvider* linphone_contact_provider_cast</definition>
        <argsstring>(void *obj)</argsstring>
        <name>linphone_contact_provider_cast</name>
        <param>
          <type>void *</type>
          <declname>obj</declname>
        </param>
        <briefdescription>
        </briefdescription>
        <detaileddescription>
        </detaileddescription>
        <inbodydescription>
        </inbodydescription>
        <location file="/Users/S0U1SB4N3/test006/linphone-desktop/submodules/linphone/include/linphone/contactprovider.h" line="46" column="1"/>
      </memberdef>
      <memberdef kind="function" id="contactprovider_8h_1a608750d0743133b0e486a5178baa5be7" prot="public" static="no" const="no" explicit="no" inline="no" virt="non-virtual">
        <type>LinphoneContactSearch *</type>
        <definition>LinphoneContactSearch* linphone_contact_provider_begin_search</definition>
        <argsstring>(LinphoneContactProvider *obj, const char *predicate, ContactSearchCallback cb, void *data)</argsstring>
        <name>linphone_contact_provider_begin_search</name>
        <param>
          <type>LinphoneContactProvider *</type>
          <declname>obj</declname>
        </param>
        <param>
          <type>const char *</type>
          <declname>predicate</declname>
        </param>
        <param>
          <type>ContactSearchCallback</type>
          <declname>cb</declname>
        </param>
        <param>
          <type>void *</type>
          <declname>data</declname>
        </param>
        <briefdescription>
        </briefdescription>
        <detaileddescription>
        </detaileddescription>
        <inbodydescription>
        </inbodydescription>
        <location file="/Users/S0U1SB4N3/test006/linphone-desktop/submodules/linphone/include/linphone/contactprovider.h" line="48" column="1"/>
      </memberdef>
      <memberdef kind="function" id="contactprovider_8h_1a47c775530ddbb5aad0a4ec6ec191788d" prot="public" static="no" const="no" explicit="no" inline="no" virt="non-virtual">
        <type>unsigned int</type>
        <definition>unsigned int linphone_contact_provider_cancel_search</definition>
        <argsstring>(LinphoneContactProvider *obj, LinphoneContactSearch *request)</argsstring>
        <name>linphone_contact_provider_cancel_search</name>
        <param>
          <type>LinphoneContactProvider *</type>
          <declname>obj</declname>
        </param>
        <param>
          <type>LinphoneContactSearch *</type>
          <declname>request</declname>
        </param>
        <briefdescription>
        </briefdescription>
        <detaileddescription>
        </detaileddescription>
        <inbodydescription>
        </inbodydescription>
        <location file="/Users/S0U1SB4N3/test006/linphone-desktop/submodules/linphone/include/linphone/contactprovider.h" line="49" column="1"/>
      </memberdef>
      </sectiondef>
    <briefdescription>
    </briefdescription>
    <detaileddescription>
    </detaileddescription>
    <programlisting>
<codeline lineno="1"><highlight class="comment">/*</highlight></codeline>
<codeline lineno="2"><highlight class="comment"><sp/>*<sp/><sp/>This<sp/>program<sp/>is<sp/>free<sp/>software;<sp/>you<sp/>can<sp/>redistribute<sp/>it<sp/>and/or<sp/>modify</highlight></codeline>
<codeline lineno="3"><highlight class="comment"><sp/>*<sp/><sp/>it<sp/>under<sp/>the<sp/>terms<sp/>of<sp/>the<sp/>GNU<sp/>General<sp/>Public<sp/>License<sp/>as<sp/>published<sp/>by</highlight></codeline>
<codeline lineno="4"><highlight class="comment"><sp/>*<sp/><sp/>the<sp/>Free<sp/>Software<sp/>Foundation;<sp/>either<sp/>version<sp/>2<sp/>of<sp/>the<sp/>License,<sp/>or</highlight></codeline>
<codeline lineno="5"><highlight class="comment"><sp/>*<sp/><sp/>(at<sp/>your<sp/>option)<sp/>any<sp/>later<sp/>version.</highlight></codeline>
<codeline lineno="6"><highlight class="comment"><sp/>*</highlight></codeline>
<codeline lineno="7"><highlight class="comment"><sp/>*<sp/><sp/>This<sp/>program<sp/>is<sp/>distributed<sp/>in<sp/>the<sp/>hope<sp/>that<sp/>it<sp/>will<sp/>be<sp/>useful,</highlight></codeline>
<codeline lineno="8"><highlight class="comment"><sp/>*<sp/><sp/>but<sp/>WITHOUT<sp/>ANY<sp/>WARRANTY;<sp/>without<sp/>even<sp/>the<sp/>implied<sp/>warranty<sp/>of</highlight></codeline>
<codeline lineno="9"><highlight class="comment"><sp/>*<sp/><sp/>MERCHANTABILITY<sp/>or<sp/>FITNESS<sp/>FOR<sp/>A<sp/>PARTICULAR<sp/>PURPOSE.<sp/><sp/>See<sp/>the</highlight></codeline>
<codeline lineno="10"><highlight class="comment"><sp/>*<sp/><sp/>GNU<sp/>Library<sp/>General<sp/>Public<sp/>License<sp/>for<sp/>more<sp/>details.</highlight></codeline>
<codeline lineno="11"><highlight class="comment"><sp/>*</highlight></codeline>
<codeline lineno="12"><highlight class="comment"><sp/>*<sp/><sp/>You<sp/>should<sp/>have<sp/>received<sp/>a<sp/>copy<sp/>of<sp/>the<sp/>GNU<sp/>General<sp/>Public<sp/>License</highlight></codeline>
<codeline lineno="13"><highlight class="comment"><sp/>*<sp/><sp/>along<sp/>with<sp/>this<sp/>program;<sp/>if<sp/>not,<sp/>write<sp/>to<sp/>the<sp/>Free<sp/>Software</highlight></codeline>
<codeline lineno="14"><highlight class="comment"><sp/>*<sp/><sp/>Foundation,<sp/>Inc.,<sp/>59<sp/>Temple<sp/>Place<sp/>-<sp/>Suite<sp/>330,<sp/>Boston,<sp/>MA<sp/>02111-1307,<sp/>USA.</highlight></codeline>
<codeline lineno="15"><highlight class="comment"><sp/>*/</highlight><highlight class="normal"></highlight></codeline>
<codeline lineno="16"><highlight class="normal"></highlight></codeline>
<codeline lineno="17"><highlight class="normal"></highlight><highlight class="preprocessor">#ifndef<sp/>LINPHONE_CONTACTPROVIDER_H_</highlight><highlight class="normal"></highlight></codeline>
<codeline lineno="18"><highlight class="normal"></highlight><highlight class="preprocessor">#define<sp/>LINPHONE_CONTACTPROVIDER_H_</highlight><highlight class="normal"></highlight></codeline>
<codeline lineno="19"><highlight class="normal"></highlight></codeline>
<codeline lineno="20"><highlight class="normal"></highlight></codeline>
<codeline lineno="21"><highlight class="normal"></highlight><highlight class="preprocessor">#include<sp/>&quot;linphone/core.h&quot;</highlight><highlight class="normal"></highlight></codeline>
<codeline lineno="22"><highlight class="normal"></highlight></codeline>
<codeline lineno="23"><highlight class="normal"></highlight></codeline>
<codeline lineno="24"><highlight class="normal"></highlight><highlight class="preprocessor">#ifdef<sp/>__cplusplus</highlight><highlight class="normal"></highlight></codeline>
<codeline lineno="25"><highlight class="normal"></highlight><highlight class="keyword">extern</highlight><highlight class="normal"><sp/></highlight><highlight class="stringliteral">&quot;C&quot;</highlight><highlight class="normal"><sp/>{</highlight></codeline>
<codeline lineno="26"><highlight class="normal"></highlight><highlight class="preprocessor">#endif</highlight><highlight class="normal"></highlight></codeline>
<codeline lineno="27"><highlight class="normal"></highlight></codeline>
<codeline lineno="28"><highlight class="normal"></highlight><highlight class="comment">/*<sp/>LinphoneContactSearchRequest<sp/>*/</highlight><highlight class="normal"></highlight></codeline>
<codeline lineno="29"><highlight class="normal"></highlight></codeline>
<codeline lineno="30"><highlight class="normal"></highlight><highlight class="keywordtype">void</highlight><highlight class="normal"><sp/>linphone_contact_search_init(LinphoneContactSearch<sp/>*obj,<sp/></highlight><highlight class="keyword">const</highlight><highlight class="normal"><sp/></highlight><highlight class="keywordtype">char</highlight><highlight class="normal"><sp/>*predicate,<sp/>ContactSearchCallback<sp/>cb,<sp/></highlight><highlight class="keywordtype">void</highlight><highlight class="normal"><sp/>*cb_data);</highlight></codeline>
<codeline lineno="31"><highlight class="normal">LinphoneContactSearchID<sp/>linphone_contact_search_get_id(LinphoneContactSearch<sp/>*obj);</highlight></codeline>
<codeline lineno="32"><highlight class="normal"></highlight><highlight class="keyword">const</highlight><highlight class="normal"><sp/></highlight><highlight class="keywordtype">char</highlight><highlight class="normal">*<sp/>linphone_contact_search_get_predicate(LinphoneContactSearch<sp/>*obj);</highlight></codeline>
<codeline lineno="33"><highlight class="normal"></highlight><highlight class="keywordtype">void</highlight><highlight class="normal"><sp/>linphone_contact_search_invoke_cb(LinphoneContactSearch<sp/>*req,<sp/>MSList<sp/>*friends);</highlight></codeline>
<codeline lineno="34"><highlight class="normal">LINPHONE_PUBLIC<sp/>LinphoneContactSearch*<sp/>linphone_contact_search_ref(</highlight><highlight class="keywordtype">void</highlight><highlight class="normal"><sp/>*obj);</highlight></codeline>
<codeline lineno="35"><highlight class="normal"></highlight><highlight class="keywordtype">void</highlight><highlight class="normal"><sp/>linphone_contact_search_unref(</highlight><highlight class="keywordtype">void</highlight><highlight class="normal"><sp/>*obj);</highlight></codeline>
<codeline lineno="36"><highlight class="normal">LinphoneContactSearch*<sp/>linphone_contact_search_cast(</highlight><highlight class="keywordtype">void</highlight><highlight class="normal"><sp/>*obj);</highlight></codeline>
<codeline lineno="37"><highlight class="normal"></highlight></codeline>
<codeline lineno="38"><highlight class="normal"></highlight></codeline>
<codeline lineno="39"><highlight class="normal"></highlight><highlight class="comment">/*<sp/>LinphoneContactProvider<sp/>*/</highlight><highlight class="normal"></highlight></codeline>
<codeline lineno="40"><highlight class="normal"></highlight></codeline>
<codeline lineno="41"><highlight class="normal"></highlight><highlight class="keywordtype">void</highlight><highlight class="normal"><sp/>linphone_contact_provider_init(LinphoneContactProvider<sp/>*obj,<sp/><ref refid="group__initializing_1gaa5cf635b82dd338e7ee2dd3599d05f0a" kindref="member">LinphoneCore</ref><sp/>*lc);</highlight></codeline>
<codeline lineno="42"><highlight class="normal"><ref refid="group__initializing_1gaa5cf635b82dd338e7ee2dd3599d05f0a" kindref="member">LinphoneCore</ref><sp/>*<sp/>linphone_contact_provider_get_core(LinphoneContactProvider<sp/>*obj);</highlight></codeline>
<codeline lineno="43"><highlight class="normal"></highlight><highlight class="keyword">const</highlight><highlight class="normal"><sp/></highlight><highlight class="keywordtype">char</highlight><highlight class="normal"><sp/>*<sp/>linphone_contact_provider_get_name(LinphoneContactProvider<sp/>*obj);</highlight></codeline>
<codeline lineno="44"><highlight class="normal">LinphoneContactProvider*<sp/>linphone_contact_provider_ref(</highlight><highlight class="keywordtype">void</highlight><highlight class="normal"><sp/>*obj);</highlight></codeline>
<codeline lineno="45"><highlight class="normal">LINPHONE_PUBLIC<sp/></highlight><highlight class="keywordtype">void</highlight><highlight class="normal"><sp/>linphone_contact_provider_unref(</highlight><highlight class="keywordtype">void</highlight><highlight class="normal"><sp/>*obj);</highlight></codeline>
<codeline lineno="46"><highlight class="normal">LINPHONE_PUBLIC<sp/>LinphoneContactProvider<sp/>*<sp/>linphone_contact_provider_cast(</highlight><highlight class="keywordtype">void</highlight><highlight class="normal"><sp/>*obj);</highlight></codeline>
<codeline lineno="47"><highlight class="normal"></highlight></codeline>
<codeline lineno="48"><highlight class="normal">LINPHONE_PUBLIC<sp/>LinphoneContactSearch<sp/>*<sp/>linphone_contact_provider_begin_search(LinphoneContactProvider<sp/>*obj,<sp/></highlight><highlight class="keyword">const</highlight><highlight class="normal"><sp/></highlight><highlight class="keywordtype">char</highlight><highlight class="normal"><sp/>*predicate,<sp/>ContactSearchCallback<sp/>cb,<sp/></highlight><highlight class="keywordtype">void</highlight><highlight class="normal"><sp/>*data);</highlight></codeline>
<codeline lineno="49"><highlight class="normal"></highlight><highlight class="keywordtype">unsigned</highlight><highlight class="normal"><sp/></highlight><highlight class="keywordtype">int</highlight><highlight class="normal"><sp/>linphone_contact_provider_cancel_search(LinphoneContactProvider<sp/>*obj,<sp/>LinphoneContactSearch<sp/>*request);</highlight></codeline>
<codeline lineno="50"><highlight class="normal"></highlight></codeline>
<codeline lineno="51"><highlight class="normal"></highlight><highlight class="preprocessor">#ifdef<sp/>__cplusplus</highlight><highlight class="normal"></highlight></codeline>
<codeline lineno="52"><highlight class="normal">}</highlight></codeline>
<codeline lineno="53"><highlight class="normal"></highlight><highlight class="preprocessor">#endif</highlight><highlight class="normal"></highlight></codeline>
<codeline lineno="54"><highlight class="normal"></highlight></codeline>
<codeline lineno="55"><highlight class="normal"></highlight></codeline>
<codeline lineno="56"><highlight class="normal"></highlight><highlight class="preprocessor">#endif<sp/></highlight><highlight class="comment">/*<sp/>LINPHONE_CONTACTPROVIDER_H_<sp/>*/</highlight><highlight class="preprocessor"></highlight></codeline>
    </programlisting>
    <location file="/Users/S0U1SB4N3/test006/linphone-desktop/submodules/linphone/include/linphone/contactprovider.h"/>
  </compounddef>
</doxygen>
