<?xml version='1.0' encoding='UTF-8' standalone='no'?>
<doxygen xmlns:xsi="http://www.w3.org/2001/XMLSchema-instance" xsi:noNamespaceSchemaLocation="compound.xsd" version="1.8.13">
  <compounddef id="deprecated" kind="page">
    <compoundname>deprecated</compoundname>
    <title>Deprecated List</title>
    <detaileddescription>
<para><variablelist>
<varlistentry><term><anchor id="deprecated_1_deprecated000115"/>Global <ref refid="struct__LinphoneCoreVTable_1a2405d3592f982c3f6e7345ffc70b2165" kindref="member">_LinphoneCoreVTable::auth_info_requested</ref>  </term></varlistentry>
<listitem><para>Use authentication_requested instead. </para></listitem>
<varlistentry><term><anchor id="deprecated_1_deprecated000117"/>Global <ref refid="struct__LinphoneCoreVTable_1ac572671b02f61236791489ec04841d40" kindref="member">_LinphoneCoreVTable::display_message</ref>  </term></varlistentry>
<listitem><para>Callback to display a message to the user  </para></listitem>
<varlistentry><term><anchor id="deprecated_1_deprecated000116"/>Global <ref refid="struct__LinphoneCoreVTable_1add2831377e7a3e1b2fb7f00b01a9d671" kindref="member">_LinphoneCoreVTable::display_status</ref>  </term></varlistentry>
<listitem><para>Callback that notifies various events with human readable text. </para></listitem>
<varlistentry><term><anchor id="deprecated_1_deprecated000119"/>Global <ref refid="struct__LinphoneCoreVTable_1afeedf0ac015be5a541db52af6ef0cea6" kindref="member">_LinphoneCoreVTable::display_url</ref>  </term></varlistentry>
<listitem><para></para></listitem>
<varlistentry><term><anchor id="deprecated_1_deprecated000118"/>Global <ref refid="struct__LinphoneCoreVTable_1a7894f7d05170dab08baaf99a64c91308" kindref="member">_LinphoneCoreVTable::display_warning</ref>  </term></varlistentry>
<listitem><para>Callback to display a warning to the user  </para></listitem>
<varlistentry><term><anchor id="deprecated_1_deprecated000123"/>Global <ref refid="struct__LinphoneCoreVTable_1ac6aec9222991888c430e8c8b1a9ab3c7" kindref="member">_LinphoneCoreVTable::file_transfer_progress_indication</ref>  </term></varlistentry>
<listitem><para>Callback to indicate file transfer progress  </para></listitem>
<varlistentry><term><anchor id="deprecated_1_deprecated000121"/>Global <ref refid="struct__LinphoneCoreVTable_1a1dd40b9ec6ebcc1b3989ea87154a2331" kindref="member">_LinphoneCoreVTable::file_transfer_recv</ref>  </term></varlistentry>
<listitem><para>Callback to store file received attached to a <ref refid="group__chatroom_1gada79c4417919389b5247e254279f7833" kindref="member">LinphoneChatMessage</ref>  </para></listitem>
<varlistentry><term><anchor id="deprecated_1_deprecated000122"/>Global <ref refid="struct__LinphoneCoreVTable_1a9a89cd8da3e543fd8bc05726115bbf74" kindref="member">_LinphoneCoreVTable::file_transfer_send</ref>  </term></varlistentry>
<listitem><para>Callback to collect file chunk to be sent for a <ref refid="group__chatroom_1gada79c4417919389b5247e254279f7833" kindref="member">LinphoneChatMessage</ref>  </para></listitem>
<varlistentry><term><anchor id="deprecated_1_deprecated000120"/>Global <ref refid="struct__LinphoneCoreVTable_1aa8c03429942bf96b1ad5420d406114c8" kindref="member">_LinphoneCoreVTable::text_received</ref>  </term></varlistentry>
<listitem><para>, use <ref refid="struct__LinphoneCoreVTable_1ab95d28d6d50c459dc46cb43133d7ceb8" kindref="member">message_received</ref> instead <linebreak/>
 A text message has been received  </para></listitem>
<varlistentry><term><anchor id="deprecated_1_deprecated000147"/>Class <ref refid="struct__LinphoneSipTransports" kindref="compound">_LinphoneSipTransports</ref>  </term></varlistentry>
<listitem><para> <donotwrap />   </para></listitem>
<varlistentry><term><anchor id="deprecated_1_deprecated000031"/>Global <ref refid="group__initializing_1gabca6f7f125879614f51e9d8e81e842d8" kindref="member">DisplayMessageCb</ref>  )(LinphoneCore *lc, const char *message)</term></varlistentry>
<listitem><para> <donotwrap />   </para></listitem>
<varlistentry><term><anchor id="deprecated_1_deprecated000030"/>Global <ref refid="group__initializing_1ga06824b67ad8b8cc6289c872936d37eef" kindref="member">DisplayStatusCb</ref>  )(LinphoneCore *lc, const char *message)</term></varlistentry>
<listitem><para> <donotwrap />   </para></listitem>
<varlistentry><term><anchor id="deprecated_1_deprecated000032"/>Global <ref refid="group__initializing_1gacec618a4370fd9655046b8cfc1c3d862" kindref="member">DisplayUrlCb</ref>  )(LinphoneCore *lc, const char *message, const char *url)</term></varlistentry>
<listitem><para> <donotwrap />   </para></listitem>
<varlistentry><term><anchor id="deprecated_1_deprecated000002"/>Global <ref refid="group__linphone__address_1ga46c6661354ae03a8f8d23d5be95f4991" kindref="member">linphone_address_destroy</ref>  (LinphoneAddress *u)</term></varlistentry>
<listitem><para>Use <ref refid="group__linphone__address_1gae7ed90ea85c09c793e994367e6a5422e" kindref="member">linphone_address_unref()</ref> instead  <donotwrap />   </para></listitem>
<varlistentry><term><anchor id="deprecated_1_deprecated000001"/>Global <ref refid="group__linphone__address_1ga189b77988b005bc3129a1876e8118243" kindref="member">linphone_address_is_secure</ref>  (const LinphoneAddress *addr)</term></varlistentry>
<listitem><para>use <ref refid="group__linphone__address_1gaffb7d8b1845fb410135a2ef17941a224" kindref="member">linphone_address_get_secure()</ref>  <donotwrap />   </para></listitem>
<varlistentry><term><anchor id="deprecated_1_deprecated000003"/>Global <ref refid="group__call__control_1ga50aaa61c7786db6dc5fa2e43a715be40" kindref="member">linphone_call_get_user_pointer</ref>  (call)</term></varlistentry>
<listitem><para>Use <ref refid="group__call__control_1gaccca5d89a5f7fb47cb8b56a8049f0dc9" kindref="member">linphone_call_get_user_data()</ref> instead. </para></listitem>
<varlistentry><term><anchor id="deprecated_1_deprecated000005"/>Global <ref refid="group__call__control_1ga873f7e1eab6ddd920d969c305c014918" kindref="member">linphone_call_is_in_conference</ref>  (const LinphoneCall *call)</term></varlistentry>
<listitem><para>Use <ref refid="group__call__control_1ga9eec252f505e55aa66e2254c4a0cdf71" kindref="member">linphone_call_get_conference()</ref> instead.  <donotwrap />   </para></listitem>
<varlistentry><term><anchor id="deprecated_1_deprecated000010"/>Global <ref refid="group__call__logs_1ga1140dfe4b51ba832f42984a3c438995c" kindref="member">linphone_call_log_destroy</ref>  (LinphoneCallLog *cl)</term></varlistentry>
<listitem><para>Use <ref refid="group__call__logs_1ga802bbd28cc29824d80a70ad33e5b8ea6" kindref="member">linphone_call_log_unref()</ref> instead.  <donotwrap />   </para></listitem>
<varlistentry><term><anchor id="deprecated_1_deprecated000006"/>Global <ref refid="group__call__logs_1gab84bce839e6c7301d2af4350d32ec976" kindref="member">linphone_call_log_get_from</ref>  (cl)</term></varlistentry>
<listitem><para>Use <ref refid="group__call__logs_1gaaafe867bd6bc91436b0064be70813151" kindref="member">linphone_call_log_get_from_address()</ref> instead. </para></listitem>
<varlistentry><term><anchor id="deprecated_1_deprecated000007"/>Global <ref refid="group__call__logs_1gae26bf43ec4e4961f3a3be5e55cb80086" kindref="member">linphone_call_log_get_to</ref>  (cl)</term></varlistentry>
<listitem><para>Use <ref refid="group__call__logs_1ga0105f29d6ade6835acd1cf6ae570ca91" kindref="member">linphone_call_log_get_to_address()</ref> instead. </para></listitem>
<varlistentry><term><anchor id="deprecated_1_deprecated000009"/>Global <ref refid="group__call__logs_1ga5a92ec7e1a015fb0d6f80abf736b5c4e" kindref="member">linphone_call_log_get_user_pointer</ref>  (cl)</term></varlistentry>
<listitem><para>Use <ref refid="group__call__logs_1ga7739aef07704316d9d92d50262ddd767" kindref="member">linphone_call_log_get_user_data()</ref> instead. </para></listitem>
<varlistentry><term><anchor id="deprecated_1_deprecated000008"/>Global <ref refid="group__call__logs_1ga8d3b12ad3b8f4d4783e40a78c23dd9a0" kindref="member">linphone_call_log_set_user_pointer</ref>  (cl, ud)</term></varlistentry>
<listitem><para>Use <ref refid="group__call__logs_1gadb77bcb2b2beb031bcbf6f0bcc62652a" kindref="member">linphone_call_log_set_user_data()</ref> instead. </para></listitem>
<varlistentry><term><anchor id="deprecated_1_deprecated000017"/>Global <ref refid="group__call__control_1ga881da51786bca99cd8538ab87b4d06f0" kindref="member">linphone_call_params_destroy</ref>  (LinphoneCallParams *cp)</term></varlistentry>
<listitem><para>Use <ref refid="group__call__control_1ga341015ca73484947fca50896432106d2" kindref="member">linphone_call_params_unref()</ref> instead.  <donotwrap />   </para></listitem>
<varlistentry><term><anchor id="deprecated_1_deprecated000011"/>Global <ref refid="group__call__control_1ga5c4e1d74155c19effe47d5e6b7e2f026" kindref="member">linphone_call_params_get_received_video_size</ref>  (const LinphoneCallParams *cp)</term></varlistentry>
<listitem><para>Use <ref refid="group__call__control_1ga765998a0a372ac9b265137e682940f89" kindref="member">linphone_call_params_get_received_video_definition()</ref> instead  </para></listitem>
<varlistentry><term><anchor id="deprecated_1_deprecated000012"/>Global <ref refid="group__call__control_1ga2a4365d1732515596f2a46c93c0ea83b" kindref="member">linphone_call_params_get_sent_video_size</ref>  (const LinphoneCallParams *cp)</term></varlistentry>
<listitem><para>Use <ref refid="group__call__control_1ga3a2d2c27f17ba141a57cbd76d100684c" kindref="member">linphone_call_params_get_sent_video_definition()</ref> instead  </para></listitem>
<varlistentry><term><anchor id="deprecated_1_deprecated000013"/>Global <ref refid="group__call__control_1ga5b748b52da76f2e31d4f5b066b31c8a1" kindref="member">linphone_call_params_get_used_audio_codec</ref>  (const LinphoneCallParams *cp)</term></varlistentry>
<listitem><para>Use <ref refid="group__call__control_1ga3f1b4e78dcf593b132194f32fb191130" kindref="member">linphone_call_params_get_used_audio_payload_type()</ref> instead.  <donotwrap />   </para></listitem>
<varlistentry><term><anchor id="deprecated_1_deprecated000015"/>Global <ref refid="group__call__control_1gaa1817ae677bba515061092931ada5584" kindref="member">linphone_call_params_get_used_text_codec</ref>  (const LinphoneCallParams *cp)</term></varlistentry>
<listitem><para>Use <ref refid="group__call__control_1ga9b497aaf135385d88d0696a0b8fde15d" kindref="member">linphone_call_params_get_used_text_payload_type()</ref> instead.  <donotwrap />   </para></listitem>
<varlistentry><term><anchor id="deprecated_1_deprecated000014"/>Global <ref refid="group__call__control_1ga60418543265885f72004fbdc757d8b54" kindref="member">linphone_call_params_get_used_video_codec</ref>  (const LinphoneCallParams *cp)</term></varlistentry>
<listitem><para>Use <ref refid="group__call__control_1gac12eb3c7f36fd84aeac79d7a00ed387e" kindref="member">linphone_call_params_get_used_video_payload_type()</ref> instead.  <donotwrap />   </para></listitem>
<varlistentry><term><anchor id="deprecated_1_deprecated000016"/>Global <ref refid="group__call__control_1ga40918ba90bc3487d862eaaa3fdbe01db" kindref="member">linphone_call_params_local_conference_mode</ref>  </term></varlistentry>
<listitem><para>Use <ref refid="group__call__control_1ga111ae3ce331d52a935af3c35d958e90d" kindref="member">linphone_call_params_get_local_conference_mode()</ref> instead. </para></listitem>
<varlistentry><term><anchor id="deprecated_1_deprecated000004"/>Global <ref refid="group__call__control_1ga4ed746d3a74d2b268820e9a985a81e85" kindref="member">linphone_call_set_user_pointer</ref>  (call, ud)</term></varlistentry>
<listitem><para>Use <ref refid="group__call__control_1gaa0d3a2246dc3253ed3bc8342d8c172e2" kindref="member">linphone_call_set_user_data()</ref> instead. </para></listitem>
<varlistentry><term><anchor id="deprecated_1_deprecated000025"/>Global <ref refid="group__chatroom_1ga6201809af11d783c6619a681829fe546" kindref="member">linphone_chat_message_get_from</ref>  (msg)</term></varlistentry>
<listitem><para>Use <ref refid="group__chatroom_1ga33936374d5d76773f4c9fac942094306" kindref="member">linphone_chat_message_get_from_address()</ref> instead. </para></listitem>
<varlistentry><term><anchor id="deprecated_1_deprecated000026"/>Global <ref refid="group__chatroom_1ga140c91cbca50e5df05525434bb76f7b1" kindref="member">linphone_chat_message_get_to</ref>  (msg)</term></varlistentry>
<listitem><para>Use <ref refid="group__chatroom_1gaf542e77773cedb7240bd3d3572b417fe" kindref="member">linphone_chat_message_get_to_address()</ref> instead. </para></listitem>
<varlistentry><term><anchor id="deprecated_1_deprecated000024"/>Global <ref refid="group__chatroom_1gaffad74949fc83993c95f04cd61b40155" kindref="member">linphone_chat_message_set_from</ref>  (msg, addr)</term></varlistentry>
<listitem><para>Use <ref refid="group__chatroom_1gaf77d70f509da66755bc7bcc4c3efc211" kindref="member">linphone_chat_message_set_from_address()</ref> instead. </para></listitem>
<varlistentry><term><anchor id="deprecated_1_deprecated000027"/>Global <ref refid="group__chatroom_1ga708787e7de91833ea01e66d4ab6863b6" kindref="member">linphone_chat_message_start_file_download</ref>  (LinphoneChatMessage *message, LinphoneChatMessageStateChangedCb status_cb, void *ud)</term></varlistentry>
<listitem><para>Use <ref refid="group__chatroom_1gad4b041a53fb91d89d7ef6060687a4f3e" kindref="member">linphone_chat_message_download_file()</ref> instead.  <donotwrap />   </para></listitem>
<varlistentry><term><anchor id="deprecated_1_deprecated000020"/>Global <ref refid="group__chatroom_1ga820f9d74522e68628cd53191d7eb3864" kindref="member">linphone_chat_room_destroy</ref>  (LinphoneChatRoom *cr)</term></varlistentry>
<listitem><para>Use <ref refid="group__chatroom_1gaf4bb2db36c843ebd85a3e705698c962a" kindref="member">linphone_chat_room_unref()</ref> instead.  <donotwrap />   </para></listitem>
<varlistentry><term><anchor id="deprecated_1_deprecated000023"/>Global <ref refid="group__chatroom_1gaa6d9f80b28dfd0731b6520f87a751404" kindref="member">linphone_chat_room_get_lc</ref>  (LinphoneChatRoom *cr)</term></varlistentry>
<listitem><para>use <ref refid="group__chatroom_1ga985710ce0f27ab6013395c75fabcc70c" kindref="member">linphone_chat_room_get_core()</ref>  <donotwrap />   </para></listitem>
<varlistentry><term><anchor id="deprecated_1_deprecated000021"/>Global <ref refid="group__chatroom_1gad22a10b819a4a33f6dc12d88b64e5537" kindref="member">linphone_chat_room_send_message</ref>  (LinphoneChatRoom *cr, const char *msg)</term></varlistentry>
<listitem><para>Use <ref refid="group__chatroom_1ga4f6a53c5c3c0ec9afe7ade876d2da102" kindref="member">linphone_chat_room_send_chat_message()</ref> instead.  </para></listitem>
<varlistentry><term><anchor id="deprecated_1_deprecated000022"/>Global <ref refid="group__chatroom_1gabdf64d2801a69539935361ede5b052f1" kindref="member">linphone_chat_room_send_message2</ref>  (LinphoneChatRoom *cr, LinphoneChatMessage *msg, LinphoneChatMessageStateChangedCb status_cb, void *ud)</term></varlistentry>
<listitem><para>Use <ref refid="group__chatroom_1ga4f6a53c5c3c0ec9afe7ade876d2da102" kindref="member">linphone_chat_room_send_chat_message()</ref> instead.  </para></listitem>
<varlistentry><term><anchor id="deprecated_1_deprecated000028"/>Global <ref refid="group__call__control_1ga92e5a606ba8bad39f825ed5118545e10" kindref="member">linphone_conference_params_free</ref>  (LinphoneConferenceParams *params)</term></varlistentry>
<listitem><para>Use <ref refid="group__call__control_1ga7e671f48cd55b1fdba0d7fcf8791f965" kindref="member">linphone_conference_params_unref()</ref> instead.  <donotwrap />   </para></listitem>
<varlistentry><term><anchor id="deprecated_1_deprecated000045"/>Global <ref refid="group__call__control_1gaebf3fdd612ce71b3a317a0213245acfb" kindref="member">linphone_core_accept_call</ref>  (LinphoneCore *lc, LinphoneCall *call)</term></varlistentry>
<listitem><para>Use <ref refid="group__call__control_1ga560e5223603ddd425a06e945e177dbdb" kindref="member">linphone_call_accept()</ref> instead  </para></listitem>
<varlistentry><term><anchor id="deprecated_1_deprecated000056"/>Global <ref refid="group__call__control_1ga880a2b5dd66710fe1f8a3e2dcf793f63" kindref="member">linphone_core_accept_call_update</ref>  (LinphoneCore *lc, LinphoneCall *call, const LinphoneCallParams *params)</term></varlistentry>
<listitem><para>Use <ref refid="group__call__control_1gac1b2a3f049a2351195d54035db63c789" kindref="member">linphone_call_accept_update()</ref> instead  </para></listitem>
<varlistentry><term><anchor id="deprecated_1_deprecated000046"/>Global <ref refid="group__call__control_1ga8972d13671b880d3b4de047da5e64ac4" kindref="member">linphone_core_accept_call_with_params</ref>  (LinphoneCore *lc, LinphoneCall *call, const LinphoneCallParams *params)</term></varlistentry>
<listitem><para>Use <ref refid="group__call__control_1ga0a39c513c2e89cdddd034195342befbd" kindref="member">linphone_call_accept_with_params()</ref> instead  </para></listitem>
<varlistentry><term><anchor id="deprecated_1_deprecated000048"/>Global <ref refid="group__call__control_1ga2cdfe0d46fb3f6c13a7cf92907f9c704" kindref="member">linphone_core_accept_early_media</ref>  (LinphoneCore *lc, LinphoneCall *call)</term></varlistentry>
<listitem><para>Use <ref refid="group__call__control_1ga447f3caa41ebdf6a9cef01c599d623b0" kindref="member">linphone_call_accept_early_media()</ref> instead  </para></listitem>
<varlistentry><term><anchor id="deprecated_1_deprecated000047"/>Global <ref refid="group__call__control_1gafb0efe1e43c7521fef7c6cd6d7a72c46" kindref="member">linphone_core_accept_early_media_with_params</ref>  (LinphoneCore *lc, LinphoneCall *call, const LinphoneCallParams *params)</term></varlistentry>
<listitem><para>Use <ref refid="group__call__control_1gae7252bc7a303a5155f276ca4ca4b8a57" kindref="member">linphone_call_accept_early_media_with_params()</ref> instead  </para></listitem>
<varlistentry><term><anchor id="deprecated_1_deprecated000111"/>Global <ref refid="group__buddy__list_1ga3a8e9184320402082bf35226ae8d25b8" kindref="member">linphone_core_add_friend</ref>  (LinphoneCore *lc, LinphoneFriend *fr)</term></varlistentry>
<listitem><para>use <ref refid="group__buddy__list_1gaf79f653b14a6a44509e775725cd2c303" kindref="member">linphone_friend_list_add_friend()</ref> instead.  </para></listitem>
<varlistentry><term><anchor id="deprecated_1_deprecated000040"/>Global <ref refid="group__initializing_1gaed2c60f671ebf838e8994013d9fe3400" kindref="member">linphone_core_add_listener</ref>  (LinphoneCore *lc, LinphoneCoreVTable *vtable)</term></varlistentry>
<listitem><para>Use <ref refid="group__initializing_1ga9e29656841fa0026599900a7ec44e53c" kindref="member">linphone_core_add_callbacks()</ref> instead.  <donotwrap />   </para></listitem>
<varlistentry><term><anchor id="deprecated_1_deprecated000075"/>Global <ref refid="group__media__parameters_1gab1a110405d29b633dc6978c4619af108" kindref="member">linphone_core_check_payload_type_usability</ref>  (LinphoneCore *lc, const OrtpPayloadType *pt)</term></varlistentry>
<listitem><para>Use <ref refid="group__media__parameters_1ga3877de8779aff1dbeb0e8a934742e2de" kindref="member">linphone_payload_type_is_usable()</ref> instead. </para></listitem>
<varlistentry><term><anchor id="deprecated_1_deprecated000106"/>Global <ref refid="group__misc_1ga362d6f7c4601ccd874b0a28f63f41c7d" kindref="member">linphone_core_create_lp_config</ref>  (LinphoneCore *lc, const char *filename)</term></varlistentry>
<listitem><para>Use <ref refid="group__misc_1ga5e48355e4dc2afd2eba9f2ede91ab078" kindref="member">linphone_core_create_config()</ref> instead.  <donotwrap />   </para></listitem>
<varlistentry><term><anchor id="deprecated_1_deprecated000051"/>Global <ref refid="group__call__control_1ga536257a171f5e6902fc373ba92974547" kindref="member">linphone_core_decline_call</ref>  (LinphoneCore *lc, LinphoneCall *call, LinphoneReason reason)</term></varlistentry>
<listitem><para>Use <ref refid="group__call__control_1ga89c00d75843d32e5881fd6ec06cbb114" kindref="member">linphone_call_decline()</ref> instead  </para></listitem>
<varlistentry><term><anchor id="deprecated_1_deprecated000055"/>Global <ref refid="group__call__control_1gad2b1c660f288100da56016e28639a106" kindref="member">linphone_core_defer_call_update</ref>  (LinphoneCore *lc, LinphoneCall *call)</term></varlistentry>
<listitem><para>Use <ref refid="group__call__control_1ga3de5b75cc14f8f4f768cfbdcca2a3342" kindref="member">linphone_call_defer_update()</ref> instead  </para></listitem>
<varlistentry><term><anchor id="deprecated_1_deprecated000107"/>Global <ref refid="group__initializing_1ga500dcd7902ff1b67335134687bf2851d" kindref="member">linphone_core_destroy</ref>  (LinphoneCore *lc)</term></varlistentry>
<listitem><para>Use <ref refid="group__initializing_1gadeafcc9208884b1ce3ef64bb11d761ac" kindref="member">linphone_core_unref()</ref> instead.  <donotwrap />   </para></listitem>
<varlistentry><term><anchor id="deprecated_1_deprecated000035"/>Global <ref refid="group__initializing_1ga605db2bfc22c1e0c72881f1392da8d2c" kindref="member">linphone_core_disable_logs</ref>  (void)</term></varlistentry>
<listitem><para>Use <ref refid="group__initializing_1ga685b79d92af0184dbeac46df14bf4705" kindref="member">linphone_core_set_log_level</ref> instead.  <donotwrap />   </para></listitem>
<varlistentry><term><anchor id="deprecated_1_deprecated000033"/>Global <ref refid="group__initializing_1ga44ae39ab2801b46f4a56ae70f8735c8e" kindref="member">linphone_core_enable_logs</ref>  (FILE *file)</term></varlistentry>
<listitem><para>Use <ref refid="group__initializing_1ga9de0532e1e1370f0375173bd1a3c8cc8" kindref="member">linphone_core_set_log_file</ref> and <ref refid="group__initializing_1ga685b79d92af0184dbeac46df14bf4705" kindref="member">linphone_core_set_log_level</ref> instead.  <donotwrap />   </para></listitem>
<varlistentry><term><anchor id="deprecated_1_deprecated000034"/>Global <ref refid="group__initializing_1ga8d71659277321c08c478462b7d83cb0d" kindref="member">linphone_core_enable_logs_with_cb</ref>  (OrtpLogFunc logfunc)</term></varlistentry>
<listitem><para>Use <ref refid="group__initializing_1ga1916e55f85eb1e3db57629d67a0de0cd" kindref="member">linphone_core_set_log_handler</ref> and <ref refid="group__initializing_1ga685b79d92af0184dbeac46df14bf4705" kindref="member">linphone_core_set_log_level</ref> instead.  <donotwrap />   </para></listitem>
<varlistentry><term><anchor id="deprecated_1_deprecated000070"/>Global <ref refid="group__media__parameters_1ga69a7dfac3a77b79bfb78d0b8c861e775" kindref="member">linphone_core_enable_payload_type</ref>  (LinphoneCore *lc, OrtpPayloadType *pt, bool_t enable)</term></varlistentry>
<listitem><para>Use <ref refid="group__media__parameters_1ga45330593a3064c784b9b48cffba5fe21" kindref="member">linphone_payload_type_enable()</ref>.  <donotwrap />   </para></listitem>
<varlistentry><term><anchor id="deprecated_1_deprecated000093"/>Global <ref refid="group__media__parameters_1gad92859ef329f51586872c092c08c3f74" kindref="member">linphone_core_enable_video</ref>  (LinphoneCore *lc, bool_t vcap_enabled, bool_t display_enabled)</term></varlistentry>
<listitem><para>Use <ref refid="group__media__parameters_1ga2f8c1cc011a51389126c2497e3fc1429" kindref="member">linphone_core_enable_video_capture</ref> and <ref refid="group__media__parameters_1gad06dacec453bbe2bf360b10d69461a8a" kindref="member">linphone_core_enable_video_display</ref> instead.  <donotwrap />   </para></listitem>
<varlistentry><term><anchor id="deprecated_1_deprecated000071"/>Global <ref refid="group__media__parameters_1ga9c132315613be7d108345a0b636574b5" kindref="member">linphone_core_find_payload_type</ref>  (LinphoneCore *lc, const char *type, int rate, int channels)</term></varlistentry>
<listitem><para>Use <ref refid="group__media__parameters_1gad27880bb917fbf5fcc8e839699ff8aa9" kindref="member">linphone_core_get_payload_type()</ref> instead.  <donotwrap />   </para></listitem>
<varlistentry><term><anchor id="deprecated_1_deprecated000058"/>Global <ref refid="group__media__parameters_1gaba90565989823dff09f1c7111d00884a" kindref="member">linphone_core_get_audio_codecs</ref>  (const LinphoneCore *lc)</term></varlistentry>
<listitem><para>Use <ref refid="group__media__parameters_1gac0831a6601c7f23424656822569cbe9b" kindref="member">linphone_core_get_audio_payload_types()</ref> instead.  <donotwrap />   </para></listitem>
<varlistentry><term><anchor id="deprecated_1_deprecated000101"/>Global <ref refid="group__media__parameters_1gaabd80756bca92a6cd93b5fbb425b285e" kindref="member">linphone_core_get_current_preview_video_size</ref>  (const LinphoneCore *lc)</term></varlistentry>
<listitem><para>Use <ref refid="group__media__parameters_1ga7abd84e07ce1092b8191c293d78811eb" kindref="member">linphone_core_get_current_preview_video_definition()</ref> instead  </para></listitem>
<varlistentry><term><anchor id="deprecated_1_deprecated000077"/>Global <ref refid="group__proxies_1ga763f9d7399c18c01feca3eb644c6377f" kindref="member">linphone_core_get_default_proxy</ref>  (LinphoneCore *lc, LinphoneProxyConfig **config)</term></varlistentry>
<listitem><para>Use <ref refid="group__proxies_1gab379acf922a163434face124106e33da" kindref="member">linphone_core_get_default_proxy_config()</ref> instead.  <donotwrap />   </para></listitem>
<varlistentry><term><anchor id="deprecated_1_deprecated000084"/>Global <ref refid="group__network__parameters_1ga6f0979649f2605aedaeca08683e14ea5" kindref="member">linphone_core_get_firewall_policy</ref>  (const LinphoneCore *lc)</term></varlistentry>
<listitem><para>Use <ref refid="group__network__parameters_1ga96d97e153a69a61ac21db4e6b3a21327" kindref="member">linphone_core_get_nat_policy()</ref> instead  <donotwrap />   </para></listitem>
<varlistentry><term><anchor id="deprecated_1_deprecated000114"/>Global <ref refid="group__buddy__list_1ga060d7817dd30a8b2ad0c51a2442ad963" kindref="member">linphone_core_get_friend_by_address</ref>  (const LinphoneCore *lc, const char *addr)</term></varlistentry>
<listitem><para>use <ref refid="group__buddy__list_1ga6c73861d04bfd440c9c843fedc6ed051" kindref="member">linphone_core_find_friend()</ref> instead.  <donotwrap />   </para></listitem>
<varlistentry><term><anchor id="deprecated_1_deprecated000113"/>Global <ref refid="group__buddy__list_1gac75079056c191c5cf43f929ceff1c1df" kindref="member">linphone_core_get_friend_list</ref>  (const LinphoneCore *lc)</term></varlistentry>
<listitem><para>use <ref refid="group__buddy__list_1ga872fd1ee85d8c043c08f512e48924883" kindref="member">linphone_core_get_friends_lists()</ref> or <ref refid="group__buddy__list_1ga6cd2340557407f7b5b2b39354320f31d" kindref="member">linphone_friend_list_get_friends()</ref> instead.  <donotwrap />   </para></listitem>
<varlistentry><term><anchor id="deprecated_1_deprecated000069"/>Global <ref refid="group__media__parameters_1ga8d0f7cfd2c595280a080630a72a73b46" kindref="member">linphone_core_get_payload_type_bitrate</ref>  (LinphoneCore *lc, const OrtpPayloadType *pt)</term></varlistentry>
<listitem><para>Use linphone_payload_type_get_bitrate().  <donotwrap />   </para></listitem>
<varlistentry><term><anchor id="deprecated_1_deprecated000072"/>Global <ref refid="group__media__parameters_1ga8eac0f20a72cf769afe7cc3b31c00f8b" kindref="member">linphone_core_get_payload_type_number</ref>  (LinphoneCore *lc, const OrtpPayloadType *pt)</term></varlistentry>
<listitem><para>Use <ref refid="group__media__parameters_1ga8d660e3f76c8126f5edfcedbbeeb4ce9" kindref="member">linphone_payload_type_get_number()</ref> instead  <donotwrap />   </para></listitem>
<varlistentry><term><anchor id="deprecated_1_deprecated000086"/>Global <ref refid="group__media__parameters_1ga9b01fec16a2c01f139b483abcef19197" kindref="member">linphone_core_get_play_level</ref>  (LinphoneCore *lc)</term></varlistentry>
<listitem><para> <donotwrap />   </para></listitem>
<varlistentry><term><anchor id="deprecated_1_deprecated000102"/>Global <ref refid="group__media__parameters_1ga297c11033d58aceb81e7d6cf417ad53f" kindref="member">linphone_core_get_preferred_video_size</ref>  (const LinphoneCore *lc)</term></varlistentry>
<listitem><para>Use <ref refid="group__media__parameters_1gad98b2b597031291de1c25197feff16d3" kindref="member">linphone_core_get_preferred_video_definition()</ref> instead  </para></listitem>
<varlistentry><term><anchor id="deprecated_1_deprecated000109"/>Global <ref refid="group__buddy__list_1ga8c7190183455864295ddcac9444e9f21" kindref="member">linphone_core_get_presence_info</ref>  (const LinphoneCore *lc)</term></varlistentry>
<listitem><para>Use <ref refid="group__buddy__list_1gad1199d38de2092dc58ff7d9a9a184e25" kindref="member">linphone_core_get_presence_model()</ref> instead  <donotwrap />   </para></listitem>
<varlistentry><term><anchor id="deprecated_1_deprecated000100"/>Global <ref refid="group__media__parameters_1ga5b41c1d1d58385121f833a9cb49b4fb8" kindref="member">linphone_core_get_preview_video_size</ref>  (const LinphoneCore *lc)</term></varlistentry>
<listitem><para>Use <ref refid="group__media__parameters_1ga7ede946c0e80c9dfd20521ccdc13880f" kindref="member">linphone_core_get_preview_video_definition()</ref> instead  </para></listitem>
<varlistentry><term><anchor id="deprecated_1_deprecated000087"/>Global <ref refid="group__media__parameters_1gaeed8f59f0aaece142537db542fcdae64" kindref="member">linphone_core_get_rec_level</ref>  (LinphoneCore *lc)</term></varlistentry>
<listitem><para> <donotwrap />   </para></listitem>
<varlistentry><term><anchor id="deprecated_1_deprecated000085"/>Global <ref refid="group__media__parameters_1ga97e1b573c2432d18fce8d8de10359c4e" kindref="member">linphone_core_get_ring_level</ref>  (LinphoneCore *lc)</term></varlistentry>
<listitem><para> <donotwrap />   </para></listitem>
<varlistentry><term><anchor id="deprecated_1_deprecated000079"/>Global <ref refid="group__network__parameters_1ga302710f3e2cd035b8238670597126325" kindref="member">linphone_core_get_sip_port</ref>  (LinphoneCore *lc)</term></varlistentry>
<listitem><para>use <ref refid="group__network__parameters_1ga659f4218d7e71aa21810533675d64fd3" kindref="member">linphone_core_get_sip_transports()</ref> instead.  <donotwrap />   </para></listitem>
<varlistentry><term><anchor id="deprecated_1_deprecated000081"/>Global <ref refid="group__network__parameters_1ga659f4218d7e71aa21810533675d64fd3" kindref="member">linphone_core_get_sip_transports</ref>  (LinphoneCore *lc, LinphoneSipTransports *transports)</term></varlistentry>
<listitem><para> <donotwrap />   </para></listitem>
<varlistentry><term><anchor id="deprecated_1_deprecated000082"/>Global <ref refid="group__network__parameters_1ga935fdb7a2c836749ddf5f3e2eb05c137" kindref="member">linphone_core_get_sip_transports_used</ref>  (LinphoneCore *lc, LinphoneSipTransports *tr)</term></varlistentry>
<listitem><para>Use linphone_core_get_transports_used instead  <donotwrap />   </para></listitem>
<varlistentry><term><anchor id="deprecated_1_deprecated000096"/>Global <ref refid="group__media__parameters_1ga2b6c8aa9734c039d5d725fb3c03ea722" kindref="member">linphone_core_get_supported_video_sizes</ref>  (LinphoneCore *lc)</term></varlistentry>
<listitem><para>Use <ref refid="group__initializing_1gaf694003781e5b2d5c2515306c82bb5de" kindref="member">linphone_factory_get_supported_video_definitions()</ref> instead  </para></listitem>
<varlistentry><term><anchor id="deprecated_1_deprecated000062"/>Global <ref refid="group__media__parameters_1ga8e586e0e8600e52b02542f2ccfa050a0" kindref="member">linphone_core_get_text_codecs</ref>  (const LinphoneCore *lc)</term></varlistentry>
<listitem><para>Use <ref refid="group__media__parameters_1gaf5d73b93774d5807205cee9809acb676" kindref="member">linphone_core_get_text_payload_types()</ref> instead.  <donotwrap />   </para></listitem>
<varlistentry><term><anchor id="deprecated_1_deprecated000036"/>Global <ref refid="group__initializing_1ga923fffaf44a2a20b242b08670b12a328" kindref="member">linphone_core_get_user_agent_name</ref>  (void)</term></varlistentry>
<listitem><para>Use <ref refid="group__initializing_1ga91b7bed8bd234fbc3236be4cebc45ea7" kindref="member">linphone_core_get_user_agent</ref> instead. </para></listitem>
<varlistentry><term><anchor id="deprecated_1_deprecated000037"/>Global <ref refid="group__initializing_1gac00f0ef0f5a332e87597532e59c9a536" kindref="member">linphone_core_get_user_agent_version</ref>  (void)</term></varlistentry>
<listitem><para>Use <ref refid="group__initializing_1ga91b7bed8bd234fbc3236be4cebc45ea7" kindref="member">linphone_core_get_user_agent</ref> instead. </para></listitem>
<varlistentry><term><anchor id="deprecated_1_deprecated000060"/>Global <ref refid="group__media__parameters_1ga30b36be2937a4e8c85d8929b97d83cad" kindref="member">linphone_core_get_video_codecs</ref>  (const LinphoneCore *lc)</term></varlistentry>
<listitem><para>Use <ref refid="group__media__parameters_1ga52b293d4127f55602b39c43e69aaadd9" kindref="member">linphone_core_get_video_payload_types()</ref> instead.  <donotwrap />   </para></listitem>
<varlistentry><term><anchor id="deprecated_1_deprecated000095"/>Global <ref refid="group__media__parameters_1gaa98aca1e81bce02c84942551dbfd54e5" kindref="member">linphone_core_get_video_policy</ref>  (const LinphoneCore *lc)</term></varlistentry>
<listitem><para></para></listitem>
<varlistentry><term><anchor id="deprecated_1_deprecated000110"/>Global <ref refid="group__buddy__list_1gacdca0d142709aa30dbc87c3de8f49140" kindref="member">linphone_core_interpret_friend_uri</ref>  (LinphoneCore *lc, const char *uri, char **result)</term></varlistentry>
<listitem><para>Use <ref refid="group__misc_1ga1de3060cfba4df416da17259173fdefe" kindref="member">linphone_core_interpret_url()</ref> instead  <donotwrap />   </para></listitem>
<varlistentry><term><anchor id="deprecated_1_deprecated000038"/>Global <ref refid="group__initializing_1ga9601ae3c81a1bbf110e84a1a484f3fee" kindref="member">linphone_core_new</ref>  (const LinphoneCoreVTable *vtable, const char *config_path, const char *factory_config_path, void *userdata)</term></varlistentry>
<listitem><para>Use <ref refid="group__initializing_1ga0f71be9d7c8fac862e2f929ed0419e80" kindref="member">linphone_factory_create_core()</ref> instead.  <donotwrap />   </para></listitem>
<varlistentry><term><anchor id="deprecated_1_deprecated000039"/>Global <ref refid="group__initializing_1gab3739459d3d102f97f5a0b2106fac6ea" kindref="member">linphone_core_new_with_config</ref>  (const LinphoneCoreVTable *vtable, LpConfig *config, void *userdata)</term></varlistentry>
<listitem><para>Use <ref refid="group__initializing_1gacf77ea8002867d2dd93f197eda80f22b" kindref="member">linphone_factory_create_core_with_config()</ref> instead.  <donotwrap />   </para></listitem>
<varlistentry><term><anchor id="deprecated_1_deprecated000052"/>Global <ref refid="group__call__control_1gaaccf9c3d447bfd0b6fbb9f80c6698f85" kindref="member">linphone_core_pause_call</ref>  (LinphoneCore *lc, LinphoneCall *call)</term></varlistentry>
<listitem><para>Use <ref refid="group__call__control_1ga09bfe3a50a05d1a0d5f502ff452574de" kindref="member">linphone_call_pause()</ref> instead  </para></listitem>
<varlistentry><term><anchor id="deprecated_1_deprecated000066"/>Global <ref refid="group__media__parameters_1gabec0f68a1899db993d37054cd9ed0ab9" kindref="member">linphone_core_payload_type_enabled</ref>  (const LinphoneCore *lc, const OrtpPayloadType *pt)</term></varlistentry>
<listitem><para>Use <ref refid="group__media__parameters_1ga7058cbbc74d136e8c293c9251185b561" kindref="member">linphone_payload_type_enabled()</ref> instead.  <donotwrap />   </para></listitem>
<varlistentry><term><anchor id="deprecated_1_deprecated000067"/>Global <ref refid="group__media__parameters_1ga1d4c237be3878580c9497f9fc9e02fd6" kindref="member">linphone_core_payload_type_is_vbr</ref>  (const LinphoneCore *lc, const OrtpPayloadType *pt)</term></varlistentry>
<listitem><para>Use <ref refid="group__media__parameters_1gac4e807675df447d2a020a5d880f63dd6" kindref="member">linphone_payload_type_is_vbr()</ref> instead.  <donotwrap />   </para></listitem>
<varlistentry><term><anchor id="deprecated_1_deprecated000050"/>Global <ref refid="group__call__control_1ga1bf17872b515e6744936eb6bcf848a20" kindref="member">linphone_core_redirect_call</ref>  (LinphoneCore *lc, LinphoneCall *call, const char *redirect_uri)</term></varlistentry>
<listitem><para>Use <ref refid="group__call__control_1ga930edd930ae08222499dbf29afc1158a" kindref="member">linphone_call_redirect()</ref> instead  </para></listitem>
<varlistentry><term><anchor id="deprecated_1_deprecated000112"/>Global <ref refid="group__buddy__list_1ga571b9f29ef31ea55079b0079eb81d294" kindref="member">linphone_core_remove_friend</ref>  (LinphoneCore *lc, LinphoneFriend *fr)</term></varlistentry>
<listitem><para>use <ref refid="group__buddy__list_1ga6bab79cb291eff77d7ae644a87730edd" kindref="member">linphone_friend_list_remove_friend()</ref> instead.  <donotwrap />   </para></listitem>
<varlistentry><term><anchor id="deprecated_1_deprecated000041"/>Global <ref refid="group__initializing_1ga3364e894b812e4d320d56ca30d94f78c" kindref="member">linphone_core_remove_listener</ref>  (LinphoneCore *lc, const LinphoneCoreVTable *vtable)</term></varlistentry>
<listitem><para>Use <ref refid="group__initializing_1ga60223f605f50ba4a60ca3086240c6369" kindref="member">linphone_core_remove_callbacks()</ref> instead.  <donotwrap />   </para></listitem>
<varlistentry><term><anchor id="deprecated_1_deprecated000053"/>Global <ref refid="group__call__control_1ga4748ae709cad319911494c957cc7e2b8" kindref="member">linphone_core_resume_call</ref>  (LinphoneCore *lc, LinphoneCall *call)</term></varlistentry>
<listitem><para>Use <ref refid="group__call__control_1ga29f896fa60c1055590d7329fa74963d0" kindref="member">linphone_call_resume()</ref> instead  </para></listitem>
<varlistentry><term><anchor id="deprecated_1_deprecated000057"/>Global <ref refid="group__media__parameters_1gaec1d8241a5491a6a8fb90b37aaa1fc2d" kindref="member">linphone_core_send_dtmf</ref>  (LinphoneCore *lc, char dtmf)</term></varlistentry>
<listitem><para>Use <ref refid="group__call__control_1ga17952ad66db3e1bc1b2945973bf0be00" kindref="member">linphone_call_send_dtmf</ref> instead. This function only works during calls. The dtmf is automatically played to the user.  </para></listitem>
<varlistentry><term><anchor id="deprecated_1_deprecated000059"/>Global <ref refid="group__media__parameters_1gac4034ccaeb4e9179150454df43fe3892" kindref="member">linphone_core_set_audio_codecs</ref>  (LinphoneCore *lc, bctbx_list_t *codecs)</term></varlistentry>
<listitem><para>Use <ref refid="group__media__parameters_1gaf64ca3d4c7d9abb9249fad82bedf97b1" kindref="member">linphone_core_set_audio_payload_types()</ref> instead.  <donotwrap />   </para></listitem>
<varlistentry><term><anchor id="deprecated_1_deprecated000076"/>Global <ref refid="group__proxies_1ga2082f2c37ffbf5d46e8d20ae8bccc2a4" kindref="member">linphone_core_set_default_proxy</ref>  (lc, config)</term></varlistentry>
<listitem><para>Use <ref refid="group__proxies_1ga4df28789d61c5d2e4b562094b46ed319" kindref="member">linphone_core_set_default_proxy_config()</ref> instead. </para></listitem>
<varlistentry><term><anchor id="deprecated_1_deprecated000083"/>Global <ref refid="group__network__parameters_1gaa16b668fa1ec6529b5fb4c7b09d9822f" kindref="member">linphone_core_set_firewall_policy</ref>  (LinphoneCore *lc, LinphoneFirewallPolicy pol)</term></varlistentry>
<listitem><para>Use <ref refid="group__network__parameters_1gad4a583bc56e9fec5b6fe647f9147d200" kindref="member">linphone_core_set_nat_policy()</ref> instead.  <donotwrap />   </para></listitem>
<varlistentry><term><anchor id="deprecated_1_deprecated000068"/>Global <ref refid="group__media__parameters_1gab9a63ba38e175b64be9338f750a6c4e9" kindref="member">linphone_core_set_payload_type_bitrate</ref>  (LinphoneCore *lc, OrtpPayloadType *pt, int bitrate)</term></varlistentry>
<listitem><para>Use <ref refid="group__media__parameters_1ga70a18aabffd2cfe221f42fd84c0f58ab" kindref="member">linphone_payload_type_set_normal_bitrate()</ref> instead.  <donotwrap />   </para></listitem>
<varlistentry><term><anchor id="deprecated_1_deprecated000073"/>Global <ref refid="group__media__parameters_1ga47d40050183b11955f4c12925d4305dd" kindref="member">linphone_core_set_payload_type_number</ref>  (LinphoneCore *lc, OrtpPayloadType *pt, int number)</term></varlistentry>
<listitem><para>Use <ref refid="group__media__parameters_1ga93f088d9363f9e768f7048ab50682a10" kindref="member">linphone_payload_type_set_number()</ref> instead  <donotwrap />   </para></listitem>
<varlistentry><term><anchor id="deprecated_1_deprecated000089"/>Global <ref refid="group__media__parameters_1ga4eea890bb7e0dae0da4d02a34729a0ec" kindref="member">linphone_core_set_play_level</ref>  (LinphoneCore *lc, int level)</term></varlistentry>
<listitem><para></para><para> <donotwrap />   </para></listitem>
<varlistentry><term><anchor id="deprecated_1_deprecated000097"/>Global <ref refid="group__media__parameters_1ga7b7dd1b5e086b268dbd05f393f9402af" kindref="member">linphone_core_set_preferred_video_size</ref>  (LinphoneCore *lc, MSVideoSize vsize)</term></varlistentry>
<listitem><para>Use <ref refid="group__media__parameters_1ga3373e3a34ef28f94d16d9946df06c991" kindref="member">linphone_core_set_preferred_video_definition()</ref> instead  </para></listitem>
<varlistentry><term><anchor id="deprecated_1_deprecated000104"/>Global <ref refid="group__media__parameters_1ga35e73bf4c1fb1c1c7f7933579b5d4aa2" kindref="member">linphone_core_set_preferred_video_size_by_name</ref>  (LinphoneCore *lc, const char *name)</term></varlistentry>
<listitem><para>Use <ref refid="group__initializing_1gab10dc49e546c077be553ef6719fdc1ef" kindref="member">linphone_factory_create_video_definition_from_name()</ref> and <ref refid="group__media__parameters_1ga3373e3a34ef28f94d16d9946df06c991" kindref="member">linphone_core_set_preferred_video_definition()</ref> instead  </para></listitem>
<varlistentry><term><anchor id="deprecated_1_deprecated000108"/>Global <ref refid="group__buddy__list_1gabb6d2cac61ac420f3205a849dd59deb3" kindref="member">linphone_core_set_presence_info</ref>  (LinphoneCore *lc, int minutes_away, const char *alternative_contact, LinphoneOnlineStatus os)</term></varlistentry>
<listitem><para>Use <ref refid="group__buddy__list_1ga8b8f1c93a0c9a7d355b1899969058fb3" kindref="member">linphone_core_set_presence_model()</ref> instead  <donotwrap />   </para></listitem>
<varlistentry><term><anchor id="deprecated_1_deprecated000098"/>Global <ref refid="group__media__parameters_1ga1df4ffd3018ff266a9ba681e6fdd0627" kindref="member">linphone_core_set_preview_video_size</ref>  (LinphoneCore *lc, MSVideoSize vsize)</term></varlistentry>
<listitem><para>Use <ref refid="group__media__parameters_1ga1bd5c75a756e58db36fae4e484f587da" kindref="member">linphone_core_set_preview_video_definition()</ref> instead  </para></listitem>
<varlistentry><term><anchor id="deprecated_1_deprecated000099"/>Global <ref refid="group__media__parameters_1ga37096d61a08c3804f95a16b5dba3aa08" kindref="member">linphone_core_set_preview_video_size_by_name</ref>  (LinphoneCore *lc, const char *name)</term></varlistentry>
<listitem><para>Use <ref refid="group__initializing_1gab10dc49e546c077be553ef6719fdc1ef" kindref="member">linphone_factory_create_video_definition_from_name()</ref> and <ref refid="group__media__parameters_1ga1bd5c75a756e58db36fae4e484f587da" kindref="member">linphone_core_set_preview_video_definition()</ref> instead  </para></listitem>
<varlistentry><term><anchor id="deprecated_1_deprecated000090"/>Global <ref refid="group__media__parameters_1ga9f6aeab3bff05a05cc2500e5068009ad" kindref="member">linphone_core_set_rec_level</ref>  (LinphoneCore *lc, int level)</term></varlistentry>
<listitem><para></para><para> <donotwrap />   </para></listitem>
<varlistentry><term><anchor id="deprecated_1_deprecated000088"/>Global <ref refid="group__media__parameters_1ga092e80cb20e96c3a124bc26c7f88e901" kindref="member">linphone_core_set_ring_level</ref>  (LinphoneCore *lc, int level)</term></varlistentry>
<listitem><para> <donotwrap />   </para></listitem>
<varlistentry><term><anchor id="deprecated_1_deprecated000078"/>Global <ref refid="group__network__parameters_1ga60b7f86e8adf615f80df38017f93fc0d" kindref="member">linphone_core_set_sip_port</ref>  (LinphoneCore *lc, int port)</term></varlistentry>
<listitem><para>use <ref refid="group__network__parameters_1ga3bdb9b78916cc32533053afc070df516" kindref="member">linphone_core_set_sip_transports()</ref> instead.  <donotwrap />   </para></listitem>
<varlistentry><term><anchor id="deprecated_1_deprecated000080"/>Global <ref refid="group__network__parameters_1ga3bdb9b78916cc32533053afc070df516" kindref="member">linphone_core_set_sip_transports</ref>  (LinphoneCore *lc, const LinphoneSipTransports *transports)</term></varlistentry>
<listitem><para>Use linphone_core_set_transports instead  <donotwrap />   </para></listitem>
<varlistentry><term><anchor id="deprecated_1_deprecated000063"/>Global <ref refid="group__media__parameters_1ga11a58ee6cbe5cef2b4a843dafa6e3182" kindref="member">linphone_core_set_text_codecs</ref>  (LinphoneCore *lc, bctbx_list_t *codecs)</term></varlistentry>
<listitem><para>Use <ref refid="group__media__parameters_1ga9a7400af1e39cd8e26a753ef561ce18a" kindref="member">linphone_core_set_text_payload_types()</ref> instead.  <donotwrap />   </para></listitem>
<varlistentry><term><anchor id="deprecated_1_deprecated000061"/>Global <ref refid="group__media__parameters_1ga31fa3d37563ba9f12d910da6d4d171f8" kindref="member">linphone_core_set_video_codecs</ref>  (LinphoneCore *lc, bctbx_list_t *codecs)</term></varlistentry>
<listitem><para>Use <ref refid="group__media__parameters_1gad051272626ab85d508292fd3c766f0b3" kindref="member">linphone_core_set_video_payload_types()</ref> instead.  <donotwrap />   </para></listitem>
<varlistentry><term><anchor id="deprecated_1_deprecated000094"/>Global <ref refid="group__media__parameters_1ga1523b4bf159cd17af64c35c28b57496d" kindref="member">linphone_core_set_video_policy</ref>  (LinphoneCore *lc, const LinphoneVideoPolicy *policy)</term></varlistentry>
<listitem><para></para></listitem>
<varlistentry><term><anchor id="deprecated_1_deprecated000049"/>Global <ref refid="group__call__control_1gaaba1ecf1a0201f3ce1d171c3e5ab4d79" kindref="member">linphone_core_terminate_call</ref>  (LinphoneCore *lc, LinphoneCall *call)</term></varlistentry>
<listitem><para>Use <ref refid="group__call__control_1ga141ab348ae0e8601a95744384e732eb7" kindref="member">linphone_call_terminate()</ref> instead  </para></listitem>
<varlistentry><term><anchor id="deprecated_1_deprecated000042"/>Global <ref refid="group__call__control_1ga6644ad98093f28994fe2526beb584a5a" kindref="member">linphone_core_transfer_call</ref>  (LinphoneCore *lc, LinphoneCall *call, const char *refer_to)</term></varlistentry>
<listitem><para>Use <ref refid="group__call__control_1gabc82ea0fde212db0ca3db1936cbeab37" kindref="member">linphone_call_transfer()</ref> instead  </para></listitem>
<varlistentry><term><anchor id="deprecated_1_deprecated000043"/>Global <ref refid="group__call__control_1ga6d75f4e938b36260e906f93b7885cfab" kindref="member">linphone_core_transfer_call_to_another</ref>  (LinphoneCore *lc, LinphoneCall *call, LinphoneCall *dest)</term></varlistentry>
<listitem><para>Use <ref refid="group__call__control_1ga80ce41f9e1bb41ac20930cbb64f875f8" kindref="member">linphone_call_transfer_to_another()</ref> instead  </para></listitem>
<varlistentry><term><anchor id="deprecated_1_deprecated000054"/>Global <ref refid="group__call__control_1ga5e9fc2d960c07f5ad37efd299a90a474" kindref="member">linphone_core_update_call</ref>  (LinphoneCore *lc, LinphoneCall *call, const LinphoneCallParams *params)</term></varlistentry>
<listitem><para>Use <ref refid="group__call__control_1gafc43150942cd163d5ec46828a17df237" kindref="member">linphone_call_update()</ref> instead  </para></listitem>
<varlistentry><term><anchor id="deprecated_1_deprecated000127"/>Global <ref refid="group__buddy__list_1gae5b1340167ca32816d2d3b0a3a055c8d" kindref="member">linphone_friend_destroy</ref>  (LinphoneFriend *lf)</term></varlistentry>
<listitem><para>Use <ref refid="group__buddy__list_1gabee0a23ce17725dcfd1ea36c33744fe6" kindref="member">linphone_friend_unref()</ref> instead.  <donotwrap />   </para></listitem>
<varlistentry><term><anchor id="deprecated_1_deprecated000129"/>Global <ref refid="group__buddy__list_1gaa4f29db5f12bf8284d97460719bfe499" kindref="member">linphone_friend_get_status</ref>  (const LinphoneFriend *lf)</term></varlistentry>
<listitem><para>Use <ref refid="group__buddy__list_1gac60749f61a7322f8ac5abdf87c8de3bf" kindref="member">linphone_friend_get_presence_model()</ref> instead  <donotwrap />   </para></listitem>
<varlistentry><term><anchor id="deprecated_1_deprecated000124"/>Global <ref refid="group__buddy__list_1ga6a130ccfa54cb75fc03703019c58f394" kindref="member">linphone_friend_new</ref>  (void)</term></varlistentry>
<listitem><para>use <ref refid="group__buddy__list_1ga552d28c2df44f9c5483549a8699dff1f" kindref="member">linphone_core_create_friend</ref> instead  <donotwrap />   </para></listitem>
<varlistentry><term><anchor id="deprecated_1_deprecated000126"/>Global <ref refid="group__buddy__list_1ga50a2c81e3b5c2b9ce1a984e339f4d30a" kindref="member">linphone_friend_new_with_addr</ref>  </term></varlistentry>
<listitem><para>Use <ref refid="group__buddy__list_1ga4c6887bc519a483c6a367e84eb8dd187" kindref="member">linphone_friend_new_with_address</ref> instead  </para></listitem>
<varlistentry><term><anchor id="deprecated_1_deprecated000125"/>Global <ref refid="group__buddy__list_1ga4c6887bc519a483c6a367e84eb8dd187" kindref="member">linphone_friend_new_with_address</ref>  (const char *addr)</term></varlistentry>
<listitem><para>use <ref refid="group__buddy__list_1gab2a2bf6d1b43488927c0e842e08f66c9" kindref="member">linphone_core_create_friend_with_address</ref> instead  <donotwrap />   </para></listitem>
<varlistentry><term><anchor id="deprecated_1_deprecated000128"/>Global <ref refid="group__buddy__list_1gaafd06626e9edf2c76ae85ec3351d38b2" kindref="member">linphone_friend_set_addr</ref>  </term></varlistentry>
<listitem><para>Use <ref refid="group__buddy__list_1ga0d8802cedba64ac44cfb624026aa16f7" kindref="member">linphone_friend_set_address</ref> instead  </para></listitem>
<varlistentry><term><anchor id="deprecated_1_deprecated000130"/>Global <ref refid="group__misc_1ga3699a472da6c55677e14294c961d128f" kindref="member">linphone_info_message_destroy</ref>  (LinphoneInfoMessage *im)</term></varlistentry>
<listitem><para>Use <ref refid="group__misc_1ga637de84b906fdf9b16423ca5fe55f241" kindref="member">linphone_info_message_unref()</ref> instead.  <donotwrap />   </para></listitem>
<varlistentry><term><anchor id="deprecated_1_deprecated000136"/>Global <ref refid="group__proxies_1ga454d93372a1a089fe938e2ee475c7a8a" kindref="member">linphone_proxy_config_destroy</ref>  (LinphoneProxyConfig *cfg)</term></varlistentry>
<listitem><para> <donotwrap />   </para></listitem>
<varlistentry><term><anchor id="deprecated_1_deprecated000138"/>Global <ref refid="group__proxies_1ga1455616c1b22e5ebccb56ba4557280f7" kindref="member">linphone_proxy_config_enable_avpf</ref>  (LinphoneProxyConfig *cfg, bool_t enable)</term></varlistentry>
<listitem><para>use <ref refid="group__proxies_1ga3bbd52c26bdbc7df7fb84f804101a6d8" kindref="member">linphone_proxy_config_set_avpf_mode()</ref>  <donotwrap />   </para></listitem>
<varlistentry><term><anchor id="deprecated_1_deprecated000135"/>Global <ref refid="group__proxies_1ga24cee22ec8347c97b6757f0bcb9f8dbe" kindref="member">linphone_proxy_config_get_identity</ref>  (const LinphoneProxyConfig *cfg)</term></varlistentry>
<listitem><para>use <ref refid="group__proxies_1gaf11990682f68c340e914b2962cf088b1" kindref="member">linphone_proxy_config_get_identity_address()</ref>  <donotwrap />   </para></listitem>
<varlistentry><term><anchor id="deprecated_1_deprecated000134"/>Global <ref refid="group__proxies_1ga4fda970e7f94e39eae6f80935b77b8d0" kindref="member">linphone_proxy_config_is_registered</ref>  (const LinphoneProxyConfig *cfg)</term></varlistentry>
<listitem><para>Use <ref refid="group__proxies_1ga5ae722780e8c0a03545736c01bb7018b" kindref="member">linphone_proxy_config_get_state()</ref> instead.  <donotwrap />   </para></listitem>
<varlistentry><term><anchor id="deprecated_1_deprecated000132"/>Global <ref refid="group__proxies_1gac435e6efb12fedf8a016745c88ee09a4" kindref="member">linphone_proxy_config_new</ref>  (void)</term></varlistentry>
<listitem><para>, use <ref refid="group__proxies_1ga165451afd911ce954c3c7a0880fe52f5" kindref="member">linphone_core_create_proxy_config</ref> instead  <donotwrap />   </para></listitem>
<varlistentry><term><anchor id="deprecated_1_deprecated000137"/>Global <ref refid="group__proxies_1ga37c772255042876d0c713073209c5fa4" kindref="member">linphone_proxy_config_normalize_number</ref>  (LinphoneProxyConfig *proxy, const char *username, char *result, size_t result_len)</term></varlistentry>
<listitem><para>use <ref refid="group__proxies_1ga77b72de9ab152d8792615623cc5e8964" kindref="member">linphone_proxy_config_normalize_phone_number()</ref>  <donotwrap />   </para></listitem>
<varlistentry><term><anchor id="deprecated_1_deprecated000133"/>Global <ref refid="group__proxies_1ga978c00a218b907a2f98fc59f5d217805" kindref="member">linphone_proxy_config_set_identity</ref>  (LinphoneProxyConfig *cfg, const char *identity)</term></varlistentry>
<listitem><para>Use <ref refid="group__proxies_1ga0980474bbee09845232fdf4ed6f300f6" kindref="member">linphone_proxy_config_set_identity_address()</ref>  <donotwrap />   </para></listitem>
<varlistentry><term><anchor id="deprecated_1_deprecated000142"/>Global <ref refid="group__tunnel_1ga8e56c8bd91a630e36eee0b4444840654" kindref="member">linphone_tunnel_auto_detect</ref>  (LinphoneTunnel *tunnel)</term></varlistentry>
<listitem><para>Replaced by linphone_tunnel_set_mode(LinphoneTunnelModeAuto)  <donotwrap />   </para></listitem>
<varlistentry><term><anchor id="deprecated_1_deprecated000143"/>Global <ref refid="group__tunnel_1ga33ddcc837865707f7919ead2b3d998f5" kindref="member">linphone_tunnel_auto_detect_enabled</ref>  (LinphoneTunnel *tunnel)</term></varlistentry>
<listitem><para>Replaced by <ref refid="group__tunnel_1gaf526043ec604b44782b5eedc2a806a40" kindref="member">linphone_tunnel_get_mode()</ref>  <donotwrap />   </para></listitem>
<varlistentry><term><anchor id="deprecated_1_deprecated000139"/>Global <ref refid="group__tunnel_1ga8356ca53f3f0f7d5220f5f3ba3b80cc5" kindref="member">linphone_tunnel_config_destroy</ref>  (LinphoneTunnelConfig *tunnel)</term></varlistentry>
<listitem><para>use <ref refid="group__tunnel_1ga33f6342a82b43174b8e5a3ca87d4f532" kindref="member">linphone_tunnel_config_unref()</ref>.  <donotwrap />   </para></listitem>
<varlistentry><term><anchor id="deprecated_1_deprecated000140"/>Global <ref refid="group__tunnel_1gaf215fabef9349712e323aed676a41da9" kindref="member">linphone_tunnel_enable</ref>  (LinphoneTunnel *tunnel, bool_t enabled)</term></varlistentry>
<listitem><para>Replaced by <ref refid="group__tunnel_1ga2ff9779aefdb5455c3509d75cf89a88c" kindref="member">linphone_tunnel_set_mode()</ref>  <donotwrap />   </para></listitem>
<varlistentry><term><anchor id="deprecated_1_deprecated000141"/>Global <ref refid="group__tunnel_1gaf0f50dce4bb56e248232bc72fbb6cc5b" kindref="member">linphone_tunnel_enabled</ref>  (const LinphoneTunnel *tunnel)</term></varlistentry>
<listitem><para>Replaced by <ref refid="group__tunnel_1gaf526043ec604b44782b5eedc2a806a40" kindref="member">linphone_tunnel_get_mode()</ref>  <donotwrap />   </para></listitem>
<varlistentry><term><anchor id="deprecated_1_deprecated000152"/>Global <ref refid="group__carddav__vcard_1ga76bd449da0fa3d24a111e413ccd10592" kindref="member">linphone_vcard_free</ref>  (LinphoneVcard *vCard)</term></varlistentry>
<listitem><para>Use <ref refid="group__carddav__vcard_1ga7836283a1e82814fbd55513be27bb852" kindref="member">linphone_vcard_unref()</ref> or belle_sip_object_unref() instead.  <donotwrap />   </para></listitem>
<varlistentry><term><anchor id="deprecated_1_deprecated000151"/>Global <ref refid="group__carddav__vcard_1gaea61c899c2f7bb5b1594075c448e6963" kindref="member">linphone_vcard_new</ref>  (void)</term></varlistentry>
<listitem><para>Use <ref refid="group__initializing_1gadc2a4f8d711702768ddd86f267e6e66d" kindref="member">linphone_factory_create_vcard()</ref> instead.  <donotwrap />   </para></listitem>
<varlistentry><term><anchor id="deprecated_1_deprecated000018"/>Global <ref refid="group__chatroom_1ga6941eb2e156092085642187f5cf92530" kindref="member">LinphoneChatMessageStateChangedCb</ref>  )(LinphoneChatMessage *msg, LinphoneChatMessageState state, void *ud)</term></varlistentry>
<listitem><para>Use LinphoneChatMessageCbsMsgStateChangedCb instead.  <donotwrap />   </para></listitem>
<varlistentry><term><anchor id="deprecated_1_deprecated000019"/>Global <ref refid="group__initializing_1ga5af9f41a4dd97c8352252bdbb0d4284b" kindref="member">LinphoneCoreTextMessageReceivedCb</ref>  )(LinphoneCore *lc, LinphoneChatRoom *room, const LinphoneAddress *from, const char *message)</term></varlistentry>
<listitem><para>use <ref refid="group__initializing_1ga4e9690585a5e6d2b4685c4bd19bbd5a3" kindref="member">LinphoneCoreMessageReceivedCb</ref> instead.  <donotwrap />   </para></listitem>
<varlistentry><term><anchor id="deprecated_1_deprecated000145"/>Global <ref refid="group__network__parameters_1ga833aa818e8216f35ef12f86767806129" kindref="member">LinphoneFirewallPolicy</ref>  </term></varlistentry>
<listitem><para>Use <ref refid="group__network__parameters_1gabcd02b5383f812275c66875588b76180" kindref="member">LinphoneNatPolicy</ref> instead.  <donotwrap />   </para></listitem>
<varlistentry><term><anchor id="deprecated_1_deprecated000145"/>Global <ref refid="group__network__parameters_1ga833aa818e8216f35ef12f86767806129" kindref="member">LinphoneFirewallPolicy</ref>  </term></varlistentry>
<listitem><para>Use <ref refid="group__network__parameters_1gabcd02b5383f812275c66875588b76180" kindref="member">LinphoneNatPolicy</ref> instead.  <donotwrap />   </para></listitem>
<varlistentry><term><anchor id="deprecated_1_deprecated000149"/>Global <ref refid="group__media__parameters_1gaeed6d89bc1be0d534a584a951c816a2f" kindref="member">LinphoneVideoPolicy</ref>  </term></varlistentry>
<listitem><para> <donotwrap />   </para></listitem>
<varlistentry><term><anchor id="deprecated_1_deprecated000149"/>Global <ref refid="group__media__parameters_1gaeed6d89bc1be0d534a584a951c816a2f" kindref="member">LinphoneVideoPolicy</ref>  </term></varlistentry>
<listitem><para> <donotwrap />   </para></listitem>
<varlistentry><term><anchor id="deprecated_1_deprecated000029"/>Global <ref refid="group__initializing_1ga66dcb36a9b8dc5652a5c466d3e538094" kindref="member">ShowInterfaceCb</ref>  )(LinphoneCore *lc)</term></varlistentry>
<listitem><para> <donotwrap />  </para></listitem>
</variablelist>
</para>    </detaileddescription>
  </compounddef>
</doxygen>
