<?xml version='1.0' encoding='UTF-8' standalone='no'?>
<doxygen xmlns:xsi="http://www.w3.org/2001/XMLSchema-instance" xsi:noNamespaceSchemaLocation="compound.xsd" version="1.8.13">
  <compounddef id="dictionary_8h" kind="file" language="C++">
    <compoundname>dictionary.h</compoundname>
    <includes refid="types_8h" local="yes">linphone/types.h</includes>
    <includedby refid="core_8h" local="yes">core.h</includedby>
      <sectiondef kind="func">
      <memberdef kind="function" id="dictionary_8h_1af4b39cb9af8c6d751acefa562d7ea929" prot="public" static="no" const="no" explicit="no" inline="no" virt="non-virtual">
        <type>LinphoneDictionary *</type>
        <definition>LinphoneDictionary* linphone_dictionary_new</definition>
        <argsstring>(void)</argsstring>
        <name>linphone_dictionary_new</name>
        <param>
          <type>void</type>
        </param>
        <briefdescription>
        </briefdescription>
        <detaileddescription>
        </detaileddescription>
        <inbodydescription>
        </inbodydescription>
        <location file="/Users/S0U1SB4N3/test006/linphone-desktop/submodules/linphone/include/linphone/dictionary.h" line="29" column="1"/>
      </memberdef>
      <memberdef kind="function" id="dictionary_8h_1a2d52e58814ed9d0a829100c0a5f0f347" prot="public" static="no" const="no" explicit="no" inline="no" virt="non-virtual">
        <type>LinphoneDictionary *</type>
        <definition>LinphoneDictionary* linphone_dictionary_clone</definition>
        <argsstring>(const LinphoneDictionary *src)</argsstring>
        <name>linphone_dictionary_clone</name>
        <param>
          <type>const LinphoneDictionary *</type>
          <declname>src</declname>
        </param>
        <briefdescription>
        </briefdescription>
        <detaileddescription>
        </detaileddescription>
        <inbodydescription>
        </inbodydescription>
        <location file="/Users/S0U1SB4N3/test006/linphone-desktop/submodules/linphone/include/linphone/dictionary.h" line="31" column="1"/>
      </memberdef>
      <memberdef kind="function" id="dictionary_8h_1a4f11f8a7c5a05f028b7002ebb6c22880" prot="public" static="no" const="no" explicit="no" inline="no" virt="non-virtual">
        <type>LinphoneDictionary *</type>
        <definition>LinphoneDictionary* linphone_dictionary_ref</definition>
        <argsstring>(LinphoneDictionary *obj)</argsstring>
        <name>linphone_dictionary_ref</name>
        <param>
          <type>LinphoneDictionary *</type>
          <declname>obj</declname>
        </param>
        <briefdescription>
        </briefdescription>
        <detaileddescription>
        </detaileddescription>
        <inbodydescription>
        </inbodydescription>
        <location file="/Users/S0U1SB4N3/test006/linphone-desktop/submodules/linphone/include/linphone/dictionary.h" line="33" column="1"/>
      </memberdef>
      <memberdef kind="function" id="dictionary_8h_1a8987448a89abb06888456434f1e41aa6" prot="public" static="no" const="no" explicit="no" inline="no" virt="non-virtual">
        <type>void</type>
        <definition>void linphone_dictionary_unref</definition>
        <argsstring>(LinphoneDictionary *obj)</argsstring>
        <name>linphone_dictionary_unref</name>
        <param>
          <type>LinphoneDictionary *</type>
          <declname>obj</declname>
        </param>
        <briefdescription>
        </briefdescription>
        <detaileddescription>
        </detaileddescription>
        <inbodydescription>
        </inbodydescription>
        <location file="/Users/S0U1SB4N3/test006/linphone-desktop/submodules/linphone/include/linphone/dictionary.h" line="35" column="1"/>
      </memberdef>
      <memberdef kind="function" id="dictionary_8h_1a826a3e0896bb97d26624ad0394b7182e" prot="public" static="no" const="no" explicit="no" inline="no" virt="non-virtual">
        <type>void</type>
        <definition>void linphone_dictionary_set_int</definition>
        <argsstring>(LinphoneDictionary *obj, const char *key, int value)</argsstring>
        <name>linphone_dictionary_set_int</name>
        <param>
          <type>LinphoneDictionary *</type>
          <declname>obj</declname>
        </param>
        <param>
          <type>const char *</type>
          <declname>key</declname>
        </param>
        <param>
          <type>int</type>
          <declname>value</declname>
        </param>
        <briefdescription>
        </briefdescription>
        <detaileddescription>
        </detaileddescription>
        <inbodydescription>
        </inbodydescription>
        <location file="/Users/S0U1SB4N3/test006/linphone-desktop/submodules/linphone/include/linphone/dictionary.h" line="37" column="1"/>
      </memberdef>
      <memberdef kind="function" id="dictionary_8h_1aaa3a244b4fb2b6fe4340439184ecf8e2" prot="public" static="no" const="no" explicit="no" inline="no" virt="non-virtual">
        <type>int</type>
        <definition>int linphone_dictionary_get_int</definition>
        <argsstring>(LinphoneDictionary *obj, const char *key, int default_value)</argsstring>
        <name>linphone_dictionary_get_int</name>
        <param>
          <type>LinphoneDictionary *</type>
          <declname>obj</declname>
        </param>
        <param>
          <type>const char *</type>
          <declname>key</declname>
        </param>
        <param>
          <type>int</type>
          <declname>default_value</declname>
        </param>
        <briefdescription>
        </briefdescription>
        <detaileddescription>
        </detaileddescription>
        <inbodydescription>
        </inbodydescription>
        <location file="/Users/S0U1SB4N3/test006/linphone-desktop/submodules/linphone/include/linphone/dictionary.h" line="39" column="1"/>
      </memberdef>
      <memberdef kind="function" id="dictionary_8h_1ac573fea62de69f281091542da17009de" prot="public" static="no" const="no" explicit="no" inline="no" virt="non-virtual">
        <type>void</type>
        <definition>void linphone_dictionary_set_string</definition>
        <argsstring>(LinphoneDictionary *obj, const char *key, const char *value)</argsstring>
        <name>linphone_dictionary_set_string</name>
        <param>
          <type>LinphoneDictionary *</type>
          <declname>obj</declname>
        </param>
        <param>
          <type>const char *</type>
          <declname>key</declname>
        </param>
        <param>
          <type>const char *</type>
          <declname>value</declname>
        </param>
        <briefdescription>
        </briefdescription>
        <detaileddescription>
        </detaileddescription>
        <inbodydescription>
        </inbodydescription>
        <location file="/Users/S0U1SB4N3/test006/linphone-desktop/submodules/linphone/include/linphone/dictionary.h" line="41" column="1"/>
      </memberdef>
      <memberdef kind="function" id="dictionary_8h_1a3b0554204438a9b92d5d3f1a6835e712" prot="public" static="no" const="no" explicit="no" inline="no" virt="non-virtual">
        <type>const char *</type>
        <definition>const char* linphone_dictionary_get_string</definition>
        <argsstring>(LinphoneDictionary *obj, const char *key, const char *default_value)</argsstring>
        <name>linphone_dictionary_get_string</name>
        <param>
          <type>LinphoneDictionary *</type>
          <declname>obj</declname>
        </param>
        <param>
          <type>const char *</type>
          <declname>key</declname>
        </param>
        <param>
          <type>const char *</type>
          <declname>default_value</declname>
        </param>
        <briefdescription>
        </briefdescription>
        <detaileddescription>
        </detaileddescription>
        <inbodydescription>
        </inbodydescription>
        <location file="/Users/S0U1SB4N3/test006/linphone-desktop/submodules/linphone/include/linphone/dictionary.h" line="43" column="1"/>
      </memberdef>
      <memberdef kind="function" id="dictionary_8h_1a6a2bec5189a4db6b16ba93c507aaa206" prot="public" static="no" const="no" explicit="no" inline="no" virt="non-virtual">
        <type>void</type>
        <definition>void linphone_dictionary_set_int64</definition>
        <argsstring>(LinphoneDictionary *obj, const char *key, int64_t value)</argsstring>
        <name>linphone_dictionary_set_int64</name>
        <param>
          <type>LinphoneDictionary *</type>
          <declname>obj</declname>
        </param>
        <param>
          <type>const char *</type>
          <declname>key</declname>
        </param>
        <param>
          <type>int64_t</type>
          <declname>value</declname>
        </param>
        <briefdescription>
        </briefdescription>
        <detaileddescription>
        </detaileddescription>
        <inbodydescription>
        </inbodydescription>
        <location file="/Users/S0U1SB4N3/test006/linphone-desktop/submodules/linphone/include/linphone/dictionary.h" line="45" column="1"/>
      </memberdef>
      <memberdef kind="function" id="dictionary_8h_1adbfb063ede3de88cb30b32a107c49f62" prot="public" static="no" const="no" explicit="no" inline="no" virt="non-virtual">
        <type>int64_t</type>
        <definition>int64_t linphone_dictionary_get_int64</definition>
        <argsstring>(LinphoneDictionary *obj, const char *key, int64_t default_value)</argsstring>
        <name>linphone_dictionary_get_int64</name>
        <param>
          <type>LinphoneDictionary *</type>
          <declname>obj</declname>
        </param>
        <param>
          <type>const char *</type>
          <declname>key</declname>
        </param>
        <param>
          <type>int64_t</type>
          <declname>default_value</declname>
        </param>
        <briefdescription>
        </briefdescription>
        <detaileddescription>
        </detaileddescription>
        <inbodydescription>
        </inbodydescription>
        <location file="/Users/S0U1SB4N3/test006/linphone-desktop/submodules/linphone/include/linphone/dictionary.h" line="47" column="1"/>
      </memberdef>
      <memberdef kind="function" id="dictionary_8h_1ad15c691d22c13750fa012516f4e982d2" prot="public" static="no" const="no" explicit="no" inline="no" virt="non-virtual">
        <type><ref refid="group__misc_1ga06cc4f9926a5e15e2ec4f9b1305d2936" kindref="member">LinphoneStatus</ref></type>
        <definition>LinphoneStatus linphone_dictionary_remove</definition>
        <argsstring>(LinphoneDictionary *obj, const char *key)</argsstring>
        <name>linphone_dictionary_remove</name>
        <param>
          <type>LinphoneDictionary *</type>
          <declname>obj</declname>
        </param>
        <param>
          <type>const char *</type>
          <declname>key</declname>
        </param>
        <briefdescription>
        </briefdescription>
        <detaileddescription>
        </detaileddescription>
        <inbodydescription>
        </inbodydescription>
        <location file="/Users/S0U1SB4N3/test006/linphone-desktop/submodules/linphone/include/linphone/dictionary.h" line="49" column="1"/>
      </memberdef>
      <memberdef kind="function" id="dictionary_8h_1a59723b7c932f562575718f38ff179441" prot="public" static="no" const="no" explicit="no" inline="no" virt="non-virtual">
        <type>void</type>
        <definition>void linphone_dictionary_clear</definition>
        <argsstring>(LinphoneDictionary *obj)</argsstring>
        <name>linphone_dictionary_clear</name>
        <param>
          <type>LinphoneDictionary *</type>
          <declname>obj</declname>
        </param>
        <briefdescription>
        </briefdescription>
        <detaileddescription>
        </detaileddescription>
        <inbodydescription>
        </inbodydescription>
        <location file="/Users/S0U1SB4N3/test006/linphone-desktop/submodules/linphone/include/linphone/dictionary.h" line="51" column="1"/>
      </memberdef>
      <memberdef kind="function" id="dictionary_8h_1ac288841ae50bc15e284aa3accdb4a18b" prot="public" static="no" const="no" explicit="no" inline="no" virt="non-virtual">
        <type><ref refid="group__misc_1ga06cc4f9926a5e15e2ec4f9b1305d2936" kindref="member">LinphoneStatus</ref></type>
        <definition>LinphoneStatus linphone_dictionary_haskey</definition>
        <argsstring>(const LinphoneDictionary *obj, const char *key)</argsstring>
        <name>linphone_dictionary_haskey</name>
        <param>
          <type>const LinphoneDictionary *</type>
          <declname>obj</declname>
        </param>
        <param>
          <type>const char *</type>
          <declname>key</declname>
        </param>
        <briefdescription>
        </briefdescription>
        <detaileddescription>
        </detaileddescription>
        <inbodydescription>
        </inbodydescription>
        <location file="/Users/S0U1SB4N3/test006/linphone-desktop/submodules/linphone/include/linphone/dictionary.h" line="53" column="1"/>
      </memberdef>
      <memberdef kind="function" id="dictionary_8h_1a6a0e725e3cd871670ee1e4f053661c3c" prot="public" static="no" const="no" explicit="no" inline="no" virt="non-virtual">
        <type>void</type>
        <definition>void linphone_dictionary_foreach</definition>
        <argsstring>(const LinphoneDictionary *obj, void(*apply_func)(const char *key, void *value, void *userdata), void *userdata)</argsstring>
        <name>linphone_dictionary_foreach</name>
        <param>
          <type>const LinphoneDictionary *</type>
          <declname>obj</declname>
        </param>
        <param>
          <type>void(*)(const char *key, void *value, void *userdata)</type>
          <declname>apply_func</declname>
        </param>
        <param>
          <type>void *</type>
          <declname>userdata</declname>
        </param>
        <briefdescription>
        </briefdescription>
        <detaileddescription>
        </detaileddescription>
        <inbodydescription>
        </inbodydescription>
        <location file="/Users/S0U1SB4N3/test006/linphone-desktop/submodules/linphone/include/linphone/dictionary.h" line="55" column="1"/>
      </memberdef>
      </sectiondef>
    <briefdescription>
    </briefdescription>
    <detaileddescription>
    </detaileddescription>
    <programlisting>
<codeline lineno="1"><highlight class="comment">/*</highlight></codeline>
<codeline lineno="2"><highlight class="comment">dictionary.h</highlight></codeline>
<codeline lineno="3"><highlight class="comment">Copyright<sp/>(C)<sp/>2016<sp/><sp/>Belledonne<sp/>Communications<sp/>SARL</highlight></codeline>
<codeline lineno="4"><highlight class="comment"></highlight></codeline>
<codeline lineno="5"><highlight class="comment">This<sp/>program<sp/>is<sp/>free<sp/>software;<sp/>you<sp/>can<sp/>redistribute<sp/>it<sp/>and/or</highlight></codeline>
<codeline lineno="6"><highlight class="comment">modify<sp/>it<sp/>under<sp/>the<sp/>terms<sp/>of<sp/>the<sp/>GNU<sp/>General<sp/>Public<sp/>License</highlight></codeline>
<codeline lineno="7"><highlight class="comment">as<sp/>published<sp/>by<sp/>the<sp/>Free<sp/>Software<sp/>Foundation;<sp/>either<sp/>version<sp/>2</highlight></codeline>
<codeline lineno="8"><highlight class="comment">of<sp/>the<sp/>License,<sp/>or<sp/>(at<sp/>your<sp/>option)<sp/>any<sp/>later<sp/>version.</highlight></codeline>
<codeline lineno="9"><highlight class="comment"></highlight></codeline>
<codeline lineno="10"><highlight class="comment">This<sp/>program<sp/>is<sp/>distributed<sp/>in<sp/>the<sp/>hope<sp/>that<sp/>it<sp/>will<sp/>be<sp/>useful,</highlight></codeline>
<codeline lineno="11"><highlight class="comment">but<sp/>WITHOUT<sp/>ANY<sp/>WARRANTY;<sp/>without<sp/>even<sp/>the<sp/>implied<sp/>warranty<sp/>of</highlight></codeline>
<codeline lineno="12"><highlight class="comment">MERCHANTABILITY<sp/>or<sp/>FITNESS<sp/>FOR<sp/>A<sp/>PARTICULAR<sp/>PURPOSE.<sp/><sp/>See<sp/>the</highlight></codeline>
<codeline lineno="13"><highlight class="comment">GNU<sp/>General<sp/>Public<sp/>License<sp/>for<sp/>more<sp/>details.</highlight></codeline>
<codeline lineno="14"><highlight class="comment"></highlight></codeline>
<codeline lineno="15"><highlight class="comment">You<sp/>should<sp/>have<sp/>received<sp/>a<sp/>copy<sp/>of<sp/>the<sp/>GNU<sp/>General<sp/>Public<sp/>License</highlight></codeline>
<codeline lineno="16"><highlight class="comment">along<sp/>with<sp/>this<sp/>program;<sp/>if<sp/>not,<sp/>write<sp/>to<sp/>the<sp/>Free<sp/>Software</highlight></codeline>
<codeline lineno="17"><highlight class="comment">Foundation,<sp/>Inc.,<sp/>51<sp/>Franklin<sp/>Street,<sp/>Fifth<sp/>Floor,<sp/>Boston,<sp/>MA<sp/><sp/>02110-1301,<sp/>USA.</highlight></codeline>
<codeline lineno="18"><highlight class="comment">*/</highlight><highlight class="normal"></highlight></codeline>
<codeline lineno="19"><highlight class="normal"></highlight></codeline>
<codeline lineno="20"><highlight class="normal"></highlight><highlight class="preprocessor">#ifndef<sp/>LINPHONE_DICTIONARY_H</highlight><highlight class="normal"></highlight></codeline>
<codeline lineno="21"><highlight class="normal"></highlight><highlight class="preprocessor">#define<sp/>LINPHONE_DICTIONARY_H</highlight><highlight class="normal"></highlight></codeline>
<codeline lineno="22"><highlight class="normal"></highlight></codeline>
<codeline lineno="23"><highlight class="normal"></highlight><highlight class="preprocessor">#include<sp/>&quot;linphone/types.h&quot;</highlight><highlight class="normal"></highlight></codeline>
<codeline lineno="24"><highlight class="normal"></highlight></codeline>
<codeline lineno="25"><highlight class="normal"></highlight><highlight class="preprocessor">#ifdef<sp/>__cplusplus</highlight><highlight class="normal"></highlight></codeline>
<codeline lineno="26"><highlight class="normal"></highlight><highlight class="keyword">extern</highlight><highlight class="normal"><sp/></highlight><highlight class="stringliteral">&quot;C&quot;</highlight><highlight class="normal"><sp/>{</highlight></codeline>
<codeline lineno="27"><highlight class="normal"></highlight><highlight class="preprocessor">#endif</highlight><highlight class="normal"></highlight></codeline>
<codeline lineno="28"><highlight class="normal"></highlight></codeline>
<codeline lineno="29"><highlight class="normal">LINPHONE_PUBLIC<sp/>LinphoneDictionary*<sp/>linphone_dictionary_new(</highlight><highlight class="keywordtype">void</highlight><highlight class="normal">);</highlight></codeline>
<codeline lineno="30"><highlight class="normal"></highlight></codeline>
<codeline lineno="31"><highlight class="normal">LINPHONE_PUBLIC<sp/>LinphoneDictionary<sp/>*<sp/>linphone_dictionary_clone(</highlight><highlight class="keyword">const</highlight><highlight class="normal"><sp/>LinphoneDictionary*<sp/>src);</highlight></codeline>
<codeline lineno="32"><highlight class="normal"></highlight></codeline>
<codeline lineno="33"><highlight class="normal">LINPHONE_PUBLIC<sp/>LinphoneDictionary<sp/>*<sp/>linphone_dictionary_ref(LinphoneDictionary*<sp/>obj);</highlight></codeline>
<codeline lineno="34"><highlight class="normal"></highlight></codeline>
<codeline lineno="35"><highlight class="normal">LINPHONE_PUBLIC<sp/></highlight><highlight class="keywordtype">void</highlight><highlight class="normal"><sp/>linphone_dictionary_unref(LinphoneDictionary*<sp/>obj);</highlight></codeline>
<codeline lineno="36"><highlight class="normal"></highlight></codeline>
<codeline lineno="37"><highlight class="normal">LINPHONE_PUBLIC<sp/></highlight><highlight class="keywordtype">void</highlight><highlight class="normal"><sp/>linphone_dictionary_set_int(LinphoneDictionary*<sp/>obj,<sp/></highlight><highlight class="keyword">const</highlight><highlight class="normal"><sp/></highlight><highlight class="keywordtype">char</highlight><highlight class="normal">*<sp/>key,<sp/></highlight><highlight class="keywordtype">int</highlight><highlight class="normal"><sp/>value);</highlight></codeline>
<codeline lineno="38"><highlight class="normal"></highlight></codeline>
<codeline lineno="39"><highlight class="normal">LINPHONE_PUBLIC<sp/></highlight><highlight class="keywordtype">int</highlight><highlight class="normal"><sp/>linphone_dictionary_get_int(LinphoneDictionary*<sp/>obj,<sp/></highlight><highlight class="keyword">const</highlight><highlight class="normal"><sp/></highlight><highlight class="keywordtype">char</highlight><highlight class="normal">*<sp/>key,<sp/></highlight><highlight class="keywordtype">int</highlight><highlight class="normal"><sp/>default_value);</highlight></codeline>
<codeline lineno="40"><highlight class="normal"></highlight></codeline>
<codeline lineno="41"><highlight class="normal">LINPHONE_PUBLIC<sp/></highlight><highlight class="keywordtype">void</highlight><highlight class="normal"><sp/>linphone_dictionary_set_string(LinphoneDictionary*<sp/>obj,<sp/></highlight><highlight class="keyword">const</highlight><highlight class="normal"><sp/></highlight><highlight class="keywordtype">char</highlight><highlight class="normal">*<sp/>key,<sp/></highlight><highlight class="keyword">const</highlight><highlight class="normal"><sp/></highlight><highlight class="keywordtype">char</highlight><highlight class="normal">*value);</highlight></codeline>
<codeline lineno="42"><highlight class="normal"></highlight></codeline>
<codeline lineno="43"><highlight class="normal">LINPHONE_PUBLIC<sp/></highlight><highlight class="keyword">const</highlight><highlight class="normal"><sp/></highlight><highlight class="keywordtype">char</highlight><highlight class="normal">*<sp/>linphone_dictionary_get_string(LinphoneDictionary*<sp/>obj,<sp/></highlight><highlight class="keyword">const</highlight><highlight class="normal"><sp/></highlight><highlight class="keywordtype">char</highlight><highlight class="normal">*<sp/>key,<sp/></highlight><highlight class="keyword">const</highlight><highlight class="normal"><sp/></highlight><highlight class="keywordtype">char</highlight><highlight class="normal">*<sp/>default_value);</highlight></codeline>
<codeline lineno="44"><highlight class="normal"></highlight></codeline>
<codeline lineno="45"><highlight class="normal">LINPHONE_PUBLIC<sp/></highlight><highlight class="keywordtype">void</highlight><highlight class="normal"><sp/>linphone_dictionary_set_int64(LinphoneDictionary*<sp/>obj,<sp/></highlight><highlight class="keyword">const</highlight><highlight class="normal"><sp/></highlight><highlight class="keywordtype">char</highlight><highlight class="normal">*<sp/>key,<sp/>int64_t<sp/>value);</highlight></codeline>
<codeline lineno="46"><highlight class="normal"></highlight></codeline>
<codeline lineno="47"><highlight class="normal">LINPHONE_PUBLIC<sp/>int64_t<sp/>linphone_dictionary_get_int64(LinphoneDictionary*<sp/>obj,<sp/></highlight><highlight class="keyword">const</highlight><highlight class="normal"><sp/></highlight><highlight class="keywordtype">char</highlight><highlight class="normal">*<sp/>key,<sp/>int64_t<sp/>default_value);</highlight></codeline>
<codeline lineno="48"><highlight class="normal"></highlight></codeline>
<codeline lineno="49"><highlight class="normal">LINPHONE_PUBLIC<sp/><ref refid="group__misc_1ga06cc4f9926a5e15e2ec4f9b1305d2936" kindref="member">LinphoneStatus</ref><sp/>linphone_dictionary_remove(LinphoneDictionary*<sp/>obj,<sp/></highlight><highlight class="keyword">const</highlight><highlight class="normal"><sp/></highlight><highlight class="keywordtype">char</highlight><highlight class="normal">*<sp/>key);</highlight></codeline>
<codeline lineno="50"><highlight class="normal"></highlight></codeline>
<codeline lineno="51"><highlight class="normal">LINPHONE_PUBLIC<sp/></highlight><highlight class="keywordtype">void</highlight><highlight class="normal"><sp/>linphone_dictionary_clear(LinphoneDictionary*<sp/>obj);</highlight></codeline>
<codeline lineno="52"><highlight class="normal"></highlight></codeline>
<codeline lineno="53"><highlight class="normal">LINPHONE_PUBLIC<sp/><ref refid="group__misc_1ga06cc4f9926a5e15e2ec4f9b1305d2936" kindref="member">LinphoneStatus</ref><sp/>linphone_dictionary_haskey(</highlight><highlight class="keyword">const</highlight><highlight class="normal"><sp/>LinphoneDictionary*<sp/>obj,<sp/></highlight><highlight class="keyword">const</highlight><highlight class="normal"><sp/></highlight><highlight class="keywordtype">char</highlight><highlight class="normal">*<sp/>key);</highlight></codeline>
<codeline lineno="54"><highlight class="normal"></highlight></codeline>
<codeline lineno="55"><highlight class="normal">LINPHONE_PUBLIC<sp/></highlight><highlight class="keywordtype">void</highlight><highlight class="normal"><sp/>linphone_dictionary_foreach(<sp/></highlight><highlight class="keyword">const</highlight><highlight class="normal"><sp/>LinphoneDictionary*<sp/>obj,<sp/></highlight><highlight class="keywordtype">void</highlight><highlight class="normal"><sp/>(*apply_func)(</highlight><highlight class="keyword">const</highlight><highlight class="normal"><sp/></highlight><highlight class="keywordtype">char</highlight><highlight class="normal">*key,<sp/></highlight><highlight class="keywordtype">void</highlight><highlight class="normal">*<sp/>value,<sp/></highlight><highlight class="keywordtype">void</highlight><highlight class="normal">*<sp/>userdata),<sp/></highlight><highlight class="keywordtype">void</highlight><highlight class="normal">*<sp/>userdata);</highlight></codeline>
<codeline lineno="56"><highlight class="normal"></highlight></codeline>
<codeline lineno="57"><highlight class="normal"></highlight><highlight class="preprocessor">#ifdef<sp/>__cplusplus</highlight><highlight class="normal"></highlight></codeline>
<codeline lineno="58"><highlight class="normal">}</highlight></codeline>
<codeline lineno="59"><highlight class="normal"></highlight><highlight class="preprocessor">#endif</highlight><highlight class="normal"></highlight></codeline>
<codeline lineno="60"><highlight class="normal"></highlight></codeline>
<codeline lineno="61"><highlight class="normal"></highlight><highlight class="preprocessor">#endif<sp/></highlight><highlight class="comment">/*<sp/>LINPHONE_DICTIONARY_H<sp/>*/</highlight><highlight class="preprocessor"></highlight></codeline>
    </programlisting>
    <location file="/Users/S0U1SB4N3/test006/linphone-desktop/submodules/linphone/include/linphone/dictionary.h"/>
  </compounddef>
</doxygen>
