<?xml version='1.0' encoding='UTF-8' standalone='no'?>
<doxygen xmlns:xsi="http://www.w3.org/2001/XMLSchema-instance" xsi:noNamespaceSchemaLocation="compound.xsd" version="1.8.13">
  <compounddef id="dir_527496d0944488e897364a6d211c78eb" kind="dir">
    <compoundname>examples</compoundname>
    <innerdir refid="dir_5ec0b5934d40a41d76af3cc4b2a75203">C</innerdir>
    <briefdescription>
    </briefdescription>
    <detaileddescription>
    </detaileddescription>
    <location file="/Users/S0U1SB4N3/test006/linphone-desktop/submodules/linphone/coreapi/help/examples/"/>
  </compounddef>
</doxygen>
