<?xml version='1.0' encoding='UTF-8' standalone='no'?>
<doxygen xmlns:xsi="http://www.w3.org/2001/XMLSchema-instance" xsi:noNamespaceSchemaLocation="compound.xsd" version="1.8.13">
  <compounddef id="filetransfer_8c" kind="file" language="C++">
    <compoundname>filetransfer.c</compoundname>
    <includes refid="core_8h" local="yes">linphone/core.h</includes>
    <includes local="no">signal.h</includes>
    <incdepgraph>
      <node id="59">
        <label>filetransfer.c</label>
        <link refid="filetransfer_8c"/>
        <childnode refid="60" relation="include">
        </childnode>
      </node>
      <node id="60">
        <label>signal.h</label>
      </node>
    </incdepgraph>
      <sectiondef kind="var">
      <memberdef kind="variable" id="filetransfer_8c_1a873eb02d943c873d26b7ea9c74a0fb59" prot="public" static="yes" mutable="no">
        <type>bool_t</type>
        <definition>bool_t running</definition>
        <argsstring></argsstring>
        <name>running</name>
        <initializer>=TRUE</initializer>
        <briefdescription>
        </briefdescription>
        <detaileddescription>
        </detaileddescription>
        <inbodydescription>
        </inbodydescription>
        <location file="/Users/S0U1SB4N3/test006/linphone-desktop/submodules/linphone/coreapi/help/examples/C/filetransfer.c" line="39" column="1" bodyfile="/Users/S0U1SB4N3/test006/linphone-desktop/submodules/linphone/coreapi/help/examples/C/filetransfer.c" bodystart="39" bodyend="-1"/>
      </memberdef>
      <memberdef kind="variable" id="filetransfer_8c_1a77ab792b632620ba19bcb928d286871b" prot="public" static="no" mutable="no">
        <type>char</type>
        <definition>char big_file[128000]</definition>
        <argsstring>[128000]</argsstring>
        <name>big_file</name>
        <briefdescription>
        </briefdescription>
        <detaileddescription>
        </detaileddescription>
        <inbodydescription>
        </inbodydescription>
        <location file="/Users/S0U1SB4N3/test006/linphone-desktop/submodules/linphone/coreapi/help/examples/C/filetransfer.c" line="83" column="1" bodyfile="/Users/S0U1SB4N3/test006/linphone-desktop/submodules/linphone/coreapi/help/examples/C/filetransfer.c" bodystart="83" bodyend="-1"/>
      </memberdef>
      <memberdef kind="variable" id="filetransfer_8c_1ad393f046b5aa75c1e2491a53039fd01c" prot="public" static="no" mutable="no">
        <type><ref refid="group__initializing_1gaa5cf635b82dd338e7ee2dd3599d05f0a" kindref="member">LinphoneCore</ref> *</type>
        <definition>LinphoneCore* lc</definition>
        <argsstring></argsstring>
        <name>lc</name>
        <briefdescription>
        </briefdescription>
        <detaileddescription>
        </detaileddescription>
        <inbodydescription>
        </inbodydescription>
        <location file="/Users/S0U1SB4N3/test006/linphone-desktop/submodules/linphone/coreapi/help/examples/C/filetransfer.c" line="116" column="1" bodyfile="/Users/S0U1SB4N3/test006/linphone-desktop/submodules/linphone/coreapi/help/examples/C/filetransfer.c" bodystart="116" bodyend="-1"/>
      </memberdef>
      </sectiondef>
      <sectiondef kind="func">
      <memberdef kind="function" id="filetransfer_8c_1a1ab8fd77778ea9e24fbb4c6fc11ece84" prot="public" static="yes" const="no" explicit="no" inline="no" virt="non-virtual">
        <type>void</type>
        <definition>static void stop</definition>
        <argsstring>(int signum)</argsstring>
        <name>stop</name>
        <param>
          <type>int</type>
          <declname>signum</declname>
        </param>
        <briefdescription>
        </briefdescription>
        <detaileddescription>
        </detaileddescription>
        <inbodydescription>
        </inbodydescription>
        <location file="/Users/S0U1SB4N3/test006/linphone-desktop/submodules/linphone/coreapi/help/examples/C/filetransfer.c" line="41" column="1" bodyfile="/Users/S0U1SB4N3/test006/linphone-desktop/submodules/linphone/coreapi/help/examples/C/filetransfer.c" bodystart="41" bodyend="43"/>
      </memberdef>
      <memberdef kind="function" id="filetransfer_8c_1a18cc56324b45a8cd7cc7ff5e3a368d4a" prot="public" static="yes" const="no" explicit="no" inline="no" virt="non-virtual">
        <type>void</type>
        <definition>static void file_transfer_progress_indication</definition>
        <argsstring>(LinphoneChatMessage *message, const LinphoneContent *content, size_t offset, size_t total)</argsstring>
        <name>file_transfer_progress_indication</name>
        <param>
          <type><ref refid="group__chatroom_1gada79c4417919389b5247e254279f7833" kindref="member">LinphoneChatMessage</ref> *</type>
          <declname>message</declname>
        </param>
        <param>
          <type>const <ref refid="group__misc_1gaec435ed53168e70535e64b69a906304b" kindref="member">LinphoneContent</ref> *</type>
          <declname>content</declname>
        </param>
        <param>
          <type>size_t</type>
          <declname>offset</declname>
        </param>
        <param>
          <type>size_t</type>
          <declname>total</declname>
        </param>
        <briefdescription>
<para>function invoked to report file transfer progress. </para>        </briefdescription>
        <detaileddescription>
        </detaileddescription>
        <inbodydescription>
        </inbodydescription>
        <location file="/Users/S0U1SB4N3/test006/linphone-desktop/submodules/linphone/coreapi/help/examples/C/filetransfer.c" line="47" column="1" bodyfile="/Users/S0U1SB4N3/test006/linphone-desktop/submodules/linphone/coreapi/help/examples/C/filetransfer.c" bodystart="47" bodyend="58"/>
      </memberdef>
      <memberdef kind="function" id="filetransfer_8c_1a04c12ce363fa26302cd1a095d67a2e34" prot="public" static="yes" const="no" explicit="no" inline="no" virt="non-virtual">
        <type>void</type>
        <definition>static void file_transfer_received</definition>
        <argsstring>(LinphoneChatMessage *message, const LinphoneContent *content, const LinphoneBuffer *buffer)</argsstring>
        <name>file_transfer_received</name>
        <param>
          <type><ref refid="group__chatroom_1gada79c4417919389b5247e254279f7833" kindref="member">LinphoneChatMessage</ref> *</type>
          <declname>message</declname>
        </param>
        <param>
          <type>const <ref refid="group__misc_1gaec435ed53168e70535e64b69a906304b" kindref="member">LinphoneContent</ref> *</type>
          <declname>content</declname>
        </param>
        <param>
          <type>const <ref refid="group__misc_1ga888e911d654b9cf07b994538c28160de" kindref="member">LinphoneBuffer</ref> *</type>
          <declname>buffer</declname>
        </param>
        <briefdescription>
<para>function invoked when a file transfer is received. </para>        </briefdescription>
        <detaileddescription>
        </detaileddescription>
        <inbodydescription>
        </inbodydescription>
        <location file="/Users/S0U1SB4N3/test006/linphone-desktop/submodules/linphone/coreapi/help/examples/C/filetransfer.c" line="62" column="1" bodyfile="/Users/S0U1SB4N3/test006/linphone-desktop/submodules/linphone/coreapi/help/examples/C/filetransfer.c" bodystart="62" bodyend="81"/>
      </memberdef>
      <memberdef kind="function" id="filetransfer_8c_1a159ac7b97beb7fe5cc70fa39be18558c" prot="public" static="yes" const="no" explicit="no" inline="no" virt="non-virtual">
        <type><ref refid="group__misc_1ga888e911d654b9cf07b994538c28160de" kindref="member">LinphoneBuffer</ref> *</type>
        <definition>static LinphoneBuffer* file_transfer_send</definition>
        <argsstring>(LinphoneChatMessage *message, const LinphoneContent *content, size_t offset, size_t size)</argsstring>
        <name>file_transfer_send</name>
        <param>
          <type><ref refid="group__chatroom_1gada79c4417919389b5247e254279f7833" kindref="member">LinphoneChatMessage</ref> *</type>
          <declname>message</declname>
        </param>
        <param>
          <type>const <ref refid="group__misc_1gaec435ed53168e70535e64b69a906304b" kindref="member">LinphoneContent</ref> *</type>
          <declname>content</declname>
        </param>
        <param>
          <type>size_t</type>
          <declname>offset</declname>
        </param>
        <param>
          <type>size_t</type>
          <declname>size</declname>
        </param>
        <briefdescription>
        </briefdescription>
        <detaileddescription>
        </detaileddescription>
        <inbodydescription>
        </inbodydescription>
        <location file="/Users/S0U1SB4N3/test006/linphone-desktop/submodules/linphone/coreapi/help/examples/C/filetransfer.c" line="88" column="1" bodyfile="/Users/S0U1SB4N3/test006/linphone-desktop/submodules/linphone/coreapi/help/examples/C/filetransfer.c" bodystart="88" bodyend="92"/>
      </memberdef>
      <memberdef kind="function" id="filetransfer_8c_1ae03cad5a9d1727f605b114bac69101e8" prot="public" static="yes" const="no" explicit="no" inline="no" virt="non-virtual">
        <type>void</type>
        <definition>static void linphone_file_transfer_state_changed</definition>
        <argsstring>(LinphoneChatMessage *msg, LinphoneChatMessageState state)</argsstring>
        <name>linphone_file_transfer_state_changed</name>
        <param>
          <type><ref refid="group__chatroom_1gada79c4417919389b5247e254279f7833" kindref="member">LinphoneChatMessage</ref> *</type>
          <declname>msg</declname>
        </param>
        <param>
          <type><ref refid="group__chatroom_1ga0d32dafdad12f343a09fc38fa48df136" kindref="member">LinphoneChatMessageState</ref></type>
          <declname>state</declname>
        </param>
        <briefdescription>
        </briefdescription>
        <detaileddescription>
        </detaileddescription>
        <inbodydescription>
        </inbodydescription>
        <location file="/Users/S0U1SB4N3/test006/linphone-desktop/submodules/linphone/coreapi/help/examples/C/filetransfer.c" line="97" column="1" bodyfile="/Users/S0U1SB4N3/test006/linphone-desktop/submodules/linphone/coreapi/help/examples/C/filetransfer.c" bodystart="97" bodyend="103"/>
      </memberdef>
      <memberdef kind="function" id="filetransfer_8c_1ae29ab0d2463ca7258da6e6fbc6c3e1b2" prot="public" static="yes" const="no" explicit="no" inline="no" virt="non-virtual">
        <type>void</type>
        <definition>static void message_received</definition>
        <argsstring>(LinphoneCore *lc, LinphoneChatRoom *cr, LinphoneChatMessage *msg)</argsstring>
        <name>message_received</name>
        <param>
          <type><ref refid="group__initializing_1gaa5cf635b82dd338e7ee2dd3599d05f0a" kindref="member">LinphoneCore</ref> *</type>
          <declname>lc</declname>
        </param>
        <param>
          <type><ref refid="group__chatroom_1ga37902f3fc715b7f6451c241d0efd0299" kindref="member">LinphoneChatRoom</ref> *</type>
          <declname>cr</declname>
        </param>
        <param>
          <type><ref refid="group__chatroom_1gada79c4417919389b5247e254279f7833" kindref="member">LinphoneChatMessage</ref> *</type>
          <declname>msg</declname>
        </param>
        <briefdescription>
        </briefdescription>
        <detaileddescription>
        </detaileddescription>
        <inbodydescription>
        </inbodydescription>
        <location file="/Users/S0U1SB4N3/test006/linphone-desktop/submodules/linphone/coreapi/help/examples/C/filetransfer.c" line="108" column="1" bodyfile="/Users/S0U1SB4N3/test006/linphone-desktop/submodules/linphone/coreapi/help/examples/C/filetransfer.c" bodystart="108" bodyend="114"/>
      </memberdef>
      <memberdef kind="function" id="filetransfer_8c_1a0ddf1224851353fc92bfbff6f499fa97" prot="public" static="no" const="no" explicit="no" inline="no" virt="non-virtual">
        <type>int</type>
        <definition>int main</definition>
        <argsstring>(int argc, char *argv[])</argsstring>
        <name>main</name>
        <param>
          <type>int</type>
          <declname>argc</declname>
        </param>
        <param>
          <type>char *</type>
          <declname>argv</declname>
          <array>[]</array>
        </param>
        <briefdescription>
        </briefdescription>
        <detaileddescription>
        </detaileddescription>
        <inbodydescription>
<para>Globally configure an http file transfer server.</para><para>Fill the application callbacks. The file_transfer_received callback is used in order to get notifications about incoming file reception, file_transfer_send to feed file to be transfered and file_transfer_progress_indication to print progress.</para>        </inbodydescription>
        <location file="/Users/S0U1SB4N3/test006/linphone-desktop/submodules/linphone/coreapi/help/examples/C/filetransfer.c" line="117" column="1" bodyfile="/Users/S0U1SB4N3/test006/linphone-desktop/submodules/linphone/coreapi/help/examples/C/filetransfer.c" bodystart="117" bodyend="198"/>
      </memberdef>
      </sectiondef>
    <briefdescription>
    </briefdescription>
    <detaileddescription>
    </detaileddescription>
    <programlisting>
<codeline lineno="1"><highlight class="normal"></highlight></codeline>
<codeline lineno="2"><highlight class="normal"></highlight><highlight class="comment">/*</highlight></codeline>
<codeline lineno="3"><highlight class="comment">linphone</highlight></codeline>
<codeline lineno="4"><highlight class="comment">Copyright<sp/>(C)<sp/>2010<sp/><sp/>Belledonne<sp/>Communications<sp/>SARL</highlight></codeline>
<codeline lineno="5"><highlight class="comment"></highlight></codeline>
<codeline lineno="6"><highlight class="comment">This<sp/>program<sp/>is<sp/>free<sp/>software;<sp/>you<sp/>can<sp/>redistribute<sp/>it<sp/>and/or</highlight></codeline>
<codeline lineno="7"><highlight class="comment">modify<sp/>it<sp/>under<sp/>the<sp/>terms<sp/>of<sp/>the<sp/>GNU<sp/>General<sp/>Public<sp/>License</highlight></codeline>
<codeline lineno="8"><highlight class="comment">as<sp/>published<sp/>by<sp/>the<sp/>Free<sp/>Software<sp/>Foundation;<sp/>either<sp/>version<sp/>2</highlight></codeline>
<codeline lineno="9"><highlight class="comment">of<sp/>the<sp/>License,<sp/>or<sp/>(at<sp/>your<sp/>option)<sp/>any<sp/>later<sp/>version.</highlight></codeline>
<codeline lineno="10"><highlight class="comment"></highlight></codeline>
<codeline lineno="11"><highlight class="comment">This<sp/>program<sp/>is<sp/>distributed<sp/>in<sp/>the<sp/>hope<sp/>that<sp/>it<sp/>will<sp/>be<sp/>useful,</highlight></codeline>
<codeline lineno="12"><highlight class="comment">but<sp/>WITHOUT<sp/>ANY<sp/>WARRANTY;<sp/>without<sp/>even<sp/>the<sp/>implied<sp/>warranty<sp/>of</highlight></codeline>
<codeline lineno="13"><highlight class="comment">MERCHANTABILITY<sp/>or<sp/>FITNESS<sp/>FOR<sp/>A<sp/>PARTICULAR<sp/>PURPOSE.<sp/><sp/>See<sp/>the</highlight></codeline>
<codeline lineno="14"><highlight class="comment">GNU<sp/>General<sp/>Public<sp/>License<sp/>for<sp/>more<sp/>details.</highlight></codeline>
<codeline lineno="15"><highlight class="comment"></highlight></codeline>
<codeline lineno="16"><highlight class="comment">You<sp/>should<sp/>have<sp/>received<sp/>a<sp/>copy<sp/>of<sp/>the<sp/>GNU<sp/>General<sp/>Public<sp/>License</highlight></codeline>
<codeline lineno="17"><highlight class="comment">along<sp/>with<sp/>this<sp/>program;<sp/>if<sp/>not,<sp/>write<sp/>to<sp/>the<sp/>Free<sp/>Software</highlight></codeline>
<codeline lineno="18"><highlight class="comment">Foundation,<sp/>Inc.,<sp/>51<sp/>Franklin<sp/>Street,<sp/>Fifth<sp/>Floor,<sp/>Boston,<sp/>MA<sp/><sp/>02110-1301,<sp/>USA.</highlight></codeline>
<codeline lineno="19"><highlight class="comment">*/</highlight><highlight class="normal"></highlight></codeline>
<codeline lineno="20"><highlight class="normal"></highlight></codeline>
<codeline lineno="35"><highlight class="preprocessor">#include<sp/>&quot;linphone/core.h&quot;</highlight><highlight class="normal"></highlight></codeline>
<codeline lineno="36"><highlight class="normal"></highlight></codeline>
<codeline lineno="37"><highlight class="normal"></highlight><highlight class="preprocessor">#include<sp/>&lt;signal.h&gt;</highlight><highlight class="normal"></highlight></codeline>
<codeline lineno="38"><highlight class="normal"></highlight></codeline>
<codeline lineno="39"><highlight class="normal"></highlight><highlight class="keyword">static</highlight><highlight class="normal"><sp/>bool_t<sp/>running=TRUE;</highlight></codeline>
<codeline lineno="40"><highlight class="normal"></highlight></codeline>
<codeline lineno="41"><highlight class="normal"></highlight><highlight class="keyword">static</highlight><highlight class="normal"><sp/></highlight><highlight class="keywordtype">void</highlight><highlight class="normal"><sp/>stop(</highlight><highlight class="keywordtype">int</highlight><highlight class="normal"><sp/>signum){</highlight></codeline>
<codeline lineno="42"><highlight class="normal"><sp/><sp/><sp/><sp/><sp/><sp/><sp/><sp/>running=FALSE;</highlight></codeline>
<codeline lineno="43"><highlight class="normal">}</highlight></codeline>
<codeline lineno="47"><highlight class="keyword">static</highlight><highlight class="normal"><sp/></highlight><highlight class="keywordtype">void</highlight><highlight class="normal"><sp/>file_transfer_progress_indication(<ref refid="group__chatroom_1gada79c4417919389b5247e254279f7833" kindref="member">LinphoneChatMessage</ref><sp/>*message,<sp/></highlight><highlight class="keyword">const</highlight><highlight class="normal"><sp/><ref refid="group__misc_1gaec435ed53168e70535e64b69a906304b" kindref="member">LinphoneContent</ref>*<sp/>content,<sp/></highlight><highlight class="keywordtype">size_t</highlight><highlight class="normal"><sp/>offset,<sp/></highlight><highlight class="keywordtype">size_t</highlight><highlight class="normal"><sp/>total)<sp/>{</highlight></codeline>
<codeline lineno="48"><highlight class="normal"><sp/><sp/><sp/><sp/><sp/><sp/><sp/><sp/></highlight><highlight class="keyword">const</highlight><highlight class="normal"><sp/><ref refid="group__linphone__address_1ga5af5a516ac253e3cda4f51b599a5385b" kindref="member">LinphoneAddress</ref>*<sp/>from_address<sp/>=<sp/><ref refid="group__chatroom_1ga6201809af11d783c6619a681829fe546" kindref="member">linphone_chat_message_get_from</ref>(message);</highlight></codeline>
<codeline lineno="49"><highlight class="normal"><sp/><sp/><sp/><sp/><sp/><sp/><sp/><sp/></highlight><highlight class="keyword">const</highlight><highlight class="normal"><sp/><ref refid="group__linphone__address_1ga5af5a516ac253e3cda4f51b599a5385b" kindref="member">LinphoneAddress</ref>*<sp/>to_address<sp/>=<sp/><ref refid="group__chatroom_1ga140c91cbca50e5df05525434bb76f7b1" kindref="member">linphone_chat_message_get_to</ref>(message);</highlight></codeline>
<codeline lineno="50"><highlight class="normal"><sp/><sp/><sp/><sp/><sp/><sp/><sp/><sp/></highlight><highlight class="keywordtype">char</highlight><highlight class="normal"><sp/>*address<sp/>=<sp/><ref refid="group__chatroom_1ga850ae9e1523cbddb1d668dd984909d2b" kindref="member">linphone_chat_message_is_outgoing</ref>(message)?<ref refid="group__linphone__address_1ga24c1a16f49f8b72f2bab65cc5d8a51af" kindref="member">linphone_address_as_string</ref>(to_address):<ref refid="group__linphone__address_1ga24c1a16f49f8b72f2bab65cc5d8a51af" kindref="member">linphone_address_as_string</ref>(from_address);</highlight></codeline>
<codeline lineno="51"><highlight class="normal"><sp/><sp/><sp/><sp/><sp/><sp/><sp/><sp/>printf(</highlight><highlight class="stringliteral">&quot;<sp/>File<sp/>transfer<sp/><sp/>[%d%%]<sp/>%s<sp/>of<sp/>type<sp/>[%s/%s]<sp/>%s<sp/>[%s]<sp/>\n&quot;</highlight><highlight class="normal">,<sp/>(</highlight><highlight class="keywordtype">int</highlight><highlight class="normal">)((offset<sp/>*100)/total)</highlight></codeline>
<codeline lineno="52"><highlight class="normal"><sp/><sp/><sp/><sp/><sp/><sp/><sp/><sp/><sp/><sp/><sp/><sp/><sp/><sp/><sp/><sp/><sp/><sp/><sp/><sp/><sp/><sp/><sp/><sp/><sp/><sp/><sp/><sp/><sp/><sp/><sp/><sp/><sp/><sp/><sp/><sp/><sp/><sp/><sp/><sp/><sp/><sp/><sp/><sp/><sp/><sp/><sp/><sp/><sp/><sp/><sp/><sp/><sp/><sp/><sp/><sp/><sp/><sp/><sp/><sp/><sp/><sp/><sp/><sp/><sp/><sp/><sp/><sp/><sp/><sp/><sp/><sp/><sp/><sp/><sp/><sp/><sp/><sp/><sp/><sp/><sp/><sp/><sp/><sp/><sp/><sp/><sp/><sp/><sp/><sp/><sp/><sp/><sp/><sp/><sp/><sp/><sp/><sp/><sp/><sp/><sp/><sp/><sp/><sp/><sp/><sp/><sp/><sp/><sp/><sp/><sp/><sp/><sp/><sp/><sp/><sp/><sp/><sp/><sp/><sp/><sp/><sp/><sp/><sp/><sp/><sp/><sp/><sp/><sp/><sp/><sp/><sp/><sp/><sp/><sp/><sp/>,(<ref refid="group__chatroom_1ga850ae9e1523cbddb1d668dd984909d2b" kindref="member">linphone_chat_message_is_outgoing</ref>(message)?</highlight><highlight class="stringliteral">&quot;sent&quot;</highlight><highlight class="normal">:</highlight><highlight class="stringliteral">&quot;received&quot;</highlight><highlight class="normal">)</highlight></codeline>
<codeline lineno="53"><highlight class="normal"><sp/><sp/><sp/><sp/><sp/><sp/><sp/><sp/><sp/><sp/><sp/><sp/><sp/><sp/><sp/><sp/><sp/><sp/><sp/><sp/><sp/><sp/><sp/><sp/><sp/><sp/><sp/><sp/><sp/><sp/><sp/><sp/><sp/><sp/><sp/><sp/><sp/><sp/><sp/><sp/><sp/><sp/><sp/><sp/><sp/><sp/><sp/><sp/><sp/><sp/><sp/><sp/><sp/><sp/><sp/><sp/><sp/><sp/><sp/><sp/><sp/><sp/><sp/><sp/><sp/><sp/><sp/><sp/><sp/><sp/><sp/><sp/><sp/><sp/><sp/><sp/><sp/><sp/><sp/><sp/><sp/><sp/><sp/><sp/><sp/><sp/><sp/><sp/><sp/><sp/><sp/><sp/><sp/><sp/><sp/><sp/><sp/><sp/><sp/><sp/><sp/><sp/><sp/><sp/><sp/><sp/><sp/><sp/><sp/><sp/><sp/><sp/><sp/><sp/><sp/><sp/><sp/><sp/><sp/><sp/><sp/><sp/><sp/><sp/><sp/><sp/><sp/><sp/><sp/><sp/><sp/><sp/><sp/><sp/><sp/><sp/>,<sp/><ref refid="group__misc_1ga379f8e7745a2de3e455ce0118bf9ef17" kindref="member">linphone_content_get_type</ref>(content)</highlight></codeline>
<codeline lineno="54"><highlight class="normal"><sp/><sp/><sp/><sp/><sp/><sp/><sp/><sp/><sp/><sp/><sp/><sp/><sp/><sp/><sp/><sp/><sp/><sp/><sp/><sp/><sp/><sp/><sp/><sp/><sp/><sp/><sp/><sp/><sp/><sp/><sp/><sp/><sp/><sp/><sp/><sp/><sp/><sp/><sp/><sp/><sp/><sp/><sp/><sp/><sp/><sp/><sp/><sp/><sp/><sp/><sp/><sp/><sp/><sp/><sp/><sp/><sp/><sp/><sp/><sp/><sp/><sp/><sp/><sp/><sp/><sp/><sp/><sp/><sp/><sp/><sp/><sp/><sp/><sp/><sp/><sp/><sp/><sp/><sp/><sp/><sp/><sp/><sp/><sp/><sp/><sp/><sp/><sp/><sp/><sp/><sp/><sp/><sp/><sp/><sp/><sp/><sp/><sp/><sp/><sp/><sp/><sp/><sp/><sp/><sp/><sp/><sp/><sp/><sp/><sp/><sp/><sp/><sp/><sp/><sp/><sp/><sp/><sp/><sp/><sp/><sp/><sp/><sp/><sp/><sp/><sp/><sp/><sp/><sp/><sp/><sp/><sp/><sp/><sp/><sp/><sp/>,<sp/><ref refid="group__misc_1ga1db8ed3a33ec65006f7f66f299ff7c90" kindref="member">linphone_content_get_subtype</ref>(content)</highlight></codeline>
<codeline lineno="55"><highlight class="normal"><sp/><sp/><sp/><sp/><sp/><sp/><sp/><sp/><sp/><sp/><sp/><sp/><sp/><sp/><sp/><sp/><sp/><sp/><sp/><sp/><sp/><sp/><sp/><sp/><sp/><sp/><sp/><sp/><sp/><sp/><sp/><sp/><sp/><sp/><sp/><sp/><sp/><sp/><sp/><sp/><sp/><sp/><sp/><sp/><sp/><sp/><sp/><sp/><sp/><sp/><sp/><sp/><sp/><sp/><sp/><sp/><sp/><sp/><sp/><sp/><sp/><sp/><sp/><sp/><sp/><sp/><sp/><sp/><sp/><sp/><sp/><sp/><sp/><sp/><sp/><sp/><sp/><sp/><sp/><sp/><sp/><sp/><sp/><sp/><sp/><sp/><sp/><sp/><sp/><sp/><sp/><sp/><sp/><sp/><sp/><sp/><sp/><sp/><sp/><sp/><sp/><sp/><sp/><sp/><sp/><sp/><sp/><sp/><sp/><sp/><sp/><sp/><sp/><sp/><sp/><sp/><sp/><sp/><sp/><sp/><sp/><sp/><sp/><sp/><sp/><sp/><sp/><sp/><sp/><sp/><sp/><sp/><sp/><sp/><sp/><sp/>,(<ref refid="group__chatroom_1ga850ae9e1523cbddb1d668dd984909d2b" kindref="member">linphone_chat_message_is_outgoing</ref>(message)?</highlight><highlight class="stringliteral">&quot;to&quot;</highlight><highlight class="normal">:</highlight><highlight class="stringliteral">&quot;from&quot;</highlight><highlight class="normal">)</highlight></codeline>
<codeline lineno="56"><highlight class="normal"><sp/><sp/><sp/><sp/><sp/><sp/><sp/><sp/><sp/><sp/><sp/><sp/><sp/><sp/><sp/><sp/><sp/><sp/><sp/><sp/><sp/><sp/><sp/><sp/><sp/><sp/><sp/><sp/><sp/><sp/><sp/><sp/><sp/><sp/><sp/><sp/><sp/><sp/><sp/><sp/><sp/><sp/><sp/><sp/><sp/><sp/><sp/><sp/><sp/><sp/><sp/><sp/><sp/><sp/><sp/><sp/><sp/><sp/><sp/><sp/><sp/><sp/><sp/><sp/><sp/><sp/><sp/><sp/><sp/><sp/><sp/><sp/><sp/><sp/><sp/><sp/><sp/><sp/><sp/><sp/><sp/><sp/><sp/><sp/><sp/><sp/><sp/><sp/><sp/><sp/><sp/><sp/><sp/><sp/><sp/><sp/><sp/><sp/><sp/><sp/><sp/><sp/><sp/><sp/><sp/><sp/><sp/><sp/><sp/><sp/><sp/><sp/><sp/><sp/><sp/><sp/><sp/><sp/><sp/><sp/><sp/><sp/><sp/><sp/><sp/><sp/><sp/><sp/><sp/><sp/><sp/><sp/><sp/><sp/><sp/><sp/>,<sp/>address);</highlight></codeline>
<codeline lineno="57"><highlight class="normal"><sp/><sp/><sp/><sp/><sp/><sp/><sp/><sp/>free(address);</highlight></codeline>
<codeline lineno="58"><highlight class="normal">}</highlight></codeline>
<codeline lineno="62"><highlight class="keyword">static</highlight><highlight class="normal"><sp/></highlight><highlight class="keywordtype">void</highlight><highlight class="normal"><sp/>file_transfer_received(<ref refid="group__chatroom_1gada79c4417919389b5247e254279f7833" kindref="member">LinphoneChatMessage</ref><sp/>*message,<sp/></highlight><highlight class="keyword">const</highlight><highlight class="normal"><sp/><ref refid="group__misc_1gaec435ed53168e70535e64b69a906304b" kindref="member">LinphoneContent</ref>*<sp/>content,<sp/></highlight><highlight class="keyword">const</highlight><highlight class="normal"><sp/><ref refid="group__misc_1ga888e911d654b9cf07b994538c28160de" kindref="member">LinphoneBuffer</ref><sp/>*buffer){</highlight></codeline>
<codeline lineno="63"><highlight class="normal"><sp/><sp/><sp/><sp/><sp/><sp/><sp/><sp/>FILE*<sp/>file=NULL;</highlight></codeline>
<codeline lineno="64"><highlight class="normal"><sp/><sp/><sp/><sp/><sp/><sp/><sp/><sp/></highlight><highlight class="keywordflow">if</highlight><highlight class="normal"><sp/>(!<ref refid="group__chatroom_1ga9223eed845a30a13ed8479c0f4099eb2" kindref="member">linphone_chat_message_get_user_data</ref>(message))<sp/>{</highlight></codeline>
<codeline lineno="65"><highlight class="normal"><sp/><sp/><sp/><sp/><sp/><sp/><sp/><sp/><sp/><sp/><sp/><sp/><sp/><sp/><sp/><sp/></highlight><highlight class="comment">/*first<sp/>chunk,<sp/>creating<sp/>file*/</highlight><highlight class="normal"></highlight></codeline>
<codeline lineno="66"><highlight class="normal"><sp/><sp/><sp/><sp/><sp/><sp/><sp/><sp/><sp/><sp/><sp/><sp/><sp/><sp/><sp/><sp/>file<sp/>=<sp/>fopen(</highlight><highlight class="stringliteral">&quot;receive_file.dump&quot;</highlight><highlight class="normal">,</highlight><highlight class="stringliteral">&quot;wb&quot;</highlight><highlight class="normal">);</highlight></codeline>
<codeline lineno="67"><highlight class="normal"><sp/><sp/><sp/><sp/><sp/><sp/><sp/><sp/><sp/><sp/><sp/><sp/><sp/><sp/><sp/><sp/><ref refid="group__chatroom_1ga4463e59a0a67fc289d935347897a013e" kindref="member">linphone_chat_message_set_user_data</ref>(message,(</highlight><highlight class="keywordtype">void</highlight><highlight class="normal">*)file);<sp/></highlight><highlight class="comment">/*store<sp/>fd<sp/>for<sp/>next<sp/>chunks*/</highlight><highlight class="normal"></highlight></codeline>
<codeline lineno="68"><highlight class="normal"><sp/><sp/><sp/><sp/><sp/><sp/><sp/><sp/>}</highlight></codeline>
<codeline lineno="69"><highlight class="normal"></highlight></codeline>
<codeline lineno="70"><highlight class="normal"><sp/><sp/><sp/><sp/><sp/><sp/><sp/><sp/>file<sp/>=<sp/>(FILE*)<ref refid="group__chatroom_1ga9223eed845a30a13ed8479c0f4099eb2" kindref="member">linphone_chat_message_get_user_data</ref>(message);</highlight></codeline>
<codeline lineno="71"><highlight class="normal"><sp/><sp/><sp/><sp/><sp/><sp/><sp/><sp/></highlight><highlight class="keywordflow">if</highlight><highlight class="normal"><sp/>(<ref refid="group__misc_1ga449783c814a3f009ae7cee6a4ff43ed1" kindref="member">linphone_buffer_is_empty</ref>(buffer))<sp/>{</highlight></codeline>
<codeline lineno="72"><highlight class="normal"><sp/><sp/><sp/><sp/><sp/><sp/><sp/><sp/><sp/><sp/><sp/><sp/><sp/><sp/><sp/><sp/>printf(</highlight><highlight class="stringliteral">&quot;File<sp/>transfert<sp/>completed\n&quot;</highlight><highlight class="normal">);</highlight></codeline>
<codeline lineno="73"><highlight class="normal"><sp/><sp/><sp/><sp/><sp/><sp/><sp/><sp/><sp/><sp/><sp/><sp/><sp/><sp/><sp/><sp/><ref refid="group__chatroom_1ga5de9eb78775fee4bd6250e3005912aef" kindref="member">linphone_chat_message_destroy</ref>(message);</highlight></codeline>
<codeline lineno="74"><highlight class="normal"><sp/><sp/><sp/><sp/><sp/><sp/><sp/><sp/><sp/><sp/><sp/><sp/><sp/><sp/><sp/><sp/>fclose(file);</highlight></codeline>
<codeline lineno="75"><highlight class="normal"><sp/><sp/><sp/><sp/><sp/><sp/><sp/><sp/><sp/><sp/><sp/><sp/><sp/><sp/><sp/><sp/>running=FALSE;</highlight></codeline>
<codeline lineno="76"><highlight class="normal"><sp/><sp/><sp/><sp/><sp/><sp/><sp/><sp/>}<sp/></highlight><highlight class="keywordflow">else</highlight><highlight class="normal"><sp/>{<sp/></highlight><highlight class="comment">/*<sp/>store<sp/>content<sp/>on<sp/>a<sp/>file*/</highlight><highlight class="normal"></highlight></codeline>
<codeline lineno="77"><highlight class="normal"><sp/><sp/><sp/><sp/><sp/><sp/><sp/><sp/><sp/><sp/><sp/><sp/><sp/><sp/><sp/><sp/></highlight><highlight class="keywordflow">if</highlight><highlight class="normal"><sp/>(fwrite(<ref refid="group__misc_1ga179fa8cdf68e85cf83777d6e0b6c86dc" kindref="member">linphone_buffer_get_content</ref>(buffer),<ref refid="group__misc_1gabeeb25bd0d4460a42fecb6dd6e1a62ae" kindref="member">linphone_buffer_get_size</ref>(buffer),1,file)==0){</highlight></codeline>
<codeline lineno="78"><highlight class="normal"><sp/><sp/><sp/><sp/><sp/><sp/><sp/><sp/><sp/><sp/><sp/><sp/><sp/><sp/><sp/><sp/><sp/><sp/><sp/><sp/><sp/><sp/><sp/><sp/>ms_warning(</highlight><highlight class="stringliteral">&quot;file_transfer_received()<sp/>write<sp/>failed:<sp/>%s&quot;</highlight><highlight class="normal">,strerror(errno));</highlight></codeline>
<codeline lineno="79"><highlight class="normal"><sp/><sp/><sp/><sp/><sp/><sp/><sp/><sp/><sp/><sp/><sp/><sp/><sp/><sp/><sp/><sp/>}</highlight></codeline>
<codeline lineno="80"><highlight class="normal"><sp/><sp/><sp/><sp/><sp/><sp/><sp/><sp/>}</highlight></codeline>
<codeline lineno="81"><highlight class="normal">}</highlight></codeline>
<codeline lineno="82"><highlight class="normal"></highlight></codeline>
<codeline lineno="83"><highlight class="normal"></highlight><highlight class="keywordtype">char</highlight><highlight class="normal"><sp/>big_file<sp/>[128000];</highlight></codeline>
<codeline lineno="84"><highlight class="normal"></highlight></codeline>
<codeline lineno="85"><highlight class="normal"></highlight><highlight class="comment">/*</highlight></codeline>
<codeline lineno="86"><highlight class="comment"><sp/>*<sp/>function<sp/>called<sp/>when<sp/>the<sp/>file<sp/>transfer<sp/>is<sp/>initiated.<sp/>file<sp/>content<sp/>should<sp/>be<sp/>feed<sp/>into<sp/>object<sp/>LinphoneContent</highlight></codeline>
<codeline lineno="87"><highlight class="comment"><sp/>*<sp/>*/</highlight><highlight class="normal"></highlight></codeline>
<codeline lineno="88"><highlight class="normal"></highlight><highlight class="keyword">static</highlight><highlight class="normal"><sp/><ref refid="group__misc_1ga888e911d654b9cf07b994538c28160de" kindref="member">LinphoneBuffer</ref><sp/>*<sp/>file_transfer_send(<ref refid="group__chatroom_1gada79c4417919389b5247e254279f7833" kindref="member">LinphoneChatMessage</ref><sp/>*message,<sp/></highlight><highlight class="keyword">const</highlight><highlight class="normal"><sp/><ref refid="group__misc_1gaec435ed53168e70535e64b69a906304b" kindref="member">LinphoneContent</ref>*<sp/>content,<sp/></highlight><highlight class="keywordtype">size_t</highlight><highlight class="normal"><sp/>offset,<sp/></highlight><highlight class="keywordtype">size_t</highlight><highlight class="normal"><sp/>size){</highlight></codeline>
<codeline lineno="89"><highlight class="normal"><sp/><sp/><sp/><sp/><sp/><sp/><sp/><sp/></highlight><highlight class="keywordtype">size_t</highlight><highlight class="normal"><sp/>size_to_send<sp/>=<sp/>MIN(size,<sp/></highlight><highlight class="keyword">sizeof</highlight><highlight class="normal">(big_file)<sp/>-<sp/>offset);</highlight></codeline>
<codeline lineno="90"><highlight class="normal"><sp/><sp/><sp/><sp/><sp/><sp/><sp/><sp/></highlight><highlight class="keywordflow">if</highlight><highlight class="normal"><sp/>(size<sp/>==<sp/>0)<sp/></highlight><highlight class="keywordflow">return</highlight><highlight class="normal"><sp/><ref refid="group__misc_1gac50d9abdb5c99f7d7c0c9022312fdd00" kindref="member">linphone_buffer_new</ref>();<sp/></highlight><highlight class="comment">/*end<sp/>of<sp/>file*/</highlight><highlight class="normal"></highlight></codeline>
<codeline lineno="91"><highlight class="normal"><sp/><sp/><sp/><sp/><sp/><sp/><sp/><sp/></highlight><highlight class="keywordflow">return</highlight><highlight class="normal"><sp/><ref refid="group__misc_1ga62801fde929b49287f9c6e2d357378b2" kindref="member">linphone_buffer_new_from_data</ref>((uint8_t<sp/>*)big_file<sp/>+<sp/>offset,<sp/>size_to_send);</highlight></codeline>
<codeline lineno="92"><highlight class="normal">}</highlight></codeline>
<codeline lineno="93"><highlight class="normal"></highlight></codeline>
<codeline lineno="94"><highlight class="normal"></highlight><highlight class="comment">/*</highlight></codeline>
<codeline lineno="95"><highlight class="comment"><sp/>*<sp/>Call<sp/>back<sp/>to<sp/>get<sp/>delivery<sp/>status<sp/>of<sp/>a<sp/>message</highlight></codeline>
<codeline lineno="96"><highlight class="comment"><sp/>*<sp/>*/</highlight><highlight class="normal"></highlight></codeline>
<codeline lineno="97"><highlight class="normal"></highlight><highlight class="keyword">static</highlight><highlight class="normal"><sp/></highlight><highlight class="keywordtype">void</highlight><highlight class="normal"><sp/>linphone_file_transfer_state_changed(<ref refid="group__chatroom_1gada79c4417919389b5247e254279f7833" kindref="member">LinphoneChatMessage</ref>*<sp/>msg,<ref refid="group__chatroom_1ga0d32dafdad12f343a09fc38fa48df136" kindref="member">LinphoneChatMessageState</ref><sp/>state)<sp/>{</highlight></codeline>
<codeline lineno="98"><highlight class="normal"><sp/><sp/><sp/><sp/><sp/><sp/><sp/><sp/></highlight><highlight class="keyword">const</highlight><highlight class="normal"><sp/><ref refid="group__linphone__address_1ga5af5a516ac253e3cda4f51b599a5385b" kindref="member">LinphoneAddress</ref>*<sp/>to_address<sp/>=<sp/><ref refid="group__chatroom_1ga140c91cbca50e5df05525434bb76f7b1" kindref="member">linphone_chat_message_get_to</ref>(msg);</highlight></codeline>
<codeline lineno="99"><highlight class="normal"><sp/><sp/><sp/><sp/><sp/><sp/><sp/><sp/></highlight><highlight class="keywordtype">char</highlight><highlight class="normal"><sp/>*to<sp/>=<sp/><ref refid="group__linphone__address_1ga24c1a16f49f8b72f2bab65cc5d8a51af" kindref="member">linphone_address_as_string</ref>(to_address);</highlight></codeline>
<codeline lineno="100"><highlight class="normal"><sp/><sp/><sp/><sp/><sp/><sp/><sp/><sp/>printf(</highlight><highlight class="stringliteral">&quot;File<sp/>transfer<sp/>sent<sp/>to<sp/>[%s]<sp/>delivery<sp/>status<sp/>is<sp/>[%s]<sp/>\n&quot;</highlight><highlight class="normal"><sp/><sp/>,<sp/>to</highlight></codeline>
<codeline lineno="101"><highlight class="normal"><sp/><sp/><sp/><sp/><sp/><sp/><sp/><sp/><sp/><sp/><sp/><sp/><sp/><sp/><sp/><sp/><sp/><sp/><sp/><sp/><sp/><sp/><sp/><sp/><sp/><sp/><sp/><sp/><sp/><sp/><sp/><sp/><sp/><sp/><sp/><sp/><sp/><sp/><sp/><sp/><sp/><sp/><sp/><sp/><sp/><sp/><sp/><sp/><sp/><sp/><sp/><sp/><sp/><sp/><sp/><sp/><sp/><sp/><sp/><sp/><sp/><sp/><sp/><sp/><sp/><sp/><sp/><sp/><sp/><sp/><sp/><sp/><sp/><sp/><sp/><sp/><sp/><sp/><sp/><sp/><sp/><sp/><sp/><sp/><sp/><sp/><sp/><sp/><sp/><sp/><sp/><sp/><sp/><sp/><sp/><sp/><sp/><sp/><sp/><sp/><sp/><sp/><sp/><sp/><sp/><sp/><sp/><sp/><sp/><sp/><sp/><sp/><sp/><sp/><sp/><sp/><sp/><sp/><sp/><sp/><sp/><sp/><sp/><sp/><sp/><sp/><sp/><sp/><sp/><sp/><sp/><sp/><sp/><sp/><sp/><sp/>,<sp/>linphone_chat_message_state_to_string(state));</highlight></codeline>
<codeline lineno="102"><highlight class="normal"><sp/><sp/><sp/><sp/><sp/><sp/><sp/><sp/>free(to);</highlight></codeline>
<codeline lineno="103"><highlight class="normal">}</highlight></codeline>
<codeline lineno="104"><highlight class="normal"></highlight></codeline>
<codeline lineno="105"><highlight class="normal"></highlight><highlight class="comment">/*</highlight></codeline>
<codeline lineno="106"><highlight class="comment"><sp/>*<sp/>Call<sp/>back<sp/>called<sp/>when<sp/>a<sp/>message<sp/>is<sp/>received</highlight></codeline>
<codeline lineno="107"><highlight class="comment"><sp/>*/</highlight><highlight class="normal"></highlight></codeline>
<codeline lineno="108"><highlight class="normal"></highlight><highlight class="keyword">static</highlight><highlight class="normal"><sp/></highlight><highlight class="keywordtype">void</highlight><highlight class="normal"><sp/>message_received(<ref refid="group__initializing_1gaa5cf635b82dd338e7ee2dd3599d05f0a" kindref="member">LinphoneCore</ref><sp/>*lc,<sp/><ref refid="group__chatroom_1ga37902f3fc715b7f6451c241d0efd0299" kindref="member">LinphoneChatRoom</ref><sp/>*cr,<sp/><ref refid="group__chatroom_1gada79c4417919389b5247e254279f7833" kindref="member">LinphoneChatMessage</ref><sp/>*msg)<sp/>{</highlight></codeline>
<codeline lineno="109"><highlight class="normal"><sp/><sp/><sp/><sp/><sp/><sp/><sp/><sp/></highlight><highlight class="keyword">const</highlight><highlight class="normal"><sp/><ref refid="group__misc_1gaec435ed53168e70535e64b69a906304b" kindref="member">LinphoneContent</ref><sp/>*file_transfer_info<sp/>=<sp/><ref refid="group__chatroom_1ga09413a0ae2ced9eacd18ad755f5e2c53" kindref="member">linphone_chat_message_get_file_transfer_information</ref>(msg);</highlight></codeline>
<codeline lineno="110"><highlight class="normal"><sp/><sp/><sp/><sp/><sp/><sp/><sp/><sp/>printf<sp/>(</highlight><highlight class="stringliteral">&quot;Do<sp/>you<sp/>really<sp/>want<sp/>to<sp/>download<sp/>%s<sp/>(size<sp/>%ld)?[Y/n]\nOk,<sp/>let&apos;s<sp/>go\n&quot;</highlight><highlight class="normal">,<sp/><ref refid="group__misc_1ga8b2df80a1495b2454db68b277f640712" kindref="member">linphone_content_get_name</ref>(file_transfer_info),<sp/>(</highlight><highlight class="keywordtype">long</highlight><highlight class="normal"><sp/></highlight><highlight class="keywordtype">int</highlight><highlight class="normal">)<ref refid="group__misc_1gae8a4c8a64c5932b64abeef6de29cf6da" kindref="member">linphone_content_get_size</ref>(file_transfer_info));</highlight></codeline>
<codeline lineno="111"><highlight class="normal"></highlight></codeline>
<codeline lineno="112"><highlight class="normal"><sp/><sp/><sp/><sp/><sp/><sp/><sp/><sp/><ref refid="group__chatroom_1gad4b041a53fb91d89d7ef6060687a4f3e" kindref="member">linphone_chat_message_download_file</ref>(msg);</highlight></codeline>
<codeline lineno="113"><highlight class="normal"></highlight></codeline>
<codeline lineno="114"><highlight class="normal">}</highlight></codeline>
<codeline lineno="115"><highlight class="normal"></highlight></codeline>
<codeline lineno="116"><highlight class="normal"><ref refid="group__initializing_1gaa5cf635b82dd338e7ee2dd3599d05f0a" kindref="member">LinphoneCore</ref><sp/>*lc;</highlight></codeline>
<codeline lineno="117"><highlight class="normal"></highlight><highlight class="keywordtype">int</highlight><highlight class="normal"><sp/>main(</highlight><highlight class="keywordtype">int</highlight><highlight class="normal"><sp/>argc,<sp/></highlight><highlight class="keywordtype">char</highlight><highlight class="normal"><sp/>*argv[]){</highlight></codeline>
<codeline lineno="118"><highlight class="normal"><sp/><sp/><sp/><sp/><sp/><sp/><sp/><sp/><ref refid="struct__LinphoneCoreVTable" kindref="compound">LinphoneCoreVTable</ref><sp/>vtable={0};</highlight></codeline>
<codeline lineno="119"><highlight class="normal"></highlight></codeline>
<codeline lineno="120"><highlight class="normal"><sp/><sp/><sp/><sp/><sp/><sp/><sp/><sp/></highlight><highlight class="keyword">const</highlight><highlight class="normal"><sp/></highlight><highlight class="keywordtype">char</highlight><highlight class="normal">*<sp/>dest_friend=NULL;</highlight></codeline>
<codeline lineno="121"><highlight class="normal"><sp/><sp/><sp/><sp/><sp/><sp/><sp/><sp/></highlight><highlight class="keywordtype">size_t</highlight><highlight class="normal"><sp/>i;</highlight></codeline>
<codeline lineno="122"><highlight class="normal"><sp/><sp/><sp/><sp/><sp/><sp/><sp/><sp/></highlight><highlight class="keyword">const</highlight><highlight class="normal"><sp/></highlight><highlight class="keywordtype">char</highlight><highlight class="normal">*<sp/>big_file_content=</highlight><highlight class="stringliteral">&quot;big<sp/>file&quot;</highlight><highlight class="normal">;</highlight></codeline>
<codeline lineno="123"><highlight class="normal"><sp/><sp/><sp/><sp/><sp/><sp/><sp/><sp/><ref refid="group__chatroom_1ga37902f3fc715b7f6451c241d0efd0299" kindref="member">LinphoneChatRoom</ref>*<sp/>chat_room;</highlight></codeline>
<codeline lineno="124"><highlight class="normal"><sp/><sp/><sp/><sp/><sp/><sp/><sp/><sp/><ref refid="group__misc_1gaec435ed53168e70535e64b69a906304b" kindref="member">LinphoneContent</ref>*<sp/>content;</highlight></codeline>
<codeline lineno="125"><highlight class="normal"><sp/><sp/><sp/><sp/><sp/><sp/><sp/><sp/><ref refid="group__chatroom_1gada79c4417919389b5247e254279f7833" kindref="member">LinphoneChatMessage</ref>*<sp/>chat_message;</highlight></codeline>
<codeline lineno="126"><highlight class="normal"><sp/><sp/><sp/><sp/><sp/><sp/><sp/><sp/><ref refid="group__chatroom_1gaa1a715195601cd8885ca3a45bb3a1e6a" kindref="member">LinphoneChatMessageCbs</ref><sp/>*cbs;</highlight></codeline>
<codeline lineno="127"><highlight class="normal"></highlight></codeline>
<codeline lineno="128"><highlight class="normal"><sp/><sp/><sp/><sp/><sp/><sp/><sp/><sp/></highlight><highlight class="comment">/*seting<sp/>dummy<sp/>file<sp/>content<sp/>to<sp/>something*/</highlight><highlight class="normal"></highlight></codeline>
<codeline lineno="129"><highlight class="normal"><sp/><sp/><sp/><sp/><sp/><sp/><sp/><sp/></highlight><highlight class="keywordflow">for</highlight><highlight class="normal"><sp/>(i=0;i&lt;</highlight><highlight class="keyword">sizeof</highlight><highlight class="normal">(big_file);i+=strlen(big_file_content))</highlight></codeline>
<codeline lineno="130"><highlight class="normal"><sp/><sp/><sp/><sp/><sp/><sp/><sp/><sp/><sp/><sp/><sp/><sp/><sp/><sp/><sp/><sp/>memcpy(big_file+i,<sp/>big_file_content,<sp/>strlen(big_file_content));</highlight></codeline>
<codeline lineno="131"><highlight class="normal"></highlight></codeline>
<codeline lineno="132"><highlight class="normal"><sp/><sp/><sp/><sp/><sp/><sp/><sp/><sp/>big_file[0]=*</highlight><highlight class="stringliteral">&quot;S&quot;</highlight><highlight class="normal">;</highlight></codeline>
<codeline lineno="133"><highlight class="normal"><sp/><sp/><sp/><sp/><sp/><sp/><sp/><sp/>big_file[</highlight><highlight class="keyword">sizeof</highlight><highlight class="normal">(big_file)-1]=*</highlight><highlight class="stringliteral">&quot;E&quot;</highlight><highlight class="normal">;</highlight></codeline>
<codeline lineno="134"><highlight class="normal"></highlight></codeline>
<codeline lineno="135"><highlight class="normal"><sp/><sp/><sp/><sp/><sp/><sp/><sp/><sp/>signal(SIGINT,stop);</highlight></codeline>
<codeline lineno="136"><highlight class="normal"></highlight><highlight class="comment">//#define<sp/>DEBUG</highlight><highlight class="normal"></highlight></codeline>
<codeline lineno="137"><highlight class="normal"></highlight><highlight class="preprocessor">#ifdef<sp/>DEBUG</highlight><highlight class="normal"></highlight></codeline>
<codeline lineno="138"><highlight class="normal"><sp/><sp/><sp/><sp/><sp/><sp/><sp/><sp/><ref refid="group__initializing_1ga44ae39ab2801b46f4a56ae70f8735c8e" kindref="member">linphone_core_enable_logs</ref>(NULL);<sp/></highlight><highlight class="comment">/*enable<sp/>liblinphone<sp/>logs.*/</highlight><highlight class="normal"></highlight></codeline>
<codeline lineno="139"><highlight class="normal"></highlight><highlight class="preprocessor">#endif</highlight><highlight class="normal"></highlight></codeline>
<codeline lineno="140"><highlight class="normal"><sp/><sp/><sp/><sp/><sp/><sp/><sp/><sp/>vtable.<ref refid="struct__LinphoneCoreVTable_1ab95d28d6d50c459dc46cb43133d7ceb8" kindref="member">message_received</ref>=message_received;</highlight></codeline>
<codeline lineno="141"><highlight class="normal"></highlight></codeline>
<codeline lineno="142"><highlight class="normal"></highlight></codeline>
<codeline lineno="143"><highlight class="normal"><sp/><sp/><sp/><sp/><sp/><sp/><sp/><sp/></highlight><highlight class="comment">/*</highlight></codeline>
<codeline lineno="144"><highlight class="comment"><sp/><sp/><sp/><sp/><sp/><sp/><sp/><sp/><sp/>Instantiate<sp/>a<sp/>LinphoneCore<sp/>object<sp/>given<sp/>the<sp/>LinphoneCoreVTable</highlight></codeline>
<codeline lineno="145"><highlight class="comment"><sp/><sp/><sp/><sp/><sp/><sp/><sp/><sp/>*/</highlight><highlight class="normal"></highlight></codeline>
<codeline lineno="146"><highlight class="normal"><sp/><sp/><sp/><sp/><sp/><sp/><sp/><sp/>lc=<ref refid="group__initializing_1ga9601ae3c81a1bbf110e84a1a484f3fee" kindref="member">linphone_core_new</ref>(&amp;vtable,NULL,NULL,NULL);</highlight></codeline>
<codeline lineno="147"><highlight class="normal"><sp/><sp/><sp/><sp/><sp/><sp/><sp/><sp/>dest_friend<sp/>=<sp/><ref refid="group__proxies_1ga147c072e33bdf5d44a3b95b28b4b27a1" kindref="member">linphone_core_get_primary_contact</ref>(lc);</highlight></codeline>
<codeline lineno="148"><highlight class="normal"><sp/><sp/><sp/><sp/><sp/><sp/><sp/><sp/>printf(</highlight><highlight class="stringliteral">&quot;Send<sp/>message<sp/>to<sp/>me<sp/>:<sp/>%s\n&quot;</highlight><highlight class="normal">,<sp/>dest_friend);</highlight></codeline>
<codeline lineno="149"><highlight class="normal"></highlight></codeline>
<codeline lineno="153"><highlight class="normal"><sp/><sp/><sp/><sp/><sp/><sp/><sp/><sp/></highlight><highlight class="comment">//linphone_core_set_file_transfer_server(lc,&quot;http://npasc.al/lft.php&quot;);</highlight><highlight class="normal"></highlight></codeline>
<codeline lineno="154"><highlight class="normal"><sp/><sp/><sp/><sp/><sp/><sp/><sp/><sp/><ref refid="group__misc_1gaecfcda3e6cb307251f9de27433e80c3b" kindref="member">linphone_core_set_file_transfer_server</ref>(lc,</highlight><highlight class="stringliteral">&quot;https://www.linphone.org:444/lft.php&quot;</highlight><highlight class="normal">);</highlight></codeline>
<codeline lineno="155"><highlight class="normal"></highlight></codeline>
<codeline lineno="156"><highlight class="normal"></highlight></codeline>
<codeline lineno="157"><highlight class="normal"><sp/><sp/><sp/><sp/><sp/><sp/><sp/><sp/></highlight><highlight class="comment">/*Next<sp/>step<sp/>is<sp/>to<sp/>create<sp/>a<sp/>chat<sp/>room*/</highlight><highlight class="normal"></highlight></codeline>
<codeline lineno="158"><highlight class="normal"><sp/><sp/><sp/><sp/><sp/><sp/><sp/><sp/>chat_room<sp/>=<sp/><ref refid="group__chatroom_1ga0773908efaefd1e00b4b39d2ad20414c" kindref="member">linphone_core_get_chat_room_from_uri</ref>(lc,dest_friend);</highlight></codeline>
<codeline lineno="159"><highlight class="normal"></highlight></codeline>
<codeline lineno="160"><highlight class="normal"><sp/><sp/><sp/><sp/><sp/><sp/><sp/><sp/>content<sp/>=<sp/><ref refid="group__misc_1ga4e4a6859609070e66dc668954b204228" kindref="member">linphone_core_create_content</ref>(lc);</highlight></codeline>
<codeline lineno="161"><highlight class="normal"><sp/><sp/><sp/><sp/><sp/><sp/><sp/><sp/><ref refid="group__misc_1ga66566afd0dfed5aa6ffeef8d01107115" kindref="member">linphone_content_set_type</ref>(content,</highlight><highlight class="stringliteral">&quot;text&quot;</highlight><highlight class="normal">);</highlight></codeline>
<codeline lineno="162"><highlight class="normal"><sp/><sp/><sp/><sp/><sp/><sp/><sp/><sp/><ref refid="group__misc_1gad108bbca12fa637acc4337bfdee84988" kindref="member">linphone_content_set_subtype</ref>(content,</highlight><highlight class="stringliteral">&quot;plain&quot;</highlight><highlight class="normal">);</highlight></codeline>
<codeline lineno="163"><highlight class="normal"><sp/><sp/><sp/><sp/><sp/><sp/><sp/><sp/><ref refid="group__misc_1ga6ffe22ea0b09379882e7d41c27641817" kindref="member">linphone_content_set_size</ref>(content,</highlight><highlight class="keyword">sizeof</highlight><highlight class="normal">(big_file));<sp/></highlight><highlight class="comment">/*total<sp/>size<sp/>to<sp/>be<sp/>transfered*/</highlight><highlight class="normal"></highlight></codeline>
<codeline lineno="164"><highlight class="normal"><sp/><sp/><sp/><sp/><sp/><sp/><sp/><sp/><ref refid="group__misc_1ga777cd7daff08a6f9d9dbfe212c6a7e63" kindref="member">linphone_content_set_name</ref>(content,</highlight><highlight class="stringliteral">&quot;bigfile.txt&quot;</highlight><highlight class="normal">);</highlight></codeline>
<codeline lineno="165"><highlight class="normal"></highlight></codeline>
<codeline lineno="166"><highlight class="normal"><sp/><sp/><sp/><sp/><sp/><sp/><sp/><sp/></highlight><highlight class="comment">/*now<sp/>create<sp/>a<sp/>chat<sp/>message<sp/>with<sp/>custom<sp/>content*/</highlight><highlight class="normal"></highlight></codeline>
<codeline lineno="167"><highlight class="normal"><sp/><sp/><sp/><sp/><sp/><sp/><sp/><sp/>chat_message<sp/>=<sp/><ref refid="group__chatroom_1ga6d95139a5d19cd9b3312e5779630b8d8" kindref="member">linphone_chat_room_create_file_transfer_message</ref>(chat_room,content);</highlight></codeline>
<codeline lineno="168"><highlight class="normal"><sp/><sp/><sp/><sp/><sp/><sp/><sp/><sp/></highlight><highlight class="keywordflow">if</highlight><highlight class="normal"><sp/>(chat_message<sp/>==<sp/>NULL)<sp/>{</highlight></codeline>
<codeline lineno="169"><highlight class="normal"><sp/><sp/><sp/><sp/><sp/><sp/><sp/><sp/><sp/><sp/><sp/><sp/><sp/><sp/><sp/><sp/>printf(</highlight><highlight class="stringliteral">&quot;returned<sp/>message<sp/>is<sp/>null\n&quot;</highlight><highlight class="normal">);</highlight></codeline>
<codeline lineno="170"><highlight class="normal"><sp/><sp/><sp/><sp/><sp/><sp/><sp/><sp/>}</highlight></codeline>
<codeline lineno="171"><highlight class="normal"></highlight></codeline>
<codeline lineno="177"><highlight class="normal"><sp/><sp/><sp/><sp/><sp/><sp/><sp/><sp/>cbs<sp/>=<sp/><ref refid="group__chatroom_1ga2ec794964eed8849b421f315429c16ed" kindref="member">linphone_chat_message_get_callbacks</ref>(chat_message);</highlight></codeline>
<codeline lineno="178"><highlight class="normal"><sp/><sp/><sp/><sp/><sp/><sp/><sp/><sp/><ref refid="group__chatroom_1gabd8db238eb8de64881caa0adc4f15143" kindref="member">linphone_chat_message_cbs_set_file_transfer_recv</ref>(cbs,<sp/>file_transfer_received);</highlight></codeline>
<codeline lineno="179"><highlight class="normal"><sp/><sp/><sp/><sp/><sp/><sp/><sp/><sp/><ref refid="group__chatroom_1gac954da1b1f2bdf4d1fb58f727363c3d0" kindref="member">linphone_chat_message_cbs_set_file_transfer_send</ref>(cbs,<sp/>file_transfer_send);</highlight></codeline>
<codeline lineno="180"><highlight class="normal"><sp/><sp/><sp/><sp/><sp/><sp/><sp/><sp/><ref refid="group__chatroom_1ga78435fdda372ba34eff4d6c0c88aa3e6" kindref="member">linphone_chat_message_cbs_set_file_transfer_progress_indication</ref>(cbs,<sp/>file_transfer_progress_indication);</highlight></codeline>
<codeline lineno="181"><highlight class="normal"><sp/><sp/><sp/><sp/><sp/><sp/><sp/><sp/><ref refid="group__chatroom_1gab89f3415c63f78a817b87dcb9e0f152b" kindref="member">linphone_chat_message_cbs_set_msg_state_changed</ref>(cbs,<sp/>linphone_file_transfer_state_changed);</highlight></codeline>
<codeline lineno="182"><highlight class="normal"></highlight></codeline>
<codeline lineno="183"><highlight class="normal"><sp/><sp/><sp/><sp/><sp/><sp/><sp/><sp/></highlight><highlight class="comment">/*initiating<sp/>file<sp/>transfer*/</highlight><highlight class="normal"></highlight></codeline>
<codeline lineno="184"><highlight class="normal"><sp/><sp/><sp/><sp/><sp/><sp/><sp/><sp/><ref refid="group__chatroom_1ga4f6a53c5c3c0ec9afe7ade876d2da102" kindref="member">linphone_chat_room_send_chat_message</ref>(chat_room,<sp/>chat_message);</highlight></codeline>
<codeline lineno="185"><highlight class="normal"></highlight></codeline>
<codeline lineno="186"><highlight class="normal"><sp/><sp/><sp/><sp/><sp/><sp/><sp/><sp/></highlight><highlight class="comment">/*<sp/>main<sp/>loop<sp/>for<sp/>receiving<sp/>incoming<sp/>messages<sp/>and<sp/>doing<sp/>background<sp/>linphone<sp/>core<sp/>work:<sp/>*/</highlight><highlight class="normal"></highlight></codeline>
<codeline lineno="187"><highlight class="normal"><sp/><sp/><sp/><sp/><sp/><sp/><sp/><sp/></highlight><highlight class="keywordflow">while</highlight><highlight class="normal">(running){</highlight></codeline>
<codeline lineno="188"><highlight class="normal"><sp/><sp/><sp/><sp/><sp/><sp/><sp/><sp/><sp/><sp/><sp/><sp/><sp/><sp/><sp/><sp/><ref refid="group__initializing_1ga7bdac8ac386483fc4e0876e4c5d13755" kindref="member">linphone_core_iterate</ref>(lc);</highlight></codeline>
<codeline lineno="189"><highlight class="normal"><sp/><sp/><sp/><sp/><sp/><sp/><sp/><sp/><sp/><sp/><sp/><sp/><sp/><sp/><sp/><sp/>ms_usleep(50000);</highlight></codeline>
<codeline lineno="190"><highlight class="normal"><sp/><sp/><sp/><sp/><sp/><sp/><sp/><sp/>}</highlight></codeline>
<codeline lineno="191"><highlight class="normal"></highlight></codeline>
<codeline lineno="192"><highlight class="normal"></highlight></codeline>
<codeline lineno="193"><highlight class="normal"><sp/><sp/><sp/><sp/><sp/><sp/><sp/><sp/>printf(</highlight><highlight class="stringliteral">&quot;Shutting<sp/>down...\n&quot;</highlight><highlight class="normal">);</highlight></codeline>
<codeline lineno="194"><highlight class="normal"><sp/><sp/><sp/><sp/><sp/><sp/><sp/><sp/><ref refid="group__misc_1gade43cdd34f75b7dc7235eaf841878557" kindref="member">linphone_content_unref</ref>(content);</highlight></codeline>
<codeline lineno="195"><highlight class="normal"><sp/><sp/><sp/><sp/><sp/><sp/><sp/><sp/><ref refid="group__initializing_1ga500dcd7902ff1b67335134687bf2851d" kindref="member">linphone_core_destroy</ref>(lc);</highlight></codeline>
<codeline lineno="196"><highlight class="normal"><sp/><sp/><sp/><sp/><sp/><sp/><sp/><sp/>printf(</highlight><highlight class="stringliteral">&quot;Exited\n&quot;</highlight><highlight class="normal">);</highlight></codeline>
<codeline lineno="197"><highlight class="normal"><sp/><sp/><sp/><sp/><sp/><sp/><sp/><sp/></highlight><highlight class="keywordflow">return</highlight><highlight class="normal"><sp/>0;</highlight></codeline>
<codeline lineno="198"><highlight class="normal">}</highlight></codeline>
<codeline lineno="199"><highlight class="normal"></highlight></codeline>
    </programlisting>
    <location file="/Users/S0U1SB4N3/test006/linphone-desktop/submodules/linphone/coreapi/help/examples/C/filetransfer.c"/>
  </compounddef>
</doxygen>
