<?xml version='1.0' encoding='UTF-8' standalone='no'?>
<doxygen xmlns:xsi="http://www.w3.org/2001/XMLSchema-instance" xsi:noNamespaceSchemaLocation="compound.xsd" version="1.8.13">
  <compounddef id="group__real__time__text__sender" kind="group">
    <compoundname>real_time_text_sender</compoundname>
    <title>Real Time Text Sender</title>
    <briefdescription>
<para>This program just send chat message in real time to dest uri. </para>    </briefdescription>
    <detaileddescription>
<para>Use realtimetext_receiver to receive message. usage: ./realtimetext_sender sip:localhost:5060</para><para><programlisting><codeline><highlight class="normal"></highlight></codeline>
<codeline><highlight class="normal"></highlight><highlight class="comment">/*</highlight></codeline>
<codeline><highlight class="comment">linphone</highlight></codeline>
<codeline><highlight class="comment">Copyright<sp/>(C)<sp/>2015<sp/><sp/>Belledonne<sp/>Communications<sp/>SARL</highlight></codeline>
<codeline><highlight class="comment"></highlight></codeline>
<codeline><highlight class="comment">This<sp/>program<sp/>is<sp/>free<sp/>software;<sp/>you<sp/>can<sp/>redistribute<sp/>it<sp/>and/or</highlight></codeline>
<codeline><highlight class="comment">modify<sp/>it<sp/>under<sp/>the<sp/>terms<sp/>of<sp/>the<sp/>GNU<sp/>General<sp/>Public<sp/>License</highlight></codeline>
<codeline><highlight class="comment">as<sp/>published<sp/>by<sp/>the<sp/>Free<sp/>Software<sp/>Foundation;<sp/>either<sp/>version<sp/>2</highlight></codeline>
<codeline><highlight class="comment">of<sp/>the<sp/>License,<sp/>or<sp/>(at<sp/>your<sp/>option)<sp/>any<sp/>later<sp/>version.</highlight></codeline>
<codeline><highlight class="comment"></highlight></codeline>
<codeline><highlight class="comment">This<sp/>program<sp/>is<sp/>distributed<sp/>in<sp/>the<sp/>hope<sp/>that<sp/>it<sp/>will<sp/>be<sp/>useful,</highlight></codeline>
<codeline><highlight class="comment">but<sp/>WITHOUT<sp/>ANY<sp/>WARRANTY;<sp/>without<sp/>even<sp/>the<sp/>implied<sp/>warranty<sp/>of</highlight></codeline>
<codeline><highlight class="comment">MERCHANTABILITY<sp/>or<sp/>FITNESS<sp/>FOR<sp/>A<sp/>PARTICULAR<sp/>PURPOSE.<sp/><sp/>See<sp/>the</highlight></codeline>
<codeline><highlight class="comment">GNU<sp/>General<sp/>Public<sp/>License<sp/>for<sp/>more<sp/>details.</highlight></codeline>
<codeline><highlight class="comment"></highlight></codeline>
<codeline><highlight class="comment">You<sp/>should<sp/>have<sp/>received<sp/>a<sp/>copy<sp/>of<sp/>the<sp/>GNU<sp/>General<sp/>Public<sp/>License</highlight></codeline>
<codeline><highlight class="comment">along<sp/>with<sp/>this<sp/>program;<sp/>if<sp/>not,<sp/>write<sp/>to<sp/>the<sp/>Free<sp/>Software</highlight></codeline>
<codeline><highlight class="comment">Foundation,<sp/>Inc.,<sp/>51<sp/>Franklin<sp/>Street,<sp/>Fifth<sp/>Floor,<sp/>Boston,<sp/>MA<sp/><sp/>02110-1301,<sp/>USA.</highlight></codeline>
<codeline><highlight class="comment">*/</highlight><highlight class="normal"></highlight></codeline>
<codeline><highlight class="normal"></highlight></codeline>
<codeline><highlight class="preprocessor">#include<sp/>&quot;linphone/core.h&quot;</highlight><highlight class="normal"></highlight></codeline>
<codeline><highlight class="normal"></highlight></codeline>
<codeline><highlight class="normal"></highlight><highlight class="preprocessor">#include<sp/>&lt;signal.h&gt;</highlight><highlight class="normal"></highlight></codeline>
<codeline><highlight class="normal"></highlight></codeline>
<codeline><highlight class="normal"></highlight><highlight class="keyword">static</highlight><highlight class="normal"><sp/>bool_t<sp/>running=TRUE;</highlight></codeline>
<codeline><highlight class="normal"></highlight></codeline>
<codeline><highlight class="normal"></highlight><highlight class="keyword">static</highlight><highlight class="normal"><sp/></highlight><highlight class="keywordtype">void</highlight><highlight class="normal"><sp/>stop(</highlight><highlight class="keywordtype">int</highlight><highlight class="normal"><sp/>signum){</highlight></codeline>
<codeline><highlight class="normal"><sp/><sp/><sp/><sp/><sp/><sp/><sp/><sp/>running=FALSE;</highlight></codeline>
<codeline><highlight class="normal">}</highlight></codeline>
<codeline><highlight class="normal"></highlight></codeline>
<codeline><highlight class="normal"></highlight></codeline>
<codeline><highlight class="normal"></highlight></codeline>
<codeline><highlight class="normal"></highlight><highlight class="keywordtype">int</highlight><highlight class="normal"><sp/>main(</highlight><highlight class="keywordtype">int</highlight><highlight class="normal"><sp/>argc,<sp/></highlight><highlight class="keywordtype">char</highlight><highlight class="normal"><sp/>*argv[]){</highlight></codeline>
<codeline><highlight class="normal"><sp/><sp/><sp/><sp/><sp/><sp/><sp/><sp/><ref refid="struct__LinphoneCoreVTable" kindref="compound">LinphoneCoreVTable</ref><sp/>vtable={0};</highlight></codeline>
<codeline><highlight class="normal"><sp/><sp/><sp/><sp/><sp/><sp/><sp/><sp/><ref refid="group__initializing_1gaa5cf635b82dd338e7ee2dd3599d05f0a" kindref="member">LinphoneCore</ref><sp/>*lc;</highlight></codeline>
<codeline><highlight class="normal"><sp/><sp/><sp/><sp/><sp/><sp/><sp/><sp/><ref refid="group__call__control_1gac0a4861d7c4702c64f7106f2b893c69e" kindref="member">LinphoneCall</ref><sp/>*call=NULL;</highlight></codeline>
<codeline><highlight class="normal"><sp/><sp/><sp/><sp/><sp/><sp/><sp/><sp/><ref refid="group__chatroom_1ga37902f3fc715b7f6451c241d0efd0299" kindref="member">LinphoneChatRoom</ref><sp/>*chat_room;</highlight></codeline>
<codeline><highlight class="normal"><sp/><sp/><sp/><sp/><sp/><sp/><sp/><sp/><ref refid="group__chatroom_1gada79c4417919389b5247e254279f7833" kindref="member">LinphoneChatMessage</ref><sp/>*chat_message=NULL;</highlight></codeline>
<codeline><highlight class="normal"><sp/><sp/><sp/><sp/><sp/><sp/><sp/><sp/></highlight><highlight class="keyword">const</highlight><highlight class="normal"><sp/></highlight><highlight class="keywordtype">char</highlight><highlight class="normal"><sp/>*dest=NULL;</highlight></codeline>
<codeline><highlight class="normal"><sp/><sp/><sp/><sp/><sp/><sp/><sp/><sp/>LCSipTransports<sp/>tp;</highlight></codeline>
<codeline><highlight class="normal"><sp/><sp/><sp/><sp/><sp/><sp/><sp/><sp/>tp.udp_port=<ref refid="group__initializing_1gadc507b9a498d5ce572fd219e385ad1f4" kindref="member">LC_SIP_TRANSPORT_RANDOM</ref>;</highlight></codeline>
<codeline><highlight class="normal"><sp/><sp/><sp/><sp/><sp/><sp/><sp/><sp/>tp.tcp_port=<ref refid="group__initializing_1gadc507b9a498d5ce572fd219e385ad1f4" kindref="member">LC_SIP_TRANSPORT_RANDOM</ref>;</highlight></codeline>
<codeline><highlight class="normal"><sp/><sp/><sp/><sp/><sp/><sp/><sp/><sp/>tp.tls_port=<ref refid="group__initializing_1gadc507b9a498d5ce572fd219e385ad1f4" kindref="member">LC_SIP_TRANSPORT_RANDOM</ref>;</highlight></codeline>
<codeline><highlight class="normal"></highlight></codeline>
<codeline><highlight class="normal"><sp/><sp/><sp/><sp/><sp/><sp/><sp/><sp/></highlight><highlight class="comment">/*<sp/>take<sp/>the<sp/>destination<sp/>sip<sp/>uri<sp/>from<sp/>the<sp/>command<sp/>line<sp/>arguments<sp/>*/</highlight><highlight class="normal"></highlight></codeline>
<codeline><highlight class="normal"><sp/><sp/><sp/><sp/><sp/><sp/><sp/><sp/></highlight><highlight class="keywordflow">if</highlight><highlight class="normal"><sp/>(argc&gt;1){</highlight></codeline>
<codeline><highlight class="normal"><sp/><sp/><sp/><sp/><sp/><sp/><sp/><sp/><sp/><sp/><sp/><sp/><sp/><sp/><sp/><sp/>dest=argv[1];</highlight></codeline>
<codeline><highlight class="normal"><sp/><sp/><sp/><sp/><sp/><sp/><sp/><sp/>}</highlight></codeline>
<codeline><highlight class="normal"></highlight></codeline>
<codeline><highlight class="normal"><sp/><sp/><sp/><sp/><sp/><sp/><sp/><sp/>signal(SIGINT,stop);</highlight></codeline>
<codeline><highlight class="normal"></highlight></codeline>
<codeline><highlight class="normal"></highlight><highlight class="preprocessor">#ifdef<sp/>DEBUG</highlight><highlight class="normal"></highlight></codeline>
<codeline><highlight class="normal"><sp/><sp/><sp/><sp/><sp/><sp/><sp/><sp/><ref refid="group__initializing_1ga44ae39ab2801b46f4a56ae70f8735c8e" kindref="member">linphone_core_enable_logs</ref>(NULL);<sp/></highlight><highlight class="comment">/*enable<sp/>liblinphone<sp/>logs.*/</highlight><highlight class="normal"></highlight></codeline>
<codeline><highlight class="normal"></highlight><highlight class="preprocessor">#endif</highlight><highlight class="normal"></highlight></codeline>
<codeline><highlight class="normal"></highlight></codeline>
<codeline><highlight class="normal"><sp/><sp/><sp/><sp/><sp/><sp/><sp/><sp/></highlight><highlight class="comment">/*</highlight></codeline>
<codeline><highlight class="comment"><sp/><sp/><sp/><sp/><sp/><sp/><sp/><sp/><sp/>Instanciate<sp/>a<sp/>LinphoneCore<sp/>object<sp/>given<sp/>the<sp/>LinphoneCoreVTable</highlight></codeline>
<codeline><highlight class="comment"><sp/><sp/><sp/><sp/><sp/><sp/><sp/><sp/>*/</highlight><highlight class="normal"></highlight></codeline>
<codeline><highlight class="normal"><sp/><sp/><sp/><sp/><sp/><sp/><sp/><sp/>lc=<ref refid="group__initializing_1ga9601ae3c81a1bbf110e84a1a484f3fee" kindref="member">linphone_core_new</ref>(&amp;vtable,NULL,NULL,NULL);</highlight></codeline>
<codeline><highlight class="normal"></highlight></codeline>
<codeline><highlight class="normal"></highlight></codeline>
<codeline><highlight class="normal"><sp/><sp/><sp/><sp/><sp/><sp/><sp/><sp/><ref refid="group__network__parameters_1ga3bdb9b78916cc32533053afc070df516" kindref="member">linphone_core_set_sip_transports</ref>(lc,&amp;tp);<sp/></highlight><highlight class="comment">/*to<sp/>avoid<sp/>port<sp/>colliding<sp/>with<sp/>receiver*/</highlight><highlight class="normal"></highlight></codeline>
<codeline><highlight class="normal"><sp/><sp/><sp/><sp/><sp/><sp/><sp/><sp/></highlight><highlight class="keywordflow">if</highlight><highlight class="normal"><sp/>(dest){</highlight></codeline>
<codeline><highlight class="normal"><sp/><sp/><sp/><sp/><sp/><sp/><sp/><sp/><sp/><sp/><sp/><sp/><sp/><sp/><sp/><sp/></highlight><highlight class="comment">/*</highlight></codeline>
<codeline><highlight class="comment"><sp/><sp/><sp/><sp/><sp/><sp/><sp/><sp/><sp/><sp/><sp/><sp/><sp/><sp/><sp/><sp/><sp/>Place<sp/>an<sp/>outgoing<sp/>call<sp/>with<sp/>rtt<sp/>enabled</highlight></codeline>
<codeline><highlight class="comment"><sp/><sp/><sp/><sp/><sp/><sp/><sp/><sp/><sp/><sp/><sp/><sp/><sp/><sp/><sp/><sp/>*/</highlight><highlight class="normal"></highlight></codeline>
<codeline><highlight class="normal"><sp/><sp/><sp/><sp/><sp/><sp/><sp/><sp/><sp/><sp/><sp/><sp/><sp/><sp/><sp/><sp/><ref refid="group__call__control_1gaa91f7e76e8f038ae9acdf42d1bc80a22" kindref="member">LinphoneCallParams</ref><sp/>*cp<sp/>=<sp/><ref refid="group__call__control_1ga438f864cacbed06b139e56a2160396c3" kindref="member">linphone_core_create_call_params</ref>(lc,<sp/>NULL);</highlight></codeline>
<codeline><highlight class="normal"><sp/><sp/><sp/><sp/><sp/><sp/><sp/><sp/><sp/><sp/><sp/><sp/><sp/><sp/><sp/><sp/><ref refid="group__media__parameters_1gacf38fc6484754a94d5b34d085e8d7be7" kindref="member">linphone_call_params_enable_realtime_text</ref>(cp,TRUE);<sp/></highlight><highlight class="comment">/*enable<sp/>real<sp/>time<sp/>text*/</highlight><highlight class="normal"></highlight></codeline>
<codeline><highlight class="normal"><sp/><sp/><sp/><sp/><sp/><sp/><sp/><sp/><sp/><sp/><sp/><sp/><sp/><sp/><sp/><sp/>call=<ref refid="group__call__control_1ga9543f6192200806ee74fadc6d5133bf4" kindref="member">linphone_core_invite_with_params</ref>(lc,dest,cp);</highlight></codeline>
<codeline><highlight class="normal"><sp/><sp/><sp/><sp/><sp/><sp/><sp/><sp/><sp/><sp/><sp/><sp/><sp/><sp/><sp/><sp/><ref refid="group__call__control_1ga341015ca73484947fca50896432106d2" kindref="member">linphone_call_params_unref</ref>(cp);</highlight></codeline>
<codeline><highlight class="normal"><sp/><sp/><sp/><sp/><sp/><sp/><sp/><sp/><sp/><sp/><sp/><sp/><sp/><sp/><sp/><sp/></highlight><highlight class="keywordflow">if</highlight><highlight class="normal"><sp/>(call==NULL){</highlight></codeline>
<codeline><highlight class="normal"><sp/><sp/><sp/><sp/><sp/><sp/><sp/><sp/><sp/><sp/><sp/><sp/><sp/><sp/><sp/><sp/><sp/><sp/><sp/><sp/><sp/><sp/><sp/><sp/>printf(</highlight><highlight class="stringliteral">&quot;Could<sp/>not<sp/>place<sp/>call<sp/>to<sp/>%s\n&quot;</highlight><highlight class="normal">,dest);</highlight></codeline>
<codeline><highlight class="normal"><sp/><sp/><sp/><sp/><sp/><sp/><sp/><sp/><sp/><sp/><sp/><sp/><sp/><sp/><sp/><sp/><sp/><sp/><sp/><sp/><sp/><sp/><sp/><sp/></highlight><highlight class="keywordflow">goto</highlight><highlight class="normal"><sp/>end;</highlight></codeline>
<codeline><highlight class="normal"><sp/><sp/><sp/><sp/><sp/><sp/><sp/><sp/><sp/><sp/><sp/><sp/><sp/><sp/><sp/><sp/>}</highlight><highlight class="keywordflow">else</highlight><highlight class="normal"><sp/>printf(</highlight><highlight class="stringliteral">&quot;Call<sp/>to<sp/>%s<sp/>is<sp/>in<sp/>progress...&quot;</highlight><highlight class="normal">,dest);</highlight></codeline>
<codeline><highlight class="normal"><sp/><sp/><sp/><sp/><sp/><sp/><sp/><sp/><sp/><sp/><sp/><sp/><sp/><sp/><sp/><sp/><ref refid="group__call__control_1ga6d0a37f1d1fb23eed31491cfe546cd01" kindref="member">linphone_call_ref</ref>(call);</highlight></codeline>
<codeline><highlight class="normal"></highlight></codeline>
<codeline><highlight class="normal"><sp/><sp/><sp/><sp/><sp/><sp/><sp/><sp/>}</highlight></codeline>
<codeline><highlight class="normal"><sp/><sp/><sp/><sp/><sp/><sp/><sp/><sp/></highlight><highlight class="comment">/*wait<sp/>for<sp/>call<sp/>to<sp/>be<sp/>established*/</highlight><highlight class="normal"></highlight></codeline>
<codeline><highlight class="normal"><sp/><sp/><sp/><sp/><sp/><sp/><sp/><sp/></highlight><highlight class="keywordflow">while</highlight><highlight class="normal"><sp/><sp/><sp/>(running<sp/>&amp;&amp;<sp/>(<ref refid="group__call__control_1ga4e66e41e6557ea35a07f266918741ffc" kindref="member">linphone_call_get_state</ref>(call)<sp/>==<sp/><ref refid="group__call__control_1ggafc310fd9ba742f7730c632fd72b875eaa4f6c8b38f68a9bdfdd6d59cc904f924c" kindref="member">LinphoneCallOutgoingProgress</ref></highlight></codeline>
<codeline><highlight class="normal"><sp/><sp/><sp/><sp/><sp/><sp/><sp/><sp/><sp/><sp/><sp/><sp/><sp/><sp/><sp/><sp/><sp/><sp/><sp/><sp/><sp/><sp/><sp/><sp/><sp/><sp/><sp/><sp/><sp/><sp/><sp/><sp/><sp/><sp/><sp/><sp/><sp/><sp/><sp/><sp/><sp/><sp/><sp/><sp/><sp/><sp/><sp/><sp/>||<sp/><ref refid="group__call__control_1ga4e66e41e6557ea35a07f266918741ffc" kindref="member">linphone_call_get_state</ref>(call)<sp/>==<sp/><ref refid="group__call__control_1ggafc310fd9ba742f7730c632fd72b875eaae99727dfb0a8e30ef04ff96ce3bf7e36" kindref="member">LinphoneCallOutgoingInit</ref>))<sp/>{</highlight></codeline>
<codeline><highlight class="normal"><sp/><sp/><sp/><sp/><sp/><sp/><sp/><sp/><sp/><sp/><sp/><sp/><sp/><sp/><sp/><sp/><ref refid="group__initializing_1ga7bdac8ac386483fc4e0876e4c5d13755" kindref="member">linphone_core_iterate</ref>(lc);</highlight></codeline>
<codeline><highlight class="normal"><sp/><sp/><sp/><sp/><sp/><sp/><sp/><sp/><sp/><sp/><sp/><sp/><sp/><sp/><sp/><sp/>ms_usleep(50000);</highlight></codeline>
<codeline><highlight class="normal"><sp/><sp/><sp/><sp/><sp/><sp/><sp/><sp/>}</highlight></codeline>
<codeline><highlight class="normal"><sp/><sp/><sp/><sp/><sp/><sp/><sp/><sp/></highlight><highlight class="comment">/*check<sp/>if<sp/>call<sp/>is<sp/>established*/</highlight><highlight class="normal"></highlight></codeline>
<codeline><highlight class="normal"><sp/><sp/><sp/><sp/><sp/><sp/><sp/><sp/></highlight><highlight class="keywordflow">switch</highlight><highlight class="normal"><sp/>(<ref refid="group__call__control_1ga4e66e41e6557ea35a07f266918741ffc" kindref="member">linphone_call_get_state</ref>(call))<sp/>{</highlight></codeline>
<codeline><highlight class="normal"><sp/><sp/><sp/><sp/><sp/><sp/><sp/><sp/></highlight><highlight class="keywordflow">case</highlight><highlight class="normal"><sp/><ref refid="group__call__control_1ggafc310fd9ba742f7730c632fd72b875eaa1214ea33f3ff7fd8aa0ce8922dda5170" kindref="member">LinphoneCallError</ref>:</highlight></codeline>
<codeline><highlight class="normal"><sp/><sp/><sp/><sp/><sp/><sp/><sp/><sp/></highlight><highlight class="keywordflow">case</highlight><highlight class="normal"><sp/><ref refid="group__call__control_1ggafc310fd9ba742f7730c632fd72b875eaac4a81296a6835482e65d51174eb16de4" kindref="member">LinphoneCallReleased</ref>:</highlight></codeline>
<codeline><highlight class="normal"><sp/><sp/><sp/><sp/><sp/><sp/><sp/><sp/></highlight><highlight class="keywordflow">case</highlight><highlight class="normal"><sp/><ref refid="group__call__control_1ggafc310fd9ba742f7730c632fd72b875eaafbeebb1285a2aab5d34e99d2e695e5be" kindref="member">LinphoneCallEnd</ref>:</highlight></codeline>
<codeline><highlight class="normal"><sp/><sp/><sp/><sp/><sp/><sp/><sp/><sp/><sp/><sp/><sp/><sp/><sp/><sp/><sp/><sp/>printf(</highlight><highlight class="stringliteral">&quot;Could<sp/>not<sp/>place<sp/>call<sp/>to<sp/>%s\n&quot;</highlight><highlight class="normal">,dest);</highlight></codeline>
<codeline><highlight class="normal"><sp/><sp/><sp/><sp/><sp/><sp/><sp/><sp/><sp/><sp/><sp/><sp/><sp/><sp/><sp/><sp/></highlight><highlight class="keywordflow">goto</highlight><highlight class="normal"><sp/>end;</highlight></codeline>
<codeline><highlight class="normal"><sp/><sp/><sp/><sp/><sp/><sp/><sp/><sp/><sp/><sp/><sp/><sp/><sp/><sp/><sp/><sp/></highlight><highlight class="keywordflow">break</highlight><highlight class="normal">;</highlight></codeline>
<codeline><highlight class="normal"><sp/><sp/><sp/><sp/><sp/><sp/><sp/><sp/></highlight><highlight class="keywordflow">default</highlight><highlight class="normal">:</highlight></codeline>
<codeline><highlight class="normal"><sp/><sp/><sp/><sp/><sp/><sp/><sp/><sp/><sp/><sp/><sp/><sp/><sp/><sp/><sp/><sp/></highlight><highlight class="keywordflow">break</highlight><highlight class="normal">;</highlight></codeline>
<codeline><highlight class="normal"><sp/><sp/><sp/><sp/><sp/><sp/><sp/><sp/><sp/><sp/><sp/><sp/><sp/><sp/><sp/><sp/></highlight><highlight class="comment">/*continue*/</highlight><highlight class="normal"></highlight></codeline>
<codeline><highlight class="normal"><sp/><sp/><sp/><sp/><sp/><sp/><sp/><sp/>}</highlight></codeline>
<codeline><highlight class="normal"></highlight></codeline>
<codeline><highlight class="normal"><sp/><sp/><sp/><sp/><sp/><sp/><sp/><sp/>chat_room=<ref refid="group__call__misc_1gaee196fd489607102f0cadf4d44823fd0" kindref="member">linphone_call_get_chat_room</ref>(call);<sp/></highlight><highlight class="comment">/*create<sp/>a<sp/>chat<sp/>room<sp/>associated<sp/>to<sp/>this<sp/>call*/</highlight><highlight class="normal"></highlight></codeline>
<codeline><highlight class="normal"></highlight></codeline>
<codeline><highlight class="normal"><sp/><sp/><sp/><sp/><sp/><sp/><sp/><sp/></highlight><highlight class="comment">/*<sp/>main<sp/>loop<sp/>for<sp/>sending<sp/>message<sp/>and<sp/>doing<sp/>background<sp/>linphonecore<sp/>work:<sp/>*/</highlight><highlight class="normal"></highlight></codeline>
<codeline><highlight class="normal"><sp/><sp/><sp/><sp/><sp/><sp/><sp/><sp/></highlight><highlight class="keywordflow">while</highlight><highlight class="normal">(running){</highlight></codeline>
<codeline><highlight class="normal"><sp/><sp/><sp/><sp/><sp/><sp/><sp/><sp/><sp/><sp/><sp/><sp/><sp/><sp/><sp/><sp/></highlight><highlight class="keywordtype">int</highlight><highlight class="normal"><sp/>character;</highlight></codeline>
<codeline><highlight class="normal"><sp/><sp/><sp/><sp/><sp/><sp/><sp/><sp/><sp/><sp/><sp/><sp/><sp/><sp/><sp/><sp/></highlight><highlight class="comment">/*to<sp/>disable<sp/>terminal<sp/>buffering*/</highlight><highlight class="normal"></highlight></codeline>
<codeline><highlight class="normal"><sp/><sp/><sp/><sp/><sp/><sp/><sp/><sp/><sp/><sp/><sp/><sp/><sp/><sp/><sp/><sp/></highlight><highlight class="keywordflow">if</highlight><highlight class="normal"><sp/>(system<sp/>(</highlight><highlight class="stringliteral">&quot;/bin/stty<sp/>raw&quot;</highlight><highlight class="normal">)<sp/>==<sp/>-1){</highlight></codeline>
<codeline><highlight class="normal"><sp/><sp/><sp/><sp/><sp/><sp/><sp/><sp/><sp/><sp/><sp/><sp/><sp/><sp/><sp/><sp/><sp/><sp/><sp/><sp/><sp/><sp/><sp/><sp/>ms_error(</highlight><highlight class="stringliteral">&quot;/bin/stty<sp/>error&quot;</highlight><highlight class="normal">);</highlight></codeline>
<codeline><highlight class="normal"><sp/><sp/><sp/><sp/><sp/><sp/><sp/><sp/><sp/><sp/><sp/><sp/><sp/><sp/><sp/><sp/>}</highlight></codeline>
<codeline><highlight class="normal"><sp/><sp/><sp/><sp/><sp/><sp/><sp/><sp/><sp/><sp/><sp/><sp/><sp/><sp/><sp/><sp/>character<sp/>=<sp/>getchar();</highlight></codeline>
<codeline><highlight class="normal"><sp/><sp/><sp/><sp/><sp/><sp/><sp/><sp/><sp/><sp/><sp/><sp/><sp/><sp/><sp/><sp/></highlight><highlight class="keywordflow">if</highlight><highlight class="normal"><sp/>(system(</highlight><highlight class="stringliteral">&quot;/bin/stty<sp/>cooked&quot;</highlight><highlight class="normal">)<sp/>==<sp/>-1){</highlight></codeline>
<codeline><highlight class="normal"><sp/><sp/><sp/><sp/><sp/><sp/><sp/><sp/><sp/><sp/><sp/><sp/><sp/><sp/><sp/><sp/><sp/><sp/><sp/><sp/><sp/><sp/><sp/><sp/>ms_error(</highlight><highlight class="stringliteral">&quot;/bin/stty<sp/>error&quot;</highlight><highlight class="normal">);</highlight></codeline>
<codeline><highlight class="normal"><sp/><sp/><sp/><sp/><sp/><sp/><sp/><sp/><sp/><sp/><sp/><sp/><sp/><sp/><sp/><sp/>}</highlight></codeline>
<codeline><highlight class="normal"><sp/><sp/><sp/><sp/><sp/><sp/><sp/><sp/><sp/><sp/><sp/><sp/><sp/><sp/><sp/><sp/></highlight><highlight class="keywordflow">if</highlight><highlight class="normal"><sp/>(character==0x03)<sp/>{</highlight><highlight class="comment">/*CTRL<sp/>C*/</highlight><highlight class="normal"></highlight></codeline>
<codeline><highlight class="normal"><sp/><sp/><sp/><sp/><sp/><sp/><sp/><sp/><sp/><sp/><sp/><sp/><sp/><sp/><sp/><sp/><sp/><sp/><sp/><sp/><sp/><sp/><sp/><sp/>running=0;</highlight></codeline>
<codeline><highlight class="normal"><sp/><sp/><sp/><sp/><sp/><sp/><sp/><sp/><sp/><sp/><sp/><sp/><sp/><sp/><sp/><sp/><sp/><sp/><sp/><sp/><sp/><sp/><sp/><sp/></highlight><highlight class="keywordflow">break</highlight><highlight class="normal">;</highlight></codeline>
<codeline><highlight class="normal"><sp/><sp/><sp/><sp/><sp/><sp/><sp/><sp/><sp/><sp/><sp/><sp/><sp/><sp/><sp/><sp/>}</highlight></codeline>
<codeline><highlight class="normal"><sp/><sp/><sp/><sp/><sp/><sp/><sp/><sp/><sp/><sp/><sp/><sp/><sp/><sp/><sp/><sp/></highlight><highlight class="keywordflow">if</highlight><highlight class="normal"><sp/>(character<sp/>!=<sp/>EOF)<sp/>{</highlight></codeline>
<codeline><highlight class="normal"><sp/><sp/><sp/><sp/><sp/><sp/><sp/><sp/><sp/><sp/><sp/><sp/><sp/><sp/><sp/><sp/><sp/><sp/><sp/><sp/><sp/><sp/><sp/><sp/></highlight><highlight class="comment">/*<sp/>user<sp/>has<sp/>typed<sp/>something*/</highlight><highlight class="normal"></highlight></codeline>
<codeline><highlight class="normal"><sp/><sp/><sp/><sp/><sp/><sp/><sp/><sp/><sp/><sp/><sp/><sp/><sp/><sp/><sp/><sp/><sp/><sp/><sp/><sp/><sp/><sp/><sp/><sp/></highlight><highlight class="keywordflow">if</highlight><highlight class="normal"><sp/>(chat_message<sp/>==<sp/>NULL)<sp/>{</highlight></codeline>
<codeline><highlight class="normal"><sp/><sp/><sp/><sp/><sp/><sp/><sp/><sp/><sp/><sp/><sp/><sp/><sp/><sp/><sp/><sp/><sp/><sp/><sp/><sp/><sp/><sp/><sp/><sp/><sp/><sp/><sp/><sp/><sp/><sp/><sp/><sp/></highlight><highlight class="comment">/*create<sp/>a<sp/>new<sp/>message*/</highlight><highlight class="normal"></highlight></codeline>
<codeline><highlight class="normal"><sp/><sp/><sp/><sp/><sp/><sp/><sp/><sp/><sp/><sp/><sp/><sp/><sp/><sp/><sp/><sp/><sp/><sp/><sp/><sp/><sp/><sp/><sp/><sp/><sp/><sp/><sp/><sp/><sp/><sp/><sp/><sp/>chat_message<sp/>=<sp/><ref refid="group__chatroom_1gae602d59df35f19ba76afbaf33fdc2851" kindref="member">linphone_chat_room_create_message</ref>(chat_room,</highlight><highlight class="stringliteral">&quot;&quot;</highlight><highlight class="normal">);<sp/></highlight><highlight class="comment">/*create<sp/>an<sp/>empty<sp/>message*/</highlight><highlight class="normal"></highlight></codeline>
<codeline><highlight class="normal"><sp/><sp/><sp/><sp/><sp/><sp/><sp/><sp/><sp/><sp/><sp/><sp/><sp/><sp/><sp/><sp/><sp/><sp/><sp/><sp/><sp/><sp/><sp/><sp/>}</highlight></codeline>
<codeline><highlight class="normal"><sp/><sp/><sp/><sp/><sp/><sp/><sp/><sp/><sp/><sp/><sp/><sp/><sp/><sp/><sp/><sp/><sp/><sp/><sp/><sp/><sp/><sp/><sp/><sp/></highlight><highlight class="keywordflow">if</highlight><highlight class="normal"><sp/>(character<sp/>==<sp/></highlight><highlight class="charliteral">&apos;\r&apos;</highlight><highlight class="normal">)<sp/>{</highlight></codeline>
<codeline><highlight class="normal"><sp/><sp/><sp/><sp/><sp/><sp/><sp/><sp/><sp/><sp/><sp/><sp/><sp/><sp/><sp/><sp/><sp/><sp/><sp/><sp/><sp/><sp/><sp/><sp/><sp/><sp/><sp/><sp/><sp/><sp/><sp/><sp/></highlight><highlight class="comment">/*new<sp/>line,<sp/>committing<sp/>message*/</highlight><highlight class="normal"></highlight></codeline>
<codeline><highlight class="normal"><sp/><sp/><sp/><sp/><sp/><sp/><sp/><sp/><sp/><sp/><sp/><sp/><sp/><sp/><sp/><sp/><sp/><sp/><sp/><sp/><sp/><sp/><sp/><sp/><sp/><sp/><sp/><sp/><sp/><sp/><sp/><sp/><ref refid="group__chatroom_1ga4f6a53c5c3c0ec9afe7ade876d2da102" kindref="member">linphone_chat_room_send_chat_message</ref>(chat_room,chat_message);</highlight></codeline>
<codeline><highlight class="normal"><sp/><sp/><sp/><sp/><sp/><sp/><sp/><sp/><sp/><sp/><sp/><sp/><sp/><sp/><sp/><sp/><sp/><sp/><sp/><sp/><sp/><sp/><sp/><sp/><sp/><sp/><sp/><sp/><sp/><sp/><sp/><sp/>chat_message<sp/>=<sp/>NULL;<sp/></highlight><highlight class="comment">/*reset<sp/>message*/</highlight><highlight class="normal"></highlight></codeline>
<codeline><highlight class="normal"><sp/><sp/><sp/><sp/><sp/><sp/><sp/><sp/><sp/><sp/><sp/><sp/><sp/><sp/><sp/><sp/><sp/><sp/><sp/><sp/><sp/><sp/><sp/><sp/>}<sp/></highlight><highlight class="keywordflow">else</highlight><highlight class="normal"><sp/>{</highlight></codeline>
<codeline><highlight class="normal"><sp/><sp/><sp/><sp/><sp/><sp/><sp/><sp/><sp/><sp/><sp/><sp/><sp/><sp/><sp/><sp/><sp/><sp/><sp/><sp/><sp/><sp/><sp/><sp/><sp/><sp/><sp/><sp/><sp/><sp/><sp/><sp/><ref refid="group__chatroom_1gade65a1996db2fdddee5273e4d5d3923c" kindref="member">linphone_chat_message_put_char</ref>(chat_message,character);<sp/></highlight><highlight class="comment">/*send<sp/>char<sp/>in<sp/>realtime*/</highlight><highlight class="normal"></highlight></codeline>
<codeline><highlight class="normal"><sp/><sp/><sp/><sp/><sp/><sp/><sp/><sp/><sp/><sp/><sp/><sp/><sp/><sp/><sp/><sp/><sp/><sp/><sp/><sp/><sp/><sp/><sp/><sp/>}</highlight></codeline>
<codeline><highlight class="normal"><sp/><sp/><sp/><sp/><sp/><sp/><sp/><sp/><sp/><sp/><sp/><sp/><sp/><sp/><sp/><sp/>}</highlight></codeline>
<codeline><highlight class="normal"><sp/><sp/><sp/><sp/><sp/><sp/><sp/><sp/><sp/><sp/><sp/><sp/><sp/><sp/><sp/><sp/><ref refid="group__initializing_1ga7bdac8ac386483fc4e0876e4c5d13755" kindref="member">linphone_core_iterate</ref>(lc);</highlight></codeline>
<codeline><highlight class="normal"><sp/><sp/><sp/><sp/><sp/><sp/><sp/><sp/><sp/><sp/><sp/><sp/><sp/><sp/><sp/><sp/>ms_usleep(50000);</highlight></codeline>
<codeline><highlight class="normal"><sp/><sp/><sp/><sp/><sp/><sp/><sp/><sp/>}</highlight></codeline>
<codeline><highlight class="normal"><sp/><sp/><sp/><sp/><sp/><sp/><sp/><sp/></highlight><highlight class="keywordflow">if</highlight><highlight class="normal"><sp/>(call<sp/>&amp;&amp;<sp/><ref refid="group__call__control_1ga4e66e41e6557ea35a07f266918741ffc" kindref="member">linphone_call_get_state</ref>(call)!=<ref refid="group__call__control_1ggafc310fd9ba742f7730c632fd72b875eaafbeebb1285a2aab5d34e99d2e695e5be" kindref="member">LinphoneCallEnd</ref>){</highlight></codeline>
<codeline><highlight class="normal"><sp/><sp/><sp/><sp/><sp/><sp/><sp/><sp/><sp/><sp/><sp/><sp/><sp/><sp/><sp/><sp/></highlight><highlight class="comment">/*<sp/>terminate<sp/>the<sp/>call<sp/>*/</highlight><highlight class="normal"></highlight></codeline>
<codeline><highlight class="normal"><sp/><sp/><sp/><sp/><sp/><sp/><sp/><sp/><sp/><sp/><sp/><sp/><sp/><sp/><sp/><sp/>printf(</highlight><highlight class="stringliteral">&quot;Terminating<sp/>the<sp/>call...\n&quot;</highlight><highlight class="normal">);</highlight></codeline>
<codeline><highlight class="normal"><sp/><sp/><sp/><sp/><sp/><sp/><sp/><sp/><sp/><sp/><sp/><sp/><sp/><sp/><sp/><sp/><ref refid="group__call__control_1gaaba1ecf1a0201f3ce1d171c3e5ab4d79" kindref="member">linphone_core_terminate_call</ref>(lc,call);</highlight></codeline>
<codeline><highlight class="normal"><sp/><sp/><sp/><sp/><sp/><sp/><sp/><sp/><sp/><sp/><sp/><sp/><sp/><sp/><sp/><sp/></highlight><highlight class="comment">/*at<sp/>this<sp/>stage<sp/>we<sp/>don&apos;t<sp/>need<sp/>the<sp/>call<sp/>object<sp/>*/</highlight><highlight class="normal"></highlight></codeline>
<codeline><highlight class="normal"><sp/><sp/><sp/><sp/><sp/><sp/><sp/><sp/><sp/><sp/><sp/><sp/><sp/><sp/><sp/><sp/><ref refid="group__call__control_1gaf01d64f1d6d38d91658e0d00050fe6bd" kindref="member">linphone_call_unref</ref>(call);</highlight></codeline>
<codeline><highlight class="normal"><sp/><sp/><sp/><sp/><sp/><sp/><sp/><sp/>}</highlight></codeline>
<codeline><highlight class="normal"></highlight></codeline>
<codeline><highlight class="normal">end:</highlight></codeline>
<codeline><highlight class="normal"><sp/><sp/><sp/><sp/><sp/><sp/><sp/><sp/>printf(</highlight><highlight class="stringliteral">&quot;Shutting<sp/>down...\n&quot;</highlight><highlight class="normal">);</highlight></codeline>
<codeline><highlight class="normal"><sp/><sp/><sp/><sp/><sp/><sp/><sp/><sp/><ref refid="group__initializing_1ga500dcd7902ff1b67335134687bf2851d" kindref="member">linphone_core_destroy</ref>(lc);</highlight></codeline>
<codeline><highlight class="normal"><sp/><sp/><sp/><sp/><sp/><sp/><sp/><sp/>printf(</highlight><highlight class="stringliteral">&quot;Exited\n&quot;</highlight><highlight class="normal">);</highlight></codeline>
<codeline><highlight class="normal"><sp/><sp/><sp/><sp/><sp/><sp/><sp/><sp/></highlight><highlight class="keywordflow">return</highlight><highlight class="normal"><sp/>0;</highlight></codeline>
<codeline><highlight class="normal">}</highlight></codeline>
<codeline><highlight class="normal"></highlight></codeline>
</programlisting> </para>    </detaileddescription>
  </compounddef>
</doxygen>
