<?xml version='1.0' encoding='UTF-8' standalone='no'?>
<doxygen xmlns:xsi="http://www.w3.org/2001/XMLSchema-instance" xsi:noNamespaceSchemaLocation="compound.xsd" version="1.8.13">
  <compounddef id="group__event__api" kind="group">
    <compoundname>event_api</compoundname>
    <title>Event api</title>
      <sectiondef kind="enum">
      <memberdef kind="enum" id="group__event__api_1gaaffffb466f4d5c5141f5a938760e3ce4" prot="public" static="no">
        <name>_LinphonePublishState</name>
        <enumvalue id="group__event__api_1ggaaffffb466f4d5c5141f5a938760e3ce4a5db681b47c687d2e16fa96dab5589752" prot="public">
          <name>LinphonePublishNone</name>
          <briefdescription>
<para>Initial state, do not use. </para>          </briefdescription>
          <detaileddescription>
          </detaileddescription>
        </enumvalue>
        <enumvalue id="group__event__api_1ggaaffffb466f4d5c5141f5a938760e3ce4aaeda3e5c8b3d3f0342be1d2491be2764" prot="public">
          <name>LinphonePublishProgress</name>
          <briefdescription>
<para>An outgoing publish was created and submitted. </para>          </briefdescription>
          <detaileddescription>
          </detaileddescription>
        </enumvalue>
        <enumvalue id="group__event__api_1ggaaffffb466f4d5c5141f5a938760e3ce4a72b7fc821667e302e0ede8e2f2c31b9c" prot="public">
          <name>LinphonePublishOk</name>
          <briefdescription>
<para>Publish is accepted. </para>          </briefdescription>
          <detaileddescription>
          </detaileddescription>
        </enumvalue>
        <enumvalue id="group__event__api_1ggaaffffb466f4d5c5141f5a938760e3ce4a51837d4ba711c17524d1585c5caca98c" prot="public">
          <name>LinphonePublishError</name>
          <briefdescription>
<para>Publish encoutered an error, <ref refid="group__event__api_1ga035455d1b9ca83d1415bba989bd93395" kindref="member">linphone_event_get_reason()</ref> gives reason code. </para>          </briefdescription>
          <detaileddescription>
          </detaileddescription>
        </enumvalue>
        <enumvalue id="group__event__api_1ggaaffffb466f4d5c5141f5a938760e3ce4a15222226cc9695458b595d785db16bf2" prot="public">
          <name>LinphonePublishExpiring</name>
          <briefdescription>
<para>Publish is about to expire, only sent if [sip]-&gt;refresh_generic_publish property is set to 0. </para>          </briefdescription>
          <detaileddescription>
          </detaileddescription>
        </enumvalue>
        <enumvalue id="group__event__api_1ggaaffffb466f4d5c5141f5a938760e3ce4a4c2b990cd066348e068d15cdc65a8a55" prot="public">
          <name>LinphonePublishCleared</name>
          <briefdescription>
<para>Event has been un published. </para>          </briefdescription>
          <detaileddescription>
          </detaileddescription>
        </enumvalue>
        <briefdescription>
<para>Enum for publish states. </para>        </briefdescription>
        <detaileddescription>
        </detaileddescription>
        <inbodydescription>
        </inbodydescription>
        <location file="/Users/S0U1SB4N3/test006/linphone-desktop/submodules/linphone/include/linphone/types.h" line="946" column="1" bodyfile="/Users/S0U1SB4N3/test006/linphone-desktop/submodules/linphone/include/linphone/types.h" bodystart="946" bodyend="953"/>
      </memberdef>
      <memberdef kind="enum" id="group__event__api_1ga952ed6766d10e5c40eb1c08027fd299e" prot="public" static="no">
        <name>_LinphoneSubscriptionDir</name>
        <enumvalue id="group__event__api_1gga952ed6766d10e5c40eb1c08027fd299eaf55a603336d43c3ea4cc3499bdb2c0c2" prot="public">
          <name>LinphoneSubscriptionIncoming</name>
          <briefdescription>
<para>Incoming subscription. </para>          </briefdescription>
          <detaileddescription>
          </detaileddescription>
        </enumvalue>
        <enumvalue id="group__event__api_1gga952ed6766d10e5c40eb1c08027fd299ea3767788ba0d1a42fb28aa8b251b15f86" prot="public">
          <name>LinphoneSubscriptionOutgoing</name>
          <briefdescription>
<para>Outgoing subscription. </para>          </briefdescription>
          <detaileddescription>
          </detaileddescription>
        </enumvalue>
        <enumvalue id="group__event__api_1gga952ed6766d10e5c40eb1c08027fd299eaf11428c5f350033b0771dfed91c65ec8" prot="public">
          <name>LinphoneSubscriptionInvalidDir</name>
          <briefdescription>
<para>Invalid subscription direction. </para>          </briefdescription>
          <detaileddescription>
          </detaileddescription>
        </enumvalue>
        <briefdescription>
<para>Enum for subscription direction (incoming or outgoing). </para>        </briefdescription>
        <detaileddescription>
        </detaileddescription>
        <inbodydescription>
        </inbodydescription>
        <location file="/Users/S0U1SB4N3/test006/linphone-desktop/submodules/linphone/include/linphone/types.h" line="1066" column="1" bodyfile="/Users/S0U1SB4N3/test006/linphone-desktop/submodules/linphone/include/linphone/types.h" bodystart="1066" bodyend="1070"/>
      </memberdef>
      <memberdef kind="enum" id="group__event__api_1ga3f3f0721b654f5d9bf69451894c15fd2" prot="public" static="no">
        <name>_LinphoneSubscriptionState</name>
        <enumvalue id="group__event__api_1gga3f3f0721b654f5d9bf69451894c15fd2aeca0ec22ff12067bd9678faafb78d2c5" prot="public">
          <name>LinphoneSubscriptionNone</name>
          <briefdescription>
<para>Initial state, should not be used. </para>          </briefdescription>
          <detaileddescription>
          </detaileddescription>
        </enumvalue>
        <enumvalue id="group__event__api_1gga3f3f0721b654f5d9bf69451894c15fd2a7848cfa1b2acff3093e11b841c004a3f" prot="public">
          <name>LinphoneSubscriptionOutgoingProgress</name>
          <briefdescription>
<para>An outgoing subcription was sent. </para>          </briefdescription>
          <detaileddescription>
          </detaileddescription>
        </enumvalue>
        <enumvalue id="group__event__api_1gga3f3f0721b654f5d9bf69451894c15fd2a9da46101b075b3e234bb241110a56199" prot="public">
          <name>LinphoneSubscriptionIncomingReceived</name>
          <briefdescription>
<para>An incoming subcription is received. </para>          </briefdescription>
          <detaileddescription>
          </detaileddescription>
        </enumvalue>
        <enumvalue id="group__event__api_1gga3f3f0721b654f5d9bf69451894c15fd2a49a83030925840824cbc1e4d8eb1dec2" prot="public">
          <name>LinphoneSubscriptionPending</name>
          <briefdescription>
<para>Subscription is pending, waiting for user approval. </para>          </briefdescription>
          <detaileddescription>
          </detaileddescription>
        </enumvalue>
        <enumvalue id="group__event__api_1gga3f3f0721b654f5d9bf69451894c15fd2ab42d78d54f2780123a1f81b016e8c169" prot="public">
          <name>LinphoneSubscriptionActive</name>
          <briefdescription>
<para>Subscription is accepted. </para>          </briefdescription>
          <detaileddescription>
          </detaileddescription>
        </enumvalue>
        <enumvalue id="group__event__api_1gga3f3f0721b654f5d9bf69451894c15fd2a108eeeb7d2550850db7c64f6c064972a" prot="public">
          <name>LinphoneSubscriptionTerminated</name>
          <briefdescription>
<para>Subscription is terminated normally. </para>          </briefdescription>
          <detaileddescription>
          </detaileddescription>
        </enumvalue>
        <enumvalue id="group__event__api_1gga3f3f0721b654f5d9bf69451894c15fd2a97811c7073b37718c9b1580b2c81ce97" prot="public">
          <name>LinphoneSubscriptionError</name>
          <briefdescription>
<para>Subscription was terminated by an error, indicated by <ref refid="group__event__api_1ga035455d1b9ca83d1415bba989bd93395" kindref="member">linphone_event_get_reason()</ref> </para>          </briefdescription>
          <detaileddescription>
          </detaileddescription>
        </enumvalue>
        <enumvalue id="group__event__api_1gga3f3f0721b654f5d9bf69451894c15fd2aa622d123717bba7b1dbec6db45ca424f" prot="public">
          <name>LinphoneSubscriptionExpiring</name>
          <briefdescription>
<para>Subscription is about to expire, only sent if [sip]-&gt;refresh_generic_subscribe property is set to 0. </para>          </briefdescription>
          <detaileddescription>
          </detaileddescription>
        </enumvalue>
        <briefdescription>
<para>Enum for subscription states. </para>        </briefdescription>
        <detaileddescription>
<para>LinphoneSubscriptionTerminated and LinphoneSubscriptionError are final states. </para>        </detaileddescription>
        <inbodydescription>
        </inbodydescription>
        <location file="/Users/S0U1SB4N3/test006/linphone-desktop/submodules/linphone/include/linphone/types.h" line="1077" column="1" bodyfile="/Users/S0U1SB4N3/test006/linphone-desktop/submodules/linphone/include/linphone/types.h" bodystart="1077" bodyend="1086"/>
      </memberdef>
      </sectiondef>
      <sectiondef kind="typedef">
      <memberdef kind="typedef" id="group__event__api_1ga7918c2e5c550c1270562e78e8918aada" prot="public" static="no">
        <type>void(*</type>
        <definition>typedef void(* LinphoneCoreCbsNotifyReceivedCb) (LinphoneCore *lc, LinphoneEvent *lev, const char *notified_event, const LinphoneContent *body)</definition>
        <argsstring>)(LinphoneCore *lc, LinphoneEvent *lev, const char *notified_event, const LinphoneContent *body)</argsstring>
        <name>LinphoneCoreCbsNotifyReceivedCb</name>
        <briefdescription>
<para>Callback prototype for notifying the application about notification received from the network. </para>        </briefdescription>
        <detaileddescription>
        </detaileddescription>
        <inbodydescription>
        </inbodydescription>
        <location file="/Users/S0U1SB4N3/test006/linphone-desktop/submodules/linphone/include/linphone/callbacks.h" line="517" column="1" bodyfile="/Users/S0U1SB4N3/test006/linphone-desktop/submodules/linphone/include/linphone/callbacks.h" bodystart="517" bodyend="-1"/>
      </memberdef>
      <memberdef kind="typedef" id="group__event__api_1ga781d3878a7f5f8dd007134df999af779" prot="public" static="no">
        <type><ref refid="group__event__api_1ga7918c2e5c550c1270562e78e8918aada" kindref="member">LinphoneCoreCbsNotifyReceivedCb</ref></type>
        <definition>typedef LinphoneCoreCbsNotifyReceivedCb LinphoneCoreNotifyReceivedCb</definition>
        <argsstring></argsstring>
        <name>LinphoneCoreNotifyReceivedCb</name>
        <briefdescription>
<para>Old name of <ref refid="group__event__api_1ga7918c2e5c550c1270562e78e8918aada" kindref="member">LinphoneCoreCbsNotifyReceivedCb</ref>. </para>        </briefdescription>
        <detaileddescription>
        </detaileddescription>
        <inbodydescription>
        </inbodydescription>
        <location file="/Users/S0U1SB4N3/test006/linphone-desktop/submodules/linphone/include/linphone/callbacks.h" line="522" column="1" bodyfile="/Users/S0U1SB4N3/test006/linphone-desktop/submodules/linphone/include/linphone/callbacks.h" bodystart="522" bodyend="-1"/>
      </memberdef>
      <memberdef kind="typedef" id="group__event__api_1ga81cc4e7dd7ba26334292ad6eeed941a1" prot="public" static="no">
        <type>void(*</type>
        <definition>typedef void(* LinphoneCoreCbsSubscriptionStateChangedCb) (LinphoneCore *lc, LinphoneEvent *lev, LinphoneSubscriptionState state)</definition>
        <argsstring>)(LinphoneCore *lc, LinphoneEvent *lev, LinphoneSubscriptionState state)</argsstring>
        <name>LinphoneCoreCbsSubscriptionStateChangedCb</name>
        <briefdescription>
<para>Callback prototype for notifying the application about changes of subscription states, including arrival of new subscriptions. </para>        </briefdescription>
        <detaileddescription>
        </detaileddescription>
        <inbodydescription>
        </inbodydescription>
        <location file="/Users/S0U1SB4N3/test006/linphone-desktop/submodules/linphone/include/linphone/callbacks.h" line="527" column="1" bodyfile="/Users/S0U1SB4N3/test006/linphone-desktop/submodules/linphone/include/linphone/callbacks.h" bodystart="527" bodyend="-1"/>
      </memberdef>
      <memberdef kind="typedef" id="group__event__api_1ga3e06431a6e36a1dcb7c0c8dbf2afc176" prot="public" static="no">
        <type><ref refid="group__event__api_1ga81cc4e7dd7ba26334292ad6eeed941a1" kindref="member">LinphoneCoreCbsSubscriptionStateChangedCb</ref></type>
        <definition>typedef LinphoneCoreCbsSubscriptionStateChangedCb LinphoneCoreSubscriptionStateChangedCb</definition>
        <argsstring></argsstring>
        <name>LinphoneCoreSubscriptionStateChangedCb</name>
        <briefdescription>
<para>Old name of <ref refid="group__event__api_1ga81cc4e7dd7ba26334292ad6eeed941a1" kindref="member">LinphoneCoreCbsSubscriptionStateChangedCb</ref>. </para>        </briefdescription>
        <detaileddescription>
        </detaileddescription>
        <inbodydescription>
        </inbodydescription>
        <location file="/Users/S0U1SB4N3/test006/linphone-desktop/submodules/linphone/include/linphone/callbacks.h" line="532" column="1" bodyfile="/Users/S0U1SB4N3/test006/linphone-desktop/submodules/linphone/include/linphone/callbacks.h" bodystart="532" bodyend="-1"/>
      </memberdef>
      <memberdef kind="typedef" id="group__event__api_1ga5bd7f83a6932a97b52d661c90367e798" prot="public" static="no">
        <type>void(*</type>
        <definition>typedef void(* LinphoneCoreCbsPublishStateChangedCb) (LinphoneCore *lc, LinphoneEvent *lev, LinphonePublishState state)</definition>
        <argsstring>)(LinphoneCore *lc, LinphoneEvent *lev, LinphonePublishState state)</argsstring>
        <name>LinphoneCoreCbsPublishStateChangedCb</name>
        <briefdescription>
<para>Callback prototype for notifying the application about changes of publish states. </para>        </briefdescription>
        <detaileddescription>
        </detaileddescription>
        <inbodydescription>
        </inbodydescription>
        <location file="/Users/S0U1SB4N3/test006/linphone-desktop/submodules/linphone/include/linphone/callbacks.h" line="537" column="1" bodyfile="/Users/S0U1SB4N3/test006/linphone-desktop/submodules/linphone/include/linphone/callbacks.h" bodystart="537" bodyend="-1"/>
      </memberdef>
      <memberdef kind="typedef" id="group__event__api_1ga5d46e912a055805bf3beb2558b0ab329" prot="public" static="no">
        <type><ref refid="group__event__api_1ga5bd7f83a6932a97b52d661c90367e798" kindref="member">LinphoneCoreCbsPublishStateChangedCb</ref></type>
        <definition>typedef LinphoneCoreCbsPublishStateChangedCb LinphoneCorePublishStateChangedCb</definition>
        <argsstring></argsstring>
        <name>LinphoneCorePublishStateChangedCb</name>
        <briefdescription>
<para>Old name of LinphoneCoreCbsPublishStateChangedCb. </para>        </briefdescription>
        <detaileddescription>
        </detaileddescription>
        <inbodydescription>
        </inbodydescription>
        <location file="/Users/S0U1SB4N3/test006/linphone-desktop/submodules/linphone/include/linphone/callbacks.h" line="542" column="1" bodyfile="/Users/S0U1SB4N3/test006/linphone-desktop/submodules/linphone/include/linphone/callbacks.h" bodystart="542" bodyend="-1"/>
      </memberdef>
      <memberdef kind="typedef" id="group__event__api_1ga4befcba96583d9e9d9f2b775cccfb2b7" prot="public" static="no">
        <type>struct _LinphoneEvent</type>
        <definition>typedef struct _LinphoneEvent LinphoneEvent</definition>
        <argsstring></argsstring>
        <name>LinphoneEvent</name>
        <briefdescription>
<para>Object representing an event state, which is subcribed or published. </para>        </briefdescription>
        <detaileddescription>
<para><simplesect kind="see"><para><ref refid="group__event__api_1ga3d1ea36f58ec30b475e424d2bff93fb6" kindref="member">linphone_core_publish()</ref> </para></simplesect>
<simplesect kind="see"><para><ref refid="group__event__api_1ga7f26a525c7acc4a51a32e36c795e1930" kindref="member">linphone_core_subscribe()</ref> </para></simplesect>
</para>        </detaileddescription>
        <inbodydescription>
        </inbodydescription>
        <location file="/Users/S0U1SB4N3/test006/linphone-desktop/submodules/linphone/include/linphone/types.h" line="460" column="1" bodyfile="/Users/S0U1SB4N3/test006/linphone-desktop/submodules/linphone/include/linphone/types.h" bodystart="512" bodyend="-1"/>
      </memberdef>
      <memberdef kind="typedef" id="group__event__api_1ga87334f4b5de3956d0480bcdc4b6b73f1" prot="public" static="no">
        <type>enum <ref refid="group__event__api_1gaaffffb466f4d5c5141f5a938760e3ce4" kindref="member">_LinphonePublishState</ref></type>
        <definition>typedef enum _LinphonePublishState  LinphonePublishState</definition>
        <argsstring></argsstring>
        <name>LinphonePublishState</name>
        <briefdescription>
<para>Enum for publish states. </para>        </briefdescription>
        <detaileddescription>
        </detaileddescription>
        <inbodydescription>
        </inbodydescription>
        <location file="/Users/S0U1SB4N3/test006/linphone-desktop/submodules/linphone/include/linphone/types.h" line="953" column="1"/>
      </memberdef>
      <memberdef kind="typedef" id="group__event__api_1gaa99839111e4d7ce2671b65c6072e8dcc" prot="public" static="no">
        <type>enum <ref refid="group__event__api_1ga952ed6766d10e5c40eb1c08027fd299e" kindref="member">_LinphoneSubscriptionDir</ref></type>
        <definition>typedef enum _LinphoneSubscriptionDir  LinphoneSubscriptionDir</definition>
        <argsstring></argsstring>
        <name>LinphoneSubscriptionDir</name>
        <briefdescription>
<para>Enum for subscription direction (incoming or outgoing). </para>        </briefdescription>
        <detaileddescription>
        </detaileddescription>
        <inbodydescription>
        </inbodydescription>
        <location file="/Users/S0U1SB4N3/test006/linphone-desktop/submodules/linphone/include/linphone/types.h" line="1070" column="1"/>
      </memberdef>
      <memberdef kind="typedef" id="group__event__api_1gaf1fc5608d1a967b13a28e2b012ceb948" prot="public" static="no">
        <type>enum <ref refid="group__event__api_1ga3f3f0721b654f5d9bf69451894c15fd2" kindref="member">_LinphoneSubscriptionState</ref></type>
        <definition>typedef enum _LinphoneSubscriptionState  LinphoneSubscriptionState</definition>
        <argsstring></argsstring>
        <name>LinphoneSubscriptionState</name>
        <briefdescription>
<para>Enum for subscription states. </para>        </briefdescription>
        <detaileddescription>
<para>LinphoneSubscriptionTerminated and LinphoneSubscriptionError are final states. </para>        </detaileddescription>
        <inbodydescription>
        </inbodydescription>
        <location file="/Users/S0U1SB4N3/test006/linphone-desktop/submodules/linphone/include/linphone/types.h" line="1086" column="1"/>
      </memberdef>
      </sectiondef>
      <sectiondef kind="func">
      <memberdef kind="function" id="group__event__api_1ga7f26a525c7acc4a51a32e36c795e1930" prot="public" static="no" const="no" explicit="no" inline="no" virt="non-virtual">
        <type><ref refid="group__event__api_1ga4befcba96583d9e9d9f2b775cccfb2b7" kindref="member">LinphoneEvent</ref> *</type>
        <definition>LinphoneEvent* linphone_core_subscribe</definition>
        <argsstring>(LinphoneCore *lc, const LinphoneAddress *resource, const char *event, int expires, const LinphoneContent *body)</argsstring>
        <name>linphone_core_subscribe</name>
        <param>
          <type><ref refid="group__initializing_1gaa5cf635b82dd338e7ee2dd3599d05f0a" kindref="member">LinphoneCore</ref> *</type>
          <declname>lc</declname>
        </param>
        <param>
          <type>const <ref refid="group__linphone__address_1ga5af5a516ac253e3cda4f51b599a5385b" kindref="member">LinphoneAddress</ref> *</type>
          <declname>resource</declname>
        </param>
        <param>
          <type>const char *</type>
          <declname>event</declname>
        </param>
        <param>
          <type>int</type>
          <declname>expires</declname>
        </param>
        <param>
          <type>const <ref refid="group__misc_1gaec435ed53168e70535e64b69a906304b" kindref="member">LinphoneContent</ref> *</type>
          <declname>body</declname>
        </param>
        <briefdescription>
<para>Create an outgoing subscription, specifying the destination resource, the event name, and an optional content body. </para>        </briefdescription>
        <detaileddescription>
<para>If accepted, the subscription runs for a finite period, but is automatically renewed if not terminated before. <parameterlist kind="param"><parameteritem>
<parameternamelist>
<parametername>lc</parametername>
</parameternamelist>
<parameterdescription>
<para>the <ref refid="group__initializing_1gaa5cf635b82dd338e7ee2dd3599d05f0a" kindref="member">LinphoneCore</ref> </para></parameterdescription>
</parameteritem>
<parameteritem>
<parameternamelist>
<parametername>resource</parametername>
</parameternamelist>
<parameterdescription>
<para>the destination resource </para></parameterdescription>
</parameteritem>
<parameteritem>
<parameternamelist>
<parametername>event</parametername>
</parameternamelist>
<parameterdescription>
<para>the event name </para></parameterdescription>
</parameteritem>
<parameteritem>
<parameternamelist>
<parametername>expires</parametername>
</parameternamelist>
<parameterdescription>
<para>the whished duration of the subscription </para></parameterdescription>
</parameteritem>
<parameteritem>
<parameternamelist>
<parametername>body</parametername>
</parameternamelist>
<parameterdescription>
<para>an optional body, may be NULL. </para></parameterdescription>
</parameteritem>
</parameterlist>
<simplesect kind="return"><para>a LinphoneEvent holding the context of the created subcription. </para></simplesect>
</para>        </detaileddescription>
        <inbodydescription>
        </inbodydescription>
        <location file="/Users/S0U1SB4N3/test006/linphone-desktop/submodules/linphone/include/linphone/core.h" line="4907" column="1"/>
      </memberdef>
      <memberdef kind="function" id="group__event__api_1ga6a423ceb44b66ee9eb31aca7e94f1cbc" prot="public" static="no" const="no" explicit="no" inline="no" virt="non-virtual">
        <type><ref refid="group__event__api_1ga4befcba96583d9e9d9f2b775cccfb2b7" kindref="member">LinphoneEvent</ref> *</type>
        <definition>LinphoneEvent* linphone_core_create_subscribe</definition>
        <argsstring>(LinphoneCore *lc, const LinphoneAddress *resource, const char *event, int expires)</argsstring>
        <name>linphone_core_create_subscribe</name>
        <param>
          <type><ref refid="group__initializing_1gaa5cf635b82dd338e7ee2dd3599d05f0a" kindref="member">LinphoneCore</ref> *</type>
          <declname>lc</declname>
        </param>
        <param>
          <type>const <ref refid="group__linphone__address_1ga5af5a516ac253e3cda4f51b599a5385b" kindref="member">LinphoneAddress</ref> *</type>
          <declname>resource</declname>
        </param>
        <param>
          <type>const char *</type>
          <declname>event</declname>
        </param>
        <param>
          <type>int</type>
          <declname>expires</declname>
        </param>
        <briefdescription>
<para>Create an outgoing subscription, specifying the destination resource, the event name, and an optional content body. </para>        </briefdescription>
        <detaileddescription>
<para>If accepted, the subscription runs for a finite period, but is automatically renewed if not terminated before. Unlike <ref refid="group__event__api_1ga7f26a525c7acc4a51a32e36c795e1930" kindref="member">linphone_core_subscribe()</ref> the subscription isn&apos;t sent immediately. It will be send when calling <ref refid="group__event__api_1gac0eaf12321c840596d41221f0e849b22" kindref="member">linphone_event_send_subscribe()</ref>. <parameterlist kind="param"><parameteritem>
<parameternamelist>
<parametername>lc</parametername>
</parameternamelist>
<parameterdescription>
<para>the <ref refid="group__initializing_1gaa5cf635b82dd338e7ee2dd3599d05f0a" kindref="member">LinphoneCore</ref> </para></parameterdescription>
</parameteritem>
<parameteritem>
<parameternamelist>
<parametername>resource</parametername>
</parameternamelist>
<parameterdescription>
<para>the destination resource </para></parameterdescription>
</parameteritem>
<parameteritem>
<parameternamelist>
<parametername>event</parametername>
</parameternamelist>
<parameterdescription>
<para>the event name </para></parameterdescription>
</parameteritem>
<parameteritem>
<parameternamelist>
<parametername>expires</parametername>
</parameternamelist>
<parameterdescription>
<para>the whished duration of the subscription </para></parameterdescription>
</parameteritem>
</parameterlist>
<simplesect kind="return"><para>a LinphoneEvent holding the context of the created subcription. </para></simplesect>
</para>        </detaileddescription>
        <inbodydescription>
        </inbodydescription>
        <location file="/Users/S0U1SB4N3/test006/linphone-desktop/submodules/linphone/include/linphone/core.h" line="4919" column="1"/>
      </memberdef>
      <memberdef kind="function" id="group__event__api_1ga36f0b9408dee05af9548c3b6dbec62ce" prot="public" static="no" const="no" explicit="no" inline="no" virt="non-virtual">
        <type><ref refid="group__event__api_1ga4befcba96583d9e9d9f2b775cccfb2b7" kindref="member">LinphoneEvent</ref> *</type>
        <definition>LinphoneEvent* linphone_core_create_notify</definition>
        <argsstring>(LinphoneCore *lc, const LinphoneAddress *resource, const char *event)</argsstring>
        <name>linphone_core_create_notify</name>
        <param>
          <type><ref refid="group__initializing_1gaa5cf635b82dd338e7ee2dd3599d05f0a" kindref="member">LinphoneCore</ref> *</type>
          <declname>lc</declname>
        </param>
        <param>
          <type>const <ref refid="group__linphone__address_1ga5af5a516ac253e3cda4f51b599a5385b" kindref="member">LinphoneAddress</ref> *</type>
          <declname>resource</declname>
        </param>
        <param>
          <type>const char *</type>
          <declname>event</declname>
        </param>
        <briefdescription>
<para>Create an out-of-dialog notification, specifying the destination resource, the event name. </para>        </briefdescription>
        <detaileddescription>
<para>The notification can be send with <ref refid="group__event__api_1ga8ef76a30f239f2f7fa0704dfdb4547df" kindref="member">linphone_event_notify()</ref>. <parameterlist kind="param"><parameteritem>
<parameternamelist>
<parametername>lc</parametername>
</parameternamelist>
<parameterdescription>
<para>the <ref refid="group__initializing_1gaa5cf635b82dd338e7ee2dd3599d05f0a" kindref="member">LinphoneCore</ref> </para></parameterdescription>
</parameteritem>
<parameteritem>
<parameternamelist>
<parametername>resource</parametername>
</parameternamelist>
<parameterdescription>
<para>the destination resource </para></parameterdescription>
</parameteritem>
<parameteritem>
<parameternamelist>
<parametername>event</parametername>
</parameternamelist>
<parameterdescription>
<para>the event name </para></parameterdescription>
</parameteritem>
</parameterlist>
<simplesect kind="return"><para>a LinphoneEvent holding the context of the notification. </para></simplesect>
</para>        </detaileddescription>
        <inbodydescription>
        </inbodydescription>
        <location file="/Users/S0U1SB4N3/test006/linphone-desktop/submodules/linphone/include/linphone/core.h" line="4930" column="1"/>
      </memberdef>
      <memberdef kind="function" id="group__event__api_1ga3d1ea36f58ec30b475e424d2bff93fb6" prot="public" static="no" const="no" explicit="no" inline="no" virt="non-virtual">
        <type><ref refid="group__event__api_1ga4befcba96583d9e9d9f2b775cccfb2b7" kindref="member">LinphoneEvent</ref> *</type>
        <definition>LinphoneEvent* linphone_core_publish</definition>
        <argsstring>(LinphoneCore *lc, const LinphoneAddress *resource, const char *event, int expires, const LinphoneContent *body)</argsstring>
        <name>linphone_core_publish</name>
        <param>
          <type><ref refid="group__initializing_1gaa5cf635b82dd338e7ee2dd3599d05f0a" kindref="member">LinphoneCore</ref> *</type>
          <declname>lc</declname>
        </param>
        <param>
          <type>const <ref refid="group__linphone__address_1ga5af5a516ac253e3cda4f51b599a5385b" kindref="member">LinphoneAddress</ref> *</type>
          <declname>resource</declname>
        </param>
        <param>
          <type>const char *</type>
          <declname>event</declname>
        </param>
        <param>
          <type>int</type>
          <declname>expires</declname>
        </param>
        <param>
          <type>const <ref refid="group__misc_1gaec435ed53168e70535e64b69a906304b" kindref="member">LinphoneContent</ref> *</type>
          <declname>body</declname>
        </param>
        <briefdescription>
<para>Publish an event state. </para>        </briefdescription>
        <detaileddescription>
<para>This first create a LinphoneEvent with <ref refid="group__event__api_1ga61c9286b3c0ef0407140e9978c12e55a" kindref="member">linphone_core_create_publish()</ref> and calls <ref refid="group__event__api_1ga36df6a42cb16c28dc44518b0770a5d74" kindref="member">linphone_event_send_publish()</ref> to actually send it. After expiry, the publication is refreshed unless it is terminated before. <parameterlist kind="param"><parameteritem>
<parameternamelist>
<parametername>lc</parametername>
</parameternamelist>
<parameterdescription>
<para>the <ref refid="group__initializing_1gaa5cf635b82dd338e7ee2dd3599d05f0a" kindref="member">LinphoneCore</ref> </para></parameterdescription>
</parameteritem>
<parameteritem>
<parameternamelist>
<parametername>resource</parametername>
</parameternamelist>
<parameterdescription>
<para>the resource uri for the event </para></parameterdescription>
</parameteritem>
<parameteritem>
<parameternamelist>
<parametername>event</parametername>
</parameternamelist>
<parameterdescription>
<para>the event name </para></parameterdescription>
</parameteritem>
<parameteritem>
<parameternamelist>
<parametername>expires</parametername>
</parameternamelist>
<parameterdescription>
<para>the lifetime of event being published, -1 if no associated duration, in which case it will not be refreshed. </para></parameterdescription>
</parameteritem>
<parameteritem>
<parameternamelist>
<parametername>body</parametername>
</parameternamelist>
<parameterdescription>
<para>the actual published data </para></parameterdescription>
</parameteritem>
</parameterlist>
<simplesect kind="return"><para>the LinphoneEvent holding the context of the publish. </para></simplesect>
</para>        </detaileddescription>
        <inbodydescription>
        </inbodydescription>
        <location file="/Users/S0U1SB4N3/test006/linphone-desktop/submodules/linphone/include/linphone/core.h" line="4943" column="1"/>
      </memberdef>
      <memberdef kind="function" id="group__event__api_1ga61c9286b3c0ef0407140e9978c12e55a" prot="public" static="no" const="no" explicit="no" inline="no" virt="non-virtual">
        <type><ref refid="group__event__api_1ga4befcba96583d9e9d9f2b775cccfb2b7" kindref="member">LinphoneEvent</ref> *</type>
        <definition>LinphoneEvent* linphone_core_create_publish</definition>
        <argsstring>(LinphoneCore *lc, const LinphoneAddress *resource, const char *event, int expires)</argsstring>
        <name>linphone_core_create_publish</name>
        <param>
          <type><ref refid="group__initializing_1gaa5cf635b82dd338e7ee2dd3599d05f0a" kindref="member">LinphoneCore</ref> *</type>
          <declname>lc</declname>
        </param>
        <param>
          <type>const <ref refid="group__linphone__address_1ga5af5a516ac253e3cda4f51b599a5385b" kindref="member">LinphoneAddress</ref> *</type>
          <declname>resource</declname>
        </param>
        <param>
          <type>const char *</type>
          <declname>event</declname>
        </param>
        <param>
          <type>int</type>
          <declname>expires</declname>
        </param>
        <briefdescription>
<para>Create a publish context for an event state. </para>        </briefdescription>
        <detaileddescription>
<para>After being created, the publish must be sent using <ref refid="group__event__api_1ga36df6a42cb16c28dc44518b0770a5d74" kindref="member">linphone_event_send_publish()</ref>. After expiry, the publication is refreshed unless it is terminated before. <parameterlist kind="param"><parameteritem>
<parameternamelist>
<parametername>lc</parametername>
</parameternamelist>
<parameterdescription>
<para>the <ref refid="group__initializing_1gaa5cf635b82dd338e7ee2dd3599d05f0a" kindref="member">LinphoneCore</ref> </para></parameterdescription>
</parameteritem>
<parameteritem>
<parameternamelist>
<parametername>resource</parametername>
</parameternamelist>
<parameterdescription>
<para>the resource uri for the event </para></parameterdescription>
</parameteritem>
<parameteritem>
<parameternamelist>
<parametername>event</parametername>
</parameternamelist>
<parameterdescription>
<para>the event name </para></parameterdescription>
</parameteritem>
<parameteritem>
<parameternamelist>
<parametername>expires</parametername>
</parameternamelist>
<parameterdescription>
<para>the lifetime of event being published, -1 if no associated duration, in which case it will not be refreshed. </para></parameterdescription>
</parameteritem>
</parameterlist>
<simplesect kind="return"><para>the LinphoneEvent holding the context of the publish. </para></simplesect>
</para>        </detaileddescription>
        <inbodydescription>
        </inbodydescription>
        <location file="/Users/S0U1SB4N3/test006/linphone-desktop/submodules/linphone/include/linphone/core.h" line="4955" column="1"/>
      </memberdef>
      <memberdef kind="function" id="group__event__api_1gac1c4abdf9d9995f71e60c656817a96fa" prot="public" static="no" const="no" explicit="no" inline="no" virt="non-virtual">
        <type><ref refid="group__event__api_1ga4befcba96583d9e9d9f2b775cccfb2b7" kindref="member">LinphoneEvent</ref> *</type>
        <definition>LinphoneEvent* linphone_core_create_one_shot_publish</definition>
        <argsstring>(LinphoneCore *lc, const LinphoneAddress *resource, const char *event)</argsstring>
        <name>linphone_core_create_one_shot_publish</name>
        <param>
          <type><ref refid="group__initializing_1gaa5cf635b82dd338e7ee2dd3599d05f0a" kindref="member">LinphoneCore</ref> *</type>
          <declname>lc</declname>
        </param>
        <param>
          <type>const <ref refid="group__linphone__address_1ga5af5a516ac253e3cda4f51b599a5385b" kindref="member">LinphoneAddress</ref> *</type>
          <declname>resource</declname>
        </param>
        <param>
          <type>const char *</type>
          <declname>event</declname>
        </param>
        <briefdescription>
<para>Create a publish context for a one-shot publish. </para>        </briefdescription>
        <detaileddescription>
<para>After being created, the publish must be sent using <ref refid="group__event__api_1ga36df6a42cb16c28dc44518b0770a5d74" kindref="member">linphone_event_send_publish()</ref>. The LinphoneEvent is automatically terminated when the publish transaction is finished, either with success or failure. The application must not call <ref refid="group__event__api_1gaef98f2e70b0a62e46bb1e836b61a8491" kindref="member">linphone_event_terminate()</ref> for such one-shot publish. <parameterlist kind="param"><parameteritem>
<parameternamelist>
<parametername>lc</parametername>
</parameternamelist>
<parameterdescription>
<para>the <ref refid="group__initializing_1gaa5cf635b82dd338e7ee2dd3599d05f0a" kindref="member">LinphoneCore</ref> </para></parameterdescription>
</parameteritem>
<parameteritem>
<parameternamelist>
<parametername>resource</parametername>
</parameternamelist>
<parameterdescription>
<para>the resource uri for the event </para></parameterdescription>
</parameteritem>
<parameteritem>
<parameternamelist>
<parametername>event</parametername>
</parameternamelist>
<parameterdescription>
<para>the event name </para></parameterdescription>
</parameteritem>
</parameterlist>
<simplesect kind="return"><para>the LinphoneEvent holding the context of the publish. </para></simplesect>
</para>        </detaileddescription>
        <inbodydescription>
        </inbodydescription>
        <location file="/Users/S0U1SB4N3/test006/linphone-desktop/submodules/linphone/include/linphone/core.h" line="4967" column="1"/>
      </memberdef>
      <memberdef kind="function" id="group__event__api_1gac0eaf12321c840596d41221f0e849b22" prot="public" static="no" const="no" explicit="no" inline="no" virt="non-virtual">
        <type><ref refid="group__misc_1ga06cc4f9926a5e15e2ec4f9b1305d2936" kindref="member">LinphoneStatus</ref></type>
        <definition>LinphoneStatus linphone_event_send_subscribe</definition>
        <argsstring>(LinphoneEvent *ev, const LinphoneContent *body)</argsstring>
        <name>linphone_event_send_subscribe</name>
        <param>
          <type><ref refid="group__event__api_1ga4befcba96583d9e9d9f2b775cccfb2b7" kindref="member">LinphoneEvent</ref> *</type>
          <declname>ev</declname>
        </param>
        <param>
          <type>const <ref refid="group__misc_1gaec435ed53168e70535e64b69a906304b" kindref="member">LinphoneContent</ref> *</type>
          <declname>body</declname>
        </param>
        <briefdescription>
<para>Send a subscription previously created by <ref refid="group__event__api_1ga6a423ceb44b66ee9eb31aca7e94f1cbc" kindref="member">linphone_core_create_subscribe()</ref>. </para>        </briefdescription>
        <detaileddescription>
<para><parameterlist kind="param"><parameteritem>
<parameternamelist>
<parametername>ev</parametername>
</parameternamelist>
<parameterdescription>
<para>the LinphoneEvent </para></parameterdescription>
</parameteritem>
<parameteritem>
<parameternamelist>
<parametername>body</parametername>
</parameternamelist>
<parameterdescription>
<para>optional content to attach with the subscription. </para></parameterdescription>
</parameteritem>
</parameterlist>
<simplesect kind="return"><para>0 if successful, -1 otherwise. </para></simplesect>
</para>        </detaileddescription>
        <inbodydescription>
        </inbodydescription>
        <location file="/Users/S0U1SB4N3/test006/linphone-desktop/submodules/linphone/include/linphone/event.h" line="40" column="1"/>
      </memberdef>
      <memberdef kind="function" id="group__event__api_1gae987b5e625a2b3ab65c8c921e7cf1d73" prot="public" static="no" const="no" explicit="no" inline="no" virt="non-virtual">
        <type><ref refid="group__misc_1ga06cc4f9926a5e15e2ec4f9b1305d2936" kindref="member">LinphoneStatus</ref></type>
        <definition>LinphoneStatus linphone_event_update_subscribe</definition>
        <argsstring>(LinphoneEvent *lev, const LinphoneContent *body)</argsstring>
        <name>linphone_event_update_subscribe</name>
        <param>
          <type><ref refid="group__event__api_1ga4befcba96583d9e9d9f2b775cccfb2b7" kindref="member">LinphoneEvent</ref> *</type>
          <declname>lev</declname>
        </param>
        <param>
          <type>const <ref refid="group__misc_1gaec435ed53168e70535e64b69a906304b" kindref="member">LinphoneContent</ref> *</type>
          <declname>body</declname>
        </param>
        <briefdescription>
<para>Update (refresh) an outgoing subscription, changing the body. </para>        </briefdescription>
        <detaileddescription>
<para><parameterlist kind="param"><parameteritem>
<parameternamelist>
<parametername>lev</parametername>
</parameternamelist>
<parameterdescription>
<para>a LinphoneEvent </para></parameterdescription>
</parameteritem>
<parameteritem>
<parameternamelist>
<parametername>body</parametername>
</parameternamelist>
<parameterdescription>
<para>an optional body to include in the subscription update, may be NULL. </para></parameterdescription>
</parameteritem>
</parameterlist>
</para>        </detaileddescription>
        <inbodydescription>
        </inbodydescription>
        <location file="/Users/S0U1SB4N3/test006/linphone-desktop/submodules/linphone/include/linphone/event.h" line="47" column="1"/>
      </memberdef>
      <memberdef kind="function" id="group__event__api_1ga0f8f88291a19386ae3de4a16f5dcae1e" prot="public" static="no" const="no" explicit="no" inline="no" virt="non-virtual">
        <type><ref refid="group__misc_1ga06cc4f9926a5e15e2ec4f9b1305d2936" kindref="member">LinphoneStatus</ref></type>
        <definition>LinphoneStatus linphone_event_refresh_subscribe</definition>
        <argsstring>(LinphoneEvent *lev)</argsstring>
        <name>linphone_event_refresh_subscribe</name>
        <param>
          <type><ref refid="group__event__api_1ga4befcba96583d9e9d9f2b775cccfb2b7" kindref="member">LinphoneEvent</ref> *</type>
          <declname>lev</declname>
        </param>
        <briefdescription>
<para>Refresh an outgoing subscription keeping the same body. </para>        </briefdescription>
        <detaileddescription>
<para><parameterlist kind="param"><parameteritem>
<parameternamelist>
<parametername>lev</parametername>
</parameternamelist>
<parameterdescription>
<para>LinphoneEvent object. </para></parameterdescription>
</parameteritem>
</parameterlist>
<simplesect kind="return"><para>0 if successful, -1 otherwise. </para></simplesect>
</para>        </detaileddescription>
        <inbodydescription>
        </inbodydescription>
        <location file="/Users/S0U1SB4N3/test006/linphone-desktop/submodules/linphone/include/linphone/event.h" line="54" column="1"/>
      </memberdef>
      <memberdef kind="function" id="group__event__api_1ga744252e83308a7f50dab9f6ad5c7fe08" prot="public" static="no" const="no" explicit="no" inline="no" virt="non-virtual">
        <type><ref refid="group__misc_1ga06cc4f9926a5e15e2ec4f9b1305d2936" kindref="member">LinphoneStatus</ref></type>
        <definition>LinphoneStatus linphone_event_accept_subscription</definition>
        <argsstring>(LinphoneEvent *lev)</argsstring>
        <name>linphone_event_accept_subscription</name>
        <param>
          <type><ref refid="group__event__api_1ga4befcba96583d9e9d9f2b775cccfb2b7" kindref="member">LinphoneEvent</ref> *</type>
          <declname>lev</declname>
        </param>
        <briefdescription>
<para>Accept an incoming subcription. </para>        </briefdescription>
        <detaileddescription>
        </detaileddescription>
        <inbodydescription>
        </inbodydescription>
        <location file="/Users/S0U1SB4N3/test006/linphone-desktop/submodules/linphone/include/linphone/event.h" line="60" column="1"/>
      </memberdef>
      <memberdef kind="function" id="group__event__api_1gae88ad09a189b43c6253241c288567808" prot="public" static="no" const="no" explicit="no" inline="no" virt="non-virtual">
        <type><ref refid="group__misc_1ga06cc4f9926a5e15e2ec4f9b1305d2936" kindref="member">LinphoneStatus</ref></type>
        <definition>LinphoneStatus linphone_event_deny_subscription</definition>
        <argsstring>(LinphoneEvent *lev, LinphoneReason reason)</argsstring>
        <name>linphone_event_deny_subscription</name>
        <param>
          <type><ref refid="group__event__api_1ga4befcba96583d9e9d9f2b775cccfb2b7" kindref="member">LinphoneEvent</ref> *</type>
          <declname>lev</declname>
        </param>
        <param>
          <type><ref refid="group__misc_1ga718bb4a932186c1101a78ddce8083243" kindref="member">LinphoneReason</ref></type>
          <declname>reason</declname>
        </param>
        <briefdescription>
<para>Deny an incoming subscription with given reason. </para>        </briefdescription>
        <detaileddescription>
        </detaileddescription>
        <inbodydescription>
        </inbodydescription>
        <location file="/Users/S0U1SB4N3/test006/linphone-desktop/submodules/linphone/include/linphone/event.h" line="65" column="1"/>
      </memberdef>
      <memberdef kind="function" id="group__event__api_1ga8ef76a30f239f2f7fa0704dfdb4547df" prot="public" static="no" const="no" explicit="no" inline="no" virt="non-virtual">
        <type><ref refid="group__misc_1ga06cc4f9926a5e15e2ec4f9b1305d2936" kindref="member">LinphoneStatus</ref></type>
        <definition>LinphoneStatus linphone_event_notify</definition>
        <argsstring>(LinphoneEvent *lev, const LinphoneContent *body)</argsstring>
        <name>linphone_event_notify</name>
        <param>
          <type><ref refid="group__event__api_1ga4befcba96583d9e9d9f2b775cccfb2b7" kindref="member">LinphoneEvent</ref> *</type>
          <declname>lev</declname>
        </param>
        <param>
          <type>const <ref refid="group__misc_1gaec435ed53168e70535e64b69a906304b" kindref="member">LinphoneContent</ref> *</type>
          <declname>body</declname>
        </param>
        <briefdescription>
<para>Send a notification. </para>        </briefdescription>
        <detaileddescription>
<para><parameterlist kind="param"><parameteritem>
<parameternamelist>
<parametername>lev</parametername>
</parameternamelist>
<parameterdescription>
<para>a <ref refid="group__event__api_1ga4befcba96583d9e9d9f2b775cccfb2b7" kindref="member">LinphoneEvent</ref> corresponding to an incoming subscription previously received and accepted. </para></parameterdescription>
</parameteritem>
<parameteritem>
<parameternamelist>
<parametername>body</parametername>
</parameternamelist>
<parameterdescription>
<para>an optional body containing the actual notification data. </para></parameterdescription>
</parameteritem>
</parameterlist>
<simplesect kind="return"><para>0 if successful, -1 otherwise. </para></simplesect>
</para>        </detaileddescription>
        <inbodydescription>
        </inbodydescription>
        <location file="/Users/S0U1SB4N3/test006/linphone-desktop/submodules/linphone/include/linphone/event.h" line="73" column="1"/>
      </memberdef>
      <memberdef kind="function" id="group__event__api_1ga36df6a42cb16c28dc44518b0770a5d74" prot="public" static="no" const="no" explicit="no" inline="no" virt="non-virtual">
        <type><ref refid="group__misc_1ga06cc4f9926a5e15e2ec4f9b1305d2936" kindref="member">LinphoneStatus</ref></type>
        <definition>LinphoneStatus linphone_event_send_publish</definition>
        <argsstring>(LinphoneEvent *lev, const LinphoneContent *body)</argsstring>
        <name>linphone_event_send_publish</name>
        <param>
          <type><ref refid="group__event__api_1ga4befcba96583d9e9d9f2b775cccfb2b7" kindref="member">LinphoneEvent</ref> *</type>
          <declname>lev</declname>
        </param>
        <param>
          <type>const <ref refid="group__misc_1gaec435ed53168e70535e64b69a906304b" kindref="member">LinphoneContent</ref> *</type>
          <declname>body</declname>
        </param>
        <briefdescription>
<para>Send a publish created by <ref refid="group__event__api_1ga61c9286b3c0ef0407140e9978c12e55a" kindref="member">linphone_core_create_publish()</ref>. </para>        </briefdescription>
        <detaileddescription>
<para><parameterlist kind="param"><parameteritem>
<parameternamelist>
<parametername>lev</parametername>
</parameternamelist>
<parameterdescription>
<para>the <ref refid="group__event__api_1ga4befcba96583d9e9d9f2b775cccfb2b7" kindref="member">LinphoneEvent</ref> </para></parameterdescription>
</parameteritem>
<parameteritem>
<parameternamelist>
<parametername>body</parametername>
</parameternamelist>
<parameterdescription>
<para>the new data to be published </para></parameterdescription>
</parameteritem>
</parameterlist>
</para>        </detaileddescription>
        <inbodydescription>
        </inbodydescription>
        <location file="/Users/S0U1SB4N3/test006/linphone-desktop/submodules/linphone/include/linphone/event.h" line="80" column="1"/>
      </memberdef>
      <memberdef kind="function" id="group__event__api_1gaf6fc3b6e568498bfb72e24c624bcb32f" prot="public" static="no" const="no" explicit="no" inline="no" virt="non-virtual">
        <type><ref refid="group__misc_1ga06cc4f9926a5e15e2ec4f9b1305d2936" kindref="member">LinphoneStatus</ref></type>
        <definition>LinphoneStatus linphone_event_update_publish</definition>
        <argsstring>(LinphoneEvent *lev, const LinphoneContent *body)</argsstring>
        <name>linphone_event_update_publish</name>
        <param>
          <type><ref refid="group__event__api_1ga4befcba96583d9e9d9f2b775cccfb2b7" kindref="member">LinphoneEvent</ref> *</type>
          <declname>lev</declname>
        </param>
        <param>
          <type>const <ref refid="group__misc_1gaec435ed53168e70535e64b69a906304b" kindref="member">LinphoneContent</ref> *</type>
          <declname>body</declname>
        </param>
        <briefdescription>
<para>Update (refresh) a publish. </para>        </briefdescription>
        <detaileddescription>
<para><parameterlist kind="param"><parameteritem>
<parameternamelist>
<parametername>lev</parametername>
</parameternamelist>
<parameterdescription>
<para>the <ref refid="group__event__api_1ga4befcba96583d9e9d9f2b775cccfb2b7" kindref="member">LinphoneEvent</ref> </para></parameterdescription>
</parameteritem>
<parameteritem>
<parameternamelist>
<parametername>body</parametername>
</parameternamelist>
<parameterdescription>
<para>the new data to be published </para></parameterdescription>
</parameteritem>
</parameterlist>
</para>        </detaileddescription>
        <inbodydescription>
        </inbodydescription>
        <location file="/Users/S0U1SB4N3/test006/linphone-desktop/submodules/linphone/include/linphone/event.h" line="87" column="1"/>
      </memberdef>
      <memberdef kind="function" id="group__event__api_1ga71b39f8f396dfde1af6202bafa1fde23" prot="public" static="no" const="no" explicit="no" inline="no" virt="non-virtual">
        <type><ref refid="group__misc_1ga06cc4f9926a5e15e2ec4f9b1305d2936" kindref="member">LinphoneStatus</ref></type>
        <definition>LinphoneStatus linphone_event_refresh_publish</definition>
        <argsstring>(LinphoneEvent *lev)</argsstring>
        <name>linphone_event_refresh_publish</name>
        <param>
          <type><ref refid="group__event__api_1ga4befcba96583d9e9d9f2b775cccfb2b7" kindref="member">LinphoneEvent</ref> *</type>
          <declname>lev</declname>
        </param>
        <briefdescription>
<para>Refresh an outgoing publish keeping the same body. </para>        </briefdescription>
        <detaileddescription>
<para><parameterlist kind="param"><parameteritem>
<parameternamelist>
<parametername>lev</parametername>
</parameternamelist>
<parameterdescription>
<para>LinphoneEvent object. </para></parameterdescription>
</parameteritem>
</parameterlist>
<simplesect kind="return"><para>0 if successful, -1 otherwise. </para></simplesect>
</para>        </detaileddescription>
        <inbodydescription>
        </inbodydescription>
        <location file="/Users/S0U1SB4N3/test006/linphone-desktop/submodules/linphone/include/linphone/event.h" line="94" column="1"/>
      </memberdef>
      <memberdef kind="function" id="group__event__api_1gaab5de6f8d2f8651d485524d41ab857cc" prot="public" static="no" const="no" explicit="no" inline="no" virt="non-virtual">
        <type>void</type>
        <definition>void linphone_event_pause_publish</definition>
        <argsstring>(LinphoneEvent *lev)</argsstring>
        <name>linphone_event_pause_publish</name>
        <param>
          <type><ref refid="group__event__api_1ga4befcba96583d9e9d9f2b775cccfb2b7" kindref="member">LinphoneEvent</ref> *</type>
          <declname>lev</declname>
        </param>
        <briefdescription>
<para>Prevent an event from refreshing its publish. </para>        </briefdescription>
        <detaileddescription>
<para>This is useful to let registrations to expire naturally (or) when the application wants to keep control on when refreshes are sent. The refreshing operations can be resumed with <ref refid="group__proxies_1ga94411d7a66d26b421358fc4ab73a844d" kindref="member">linphone_proxy_config_refresh_register()</ref>. <parameterlist kind="param"><parameteritem>
<parameternamelist>
<parametername direction="in">lev</parametername>
</parameternamelist>
<parameterdescription>
<para><ref refid="group__event__api_1ga4befcba96583d9e9d9f2b775cccfb2b7" kindref="member">LinphoneEvent</ref> object. </para></parameterdescription>
</parameteritem>
</parameterlist>
</para>        </detaileddescription>
        <inbodydescription>
        </inbodydescription>
        <location file="/Users/S0U1SB4N3/test006/linphone-desktop/submodules/linphone/include/linphone/event.h" line="103" column="1"/>
      </memberdef>
      <memberdef kind="function" id="group__event__api_1ga035455d1b9ca83d1415bba989bd93395" prot="public" static="no" const="no" explicit="no" inline="no" virt="non-virtual">
        <type><ref refid="group__misc_1ga718bb4a932186c1101a78ddce8083243" kindref="member">LinphoneReason</ref></type>
        <definition>LinphoneReason linphone_event_get_reason</definition>
        <argsstring>(const LinphoneEvent *lev)</argsstring>
        <name>linphone_event_get_reason</name>
        <param>
          <type>const <ref refid="group__event__api_1ga4befcba96583d9e9d9f2b775cccfb2b7" kindref="member">LinphoneEvent</ref> *</type>
          <declname>lev</declname>
        </param>
        <briefdescription>
<para>Return reason code (in case of error state reached). </para>        </briefdescription>
        <detaileddescription>
        </detaileddescription>
        <inbodydescription>
        </inbodydescription>
        <location file="/Users/S0U1SB4N3/test006/linphone-desktop/submodules/linphone/include/linphone/event.h" line="108" column="1"/>
      </memberdef>
      <memberdef kind="function" id="group__event__api_1ga76be1dba05ea6ddce71d38f621ddcfde" prot="public" static="no" const="no" explicit="no" inline="no" virt="non-virtual">
        <type>const <ref refid="group__misc_1ga8f3b35ce44e1284465ac2859ffbb9db7" kindref="member">LinphoneErrorInfo</ref> *</type>
        <definition>const LinphoneErrorInfo* linphone_event_get_error_info</definition>
        <argsstring>(const LinphoneEvent *lev)</argsstring>
        <name>linphone_event_get_error_info</name>
        <param>
          <type>const <ref refid="group__event__api_1ga4befcba96583d9e9d9f2b775cccfb2b7" kindref="member">LinphoneEvent</ref> *</type>
          <declname>lev</declname>
        </param>
        <briefdescription>
<para>Get full details about an error occured. </para>        </briefdescription>
        <detaileddescription>
        </detaileddescription>
        <inbodydescription>
        </inbodydescription>
        <location file="/Users/S0U1SB4N3/test006/linphone-desktop/submodules/linphone/include/linphone/event.h" line="113" column="1"/>
      </memberdef>
      <memberdef kind="function" id="group__event__api_1gabc1e22da12a3a4ca0a76da3dbff38516" prot="public" static="no" const="no" explicit="no" inline="no" virt="non-virtual">
        <type><ref refid="group__event__api_1gaf1fc5608d1a967b13a28e2b012ceb948" kindref="member">LinphoneSubscriptionState</ref></type>
        <definition>LinphoneSubscriptionState linphone_event_get_subscription_state</definition>
        <argsstring>(const LinphoneEvent *lev)</argsstring>
        <name>linphone_event_get_subscription_state</name>
        <param>
          <type>const <ref refid="group__event__api_1ga4befcba96583d9e9d9f2b775cccfb2b7" kindref="member">LinphoneEvent</ref> *</type>
          <declname>lev</declname>
        </param>
        <briefdescription>
<para>Get subscription state. </para>        </briefdescription>
        <detaileddescription>
<para>If the event object was not created by a subscription mechanism, <ref refid="group__event__api_1gga3f3f0721b654f5d9bf69451894c15fd2aeca0ec22ff12067bd9678faafb78d2c5" kindref="member">LinphoneSubscriptionNone</ref> is returned. </para>        </detaileddescription>
        <inbodydescription>
        </inbodydescription>
        <location file="/Users/S0U1SB4N3/test006/linphone-desktop/submodules/linphone/include/linphone/event.h" line="118" column="1"/>
      </memberdef>
      <memberdef kind="function" id="group__event__api_1gaf3d059c3da69dd0f12ff65f0ecdaaf9d" prot="public" static="no" const="no" explicit="no" inline="no" virt="non-virtual">
        <type><ref refid="group__event__api_1ga87334f4b5de3956d0480bcdc4b6b73f1" kindref="member">LinphonePublishState</ref></type>
        <definition>LinphonePublishState linphone_event_get_publish_state</definition>
        <argsstring>(const LinphoneEvent *lev)</argsstring>
        <name>linphone_event_get_publish_state</name>
        <param>
          <type>const <ref refid="group__event__api_1ga4befcba96583d9e9d9f2b775cccfb2b7" kindref="member">LinphoneEvent</ref> *</type>
          <declname>lev</declname>
        </param>
        <briefdescription>
<para>Get publish state. </para>        </briefdescription>
        <detaileddescription>
<para>If the event object was not created by a publish mechanism, <ref refid="group__event__api_1ggaaffffb466f4d5c5141f5a938760e3ce4a5db681b47c687d2e16fa96dab5589752" kindref="member">LinphonePublishNone</ref> is returned. </para>        </detaileddescription>
        <inbodydescription>
        </inbodydescription>
        <location file="/Users/S0U1SB4N3/test006/linphone-desktop/submodules/linphone/include/linphone/event.h" line="123" column="1"/>
      </memberdef>
      <memberdef kind="function" id="group__event__api_1ga51e9694c8b2121a3d71d11632c7e1155" prot="public" static="no" const="no" explicit="no" inline="no" virt="non-virtual">
        <type><ref refid="group__event__api_1gaa99839111e4d7ce2671b65c6072e8dcc" kindref="member">LinphoneSubscriptionDir</ref></type>
        <definition>LinphoneSubscriptionDir linphone_event_get_subscription_dir</definition>
        <argsstring>(LinphoneEvent *lev)</argsstring>
        <name>linphone_event_get_subscription_dir</name>
        <param>
          <type><ref refid="group__event__api_1ga4befcba96583d9e9d9f2b775cccfb2b7" kindref="member">LinphoneEvent</ref> *</type>
          <declname>lev</declname>
        </param>
        <briefdescription>
<para>Get subscription direction. </para>        </briefdescription>
        <detaileddescription>
<para>If the object wasn&apos;t created by a subscription mechanism, <ref refid="group__event__api_1gga952ed6766d10e5c40eb1c08027fd299eaf11428c5f350033b0771dfed91c65ec8" kindref="member">LinphoneSubscriptionInvalidDir</ref> is returned. </para>        </detaileddescription>
        <inbodydescription>
        </inbodydescription>
        <location file="/Users/S0U1SB4N3/test006/linphone-desktop/submodules/linphone/include/linphone/event.h" line="129" column="1"/>
      </memberdef>
      <memberdef kind="function" id="group__event__api_1ga9e22cf3e08ba7801189ef20e58f9afad" prot="public" static="no" const="no" explicit="no" inline="no" virt="non-virtual">
        <type>void</type>
        <definition>void linphone_event_set_user_data</definition>
        <argsstring>(LinphoneEvent *ev, void *up)</argsstring>
        <name>linphone_event_set_user_data</name>
        <param>
          <type><ref refid="group__event__api_1ga4befcba96583d9e9d9f2b775cccfb2b7" kindref="member">LinphoneEvent</ref> *</type>
          <declname>ev</declname>
        </param>
        <param>
          <type>void *</type>
          <declname>up</declname>
        </param>
        <briefdescription>
<para>Set a user (application) pointer. </para>        </briefdescription>
        <detaileddescription>
        </detaileddescription>
        <inbodydescription>
        </inbodydescription>
        <location file="/Users/S0U1SB4N3/test006/linphone-desktop/submodules/linphone/include/linphone/event.h" line="134" column="1"/>
      </memberdef>
      <memberdef kind="function" id="group__event__api_1gac4b132995fed3dc6ba4e13c1ade928d1" prot="public" static="no" const="no" explicit="no" inline="no" virt="non-virtual">
        <type>void *</type>
        <definition>void* linphone_event_get_user_data</definition>
        <argsstring>(const LinphoneEvent *ev)</argsstring>
        <name>linphone_event_get_user_data</name>
        <param>
          <type>const <ref refid="group__event__api_1ga4befcba96583d9e9d9f2b775cccfb2b7" kindref="member">LinphoneEvent</ref> *</type>
          <declname>ev</declname>
        </param>
        <briefdescription>
<para>Retrieve user pointer. </para>        </briefdescription>
        <detaileddescription>
        </detaileddescription>
        <inbodydescription>
        </inbodydescription>
        <location file="/Users/S0U1SB4N3/test006/linphone-desktop/submodules/linphone/include/linphone/event.h" line="139" column="1"/>
      </memberdef>
      <memberdef kind="function" id="group__event__api_1ga1a2b7563784e003df5a64e3355b44297" prot="public" static="no" const="no" explicit="no" inline="no" virt="non-virtual">
        <type>void</type>
        <definition>void linphone_event_add_custom_header</definition>
        <argsstring>(LinphoneEvent *ev, const char *name, const char *value)</argsstring>
        <name>linphone_event_add_custom_header</name>
        <param>
          <type><ref refid="group__event__api_1ga4befcba96583d9e9d9f2b775cccfb2b7" kindref="member">LinphoneEvent</ref> *</type>
          <declname>ev</declname>
        </param>
        <param>
          <type>const char *</type>
          <declname>name</declname>
        </param>
        <param>
          <type>const char *</type>
          <declname>value</declname>
        </param>
        <briefdescription>
<para>Add a custom header to an outgoing susbscription or publish. </para>        </briefdescription>
        <detaileddescription>
<para><parameterlist kind="param"><parameteritem>
<parameternamelist>
<parametername>ev</parametername>
</parameternamelist>
<parameterdescription>
<para>the LinphoneEvent </para></parameterdescription>
</parameteritem>
<parameteritem>
<parameternamelist>
<parametername>name</parametername>
</parameternamelist>
<parameterdescription>
<para>header&apos;s name </para></parameterdescription>
</parameteritem>
<parameteritem>
<parameternamelist>
<parametername>value</parametername>
</parameternamelist>
<parameterdescription>
<para>the header&apos;s value. </para></parameterdescription>
</parameteritem>
</parameterlist>
</para>        </detaileddescription>
        <inbodydescription>
        </inbodydescription>
        <location file="/Users/S0U1SB4N3/test006/linphone-desktop/submodules/linphone/include/linphone/event.h" line="147" column="1"/>
      </memberdef>
      <memberdef kind="function" id="group__event__api_1ga0f8793f2c6970ec61591270204eaa079" prot="public" static="no" const="no" explicit="no" inline="no" virt="non-virtual">
        <type>const char *</type>
        <definition>const char* linphone_event_get_custom_header</definition>
        <argsstring>(LinphoneEvent *ev, const char *name)</argsstring>
        <name>linphone_event_get_custom_header</name>
        <param>
          <type><ref refid="group__event__api_1ga4befcba96583d9e9d9f2b775cccfb2b7" kindref="member">LinphoneEvent</ref> *</type>
          <declname>ev</declname>
        </param>
        <param>
          <type>const char *</type>
          <declname>name</declname>
        </param>
        <briefdescription>
<para>Obtain the value of a given header for an incoming subscription. </para>        </briefdescription>
        <detaileddescription>
<para><parameterlist kind="param"><parameteritem>
<parameternamelist>
<parametername>ev</parametername>
</parameternamelist>
<parameterdescription>
<para>the LinphoneEvent </para></parameterdescription>
</parameteritem>
<parameteritem>
<parameternamelist>
<parametername>name</parametername>
</parameternamelist>
<parameterdescription>
<para>header&apos;s name </para></parameterdescription>
</parameteritem>
</parameterlist>
<simplesect kind="return"><para>the header&apos;s value or NULL if such header doesn&apos;t exist. </para></simplesect>
</para>        </detaileddescription>
        <inbodydescription>
        </inbodydescription>
        <location file="/Users/S0U1SB4N3/test006/linphone-desktop/submodules/linphone/include/linphone/event.h" line="155" column="1"/>
      </memberdef>
      <memberdef kind="function" id="group__event__api_1gaef98f2e70b0a62e46bb1e836b61a8491" prot="public" static="no" const="no" explicit="no" inline="no" virt="non-virtual">
        <type>void</type>
        <definition>void linphone_event_terminate</definition>
        <argsstring>(LinphoneEvent *lev)</argsstring>
        <name>linphone_event_terminate</name>
        <param>
          <type><ref refid="group__event__api_1ga4befcba96583d9e9d9f2b775cccfb2b7" kindref="member">LinphoneEvent</ref> *</type>
          <declname>lev</declname>
        </param>
        <briefdescription>
<para>Terminate an incoming or outgoing subscription that was previously acccepted, or a previous publication. </para>        </briefdescription>
        <detaileddescription>
<para>The LinphoneEvent shall not be used anymore after this operation, unless the application explicitely took a reference on the object with <ref refid="group__event__api_1ga342d31977e58b466cf22dfc40ac9edd0" kindref="member">linphone_event_ref()</ref>. </para>        </detaileddescription>
        <inbodydescription>
        </inbodydescription>
        <location file="/Users/S0U1SB4N3/test006/linphone-desktop/submodules/linphone/include/linphone/event.h" line="162" column="1"/>
      </memberdef>
      <memberdef kind="function" id="group__event__api_1ga342d31977e58b466cf22dfc40ac9edd0" prot="public" static="no" const="no" explicit="no" inline="no" virt="non-virtual">
        <type><ref refid="group__event__api_1ga4befcba96583d9e9d9f2b775cccfb2b7" kindref="member">LinphoneEvent</ref> *</type>
        <definition>LinphoneEvent* linphone_event_ref</definition>
        <argsstring>(LinphoneEvent *lev)</argsstring>
        <name>linphone_event_ref</name>
        <param>
          <type><ref refid="group__event__api_1ga4befcba96583d9e9d9f2b775cccfb2b7" kindref="member">LinphoneEvent</ref> *</type>
          <declname>lev</declname>
        </param>
        <briefdescription>
<para>Increase reference count of LinphoneEvent. </para>        </briefdescription>
        <detaileddescription>
<para>By default LinphoneEvents created by the core are owned by the core only. An application that wishes to retain a reference to it must call <ref refid="group__event__api_1ga342d31977e58b466cf22dfc40ac9edd0" kindref="member">linphone_event_ref()</ref>. When this reference is no longer needed, <ref refid="group__event__api_1ga6bc3c78014b8bece4512fecc2b94cd85" kindref="member">linphone_event_unref()</ref> must be called. </para>        </detaileddescription>
        <inbodydescription>
        </inbodydescription>
        <location file="/Users/S0U1SB4N3/test006/linphone-desktop/submodules/linphone/include/linphone/event.h" line="171" column="1"/>
      </memberdef>
      <memberdef kind="function" id="group__event__api_1ga6bc3c78014b8bece4512fecc2b94cd85" prot="public" static="no" const="no" explicit="no" inline="no" virt="non-virtual">
        <type>void</type>
        <definition>void linphone_event_unref</definition>
        <argsstring>(LinphoneEvent *lev)</argsstring>
        <name>linphone_event_unref</name>
        <param>
          <type><ref refid="group__event__api_1ga4befcba96583d9e9d9f2b775cccfb2b7" kindref="member">LinphoneEvent</ref> *</type>
          <declname>lev</declname>
        </param>
        <briefdescription>
<para>Decrease reference count. </para>        </briefdescription>
        <detaileddescription>
<para><simplesect kind="see"><para><ref refid="group__event__api_1ga342d31977e58b466cf22dfc40ac9edd0" kindref="member">linphone_event_ref()</ref> </para></simplesect>
</para>        </detaileddescription>
        <inbodydescription>
        </inbodydescription>
        <location file="/Users/S0U1SB4N3/test006/linphone-desktop/submodules/linphone/include/linphone/event.h" line="177" column="1"/>
      </memberdef>
      <memberdef kind="function" id="group__event__api_1ga7224702b342fef301e15b12aee0aaffe" prot="public" static="no" const="no" explicit="no" inline="no" virt="non-virtual">
        <type>const char *</type>
        <definition>const char* linphone_event_get_name</definition>
        <argsstring>(const LinphoneEvent *lev)</argsstring>
        <name>linphone_event_get_name</name>
        <param>
          <type>const <ref refid="group__event__api_1ga4befcba96583d9e9d9f2b775cccfb2b7" kindref="member">LinphoneEvent</ref> *</type>
          <declname>lev</declname>
        </param>
        <briefdescription>
<para>Get the name of the event as specified in the event package RFC. </para>        </briefdescription>
        <detaileddescription>
        </detaileddescription>
        <inbodydescription>
        </inbodydescription>
        <location file="/Users/S0U1SB4N3/test006/linphone-desktop/submodules/linphone/include/linphone/event.h" line="182" column="1"/>
      </memberdef>
      <memberdef kind="function" id="group__event__api_1gae0d6c66d272f7bfe8f0b3902b6509395" prot="public" static="no" const="no" explicit="no" inline="no" virt="non-virtual">
        <type>const <ref refid="group__linphone__address_1ga5af5a516ac253e3cda4f51b599a5385b" kindref="member">LinphoneAddress</ref> *</type>
        <definition>const LinphoneAddress* linphone_event_get_from</definition>
        <argsstring>(const LinphoneEvent *lev)</argsstring>
        <name>linphone_event_get_from</name>
        <param>
          <type>const <ref refid="group__event__api_1ga4befcba96583d9e9d9f2b775cccfb2b7" kindref="member">LinphoneEvent</ref> *</type>
          <declname>lev</declname>
        </param>
        <briefdescription>
<para>Get the &quot;from&quot; address of the subscription. </para>        </briefdescription>
        <detaileddescription>
        </detaileddescription>
        <inbodydescription>
        </inbodydescription>
        <location file="/Users/S0U1SB4N3/test006/linphone-desktop/submodules/linphone/include/linphone/event.h" line="187" column="1"/>
      </memberdef>
      <memberdef kind="function" id="group__event__api_1gac45355bd19fd7205deb4f1fcc722410c" prot="public" static="no" const="no" explicit="no" inline="no" virt="non-virtual">
        <type>const <ref refid="group__linphone__address_1ga5af5a516ac253e3cda4f51b599a5385b" kindref="member">LinphoneAddress</ref> *</type>
        <definition>const LinphoneAddress* linphone_event_get_resource</definition>
        <argsstring>(const LinphoneEvent *lev)</argsstring>
        <name>linphone_event_get_resource</name>
        <param>
          <type>const <ref refid="group__event__api_1ga4befcba96583d9e9d9f2b775cccfb2b7" kindref="member">LinphoneEvent</ref> *</type>
          <declname>lev</declname>
        </param>
        <briefdescription>
<para>Get the resource address of the subscription or publish. </para>        </briefdescription>
        <detaileddescription>
        </detaileddescription>
        <inbodydescription>
        </inbodydescription>
        <location file="/Users/S0U1SB4N3/test006/linphone-desktop/submodules/linphone/include/linphone/event.h" line="192" column="1"/>
      </memberdef>
      <memberdef kind="function" id="group__event__api_1gab2bebd450e088b98b817abeb389e7621" prot="public" static="no" const="no" explicit="no" inline="no" virt="non-virtual">
        <type><ref refid="group__initializing_1gaa5cf635b82dd338e7ee2dd3599d05f0a" kindref="member">LinphoneCore</ref> *</type>
        <definition>LinphoneCore* linphone_event_get_core</definition>
        <argsstring>(const LinphoneEvent *lev)</argsstring>
        <name>linphone_event_get_core</name>
        <param>
          <type>const <ref refid="group__event__api_1ga4befcba96583d9e9d9f2b775cccfb2b7" kindref="member">LinphoneEvent</ref> *</type>
          <declname>lev</declname>
        </param>
        <briefdescription>
<para>Returns back pointer to the LinphoneCore that created this LinphoneEvent. </para>        </briefdescription>
        <detaileddescription>
        </detaileddescription>
        <inbodydescription>
        </inbodydescription>
        <location file="/Users/S0U1SB4N3/test006/linphone-desktop/submodules/linphone/include/linphone/event.h" line="197" column="1"/>
      </memberdef>
      </sectiondef>
    <briefdescription>
<para>Managing generic subscriptions and publishes. </para>    </briefdescription>
    <detaileddescription>
<para>The LinphoneEvent api allows application to control subscriptions, receive notifications and make publish to peers, in a generic manner. </para>    </detaileddescription>
  </compounddef>
</doxygen>
