<?xml version='1.0' encoding='UTF-8' standalone='no'?>
<doxygen xmlns:xsi="http://www.w3.org/2001/XMLSchema-instance" xsi:noNamespaceSchemaLocation="compound.xsd" version="1.8.13">
  <compounddef id="group__buddy__tutorials" kind="group">
    <compoundname>buddy_tutorials</compoundname>
    <title>Basic buddy status notification</title>
    <briefdescription>
<para>This program is a <emphasis>very</emphasis> simple usage example of liblinphone, demonstrating how to initiate SIP subscriptions and receive notifications from a sip uri identity passed from the command line. </para>    </briefdescription>
    <detaileddescription>
<para><linebreak/>
Argument must be like sip:<ulink url="mailto:jehan@sip.linphone.org">jehan@sip.linphone.org</ulink> . <linebreak/>
 ex budy_list sip:<ulink url="mailto:jehan@sip.linphone.org">jehan@sip.linphone.org</ulink> <linebreak/>
Subscription is cleared on SIGINT <linebreak/>
 <programlisting><codeline><highlight class="normal"></highlight></codeline>
<codeline><highlight class="normal"></highlight><highlight class="comment">/*</highlight></codeline>
<codeline><highlight class="comment">buddy_status</highlight></codeline>
<codeline><highlight class="comment">Copyright<sp/>(C)<sp/>2010<sp/><sp/>Belledonne<sp/>Communications<sp/>SARL</highlight></codeline>
<codeline><highlight class="comment"></highlight></codeline>
<codeline><highlight class="comment">This<sp/>program<sp/>is<sp/>free<sp/>software;<sp/>you<sp/>can<sp/>redistribute<sp/>it<sp/>and/or</highlight></codeline>
<codeline><highlight class="comment">modify<sp/>it<sp/>under<sp/>the<sp/>terms<sp/>of<sp/>the<sp/>GNU<sp/>General<sp/>Public<sp/>License</highlight></codeline>
<codeline><highlight class="comment">as<sp/>published<sp/>by<sp/>the<sp/>Free<sp/>Software<sp/>Foundation;<sp/>either<sp/>version<sp/>2</highlight></codeline>
<codeline><highlight class="comment">of<sp/>the<sp/>License,<sp/>or<sp/>(at<sp/>your<sp/>option)<sp/>any<sp/>later<sp/>version.</highlight></codeline>
<codeline><highlight class="comment"></highlight></codeline>
<codeline><highlight class="comment">This<sp/>program<sp/>is<sp/>distributed<sp/>in<sp/>the<sp/>hope<sp/>that<sp/>it<sp/>will<sp/>be<sp/>useful,</highlight></codeline>
<codeline><highlight class="comment">but<sp/>WITHOUT<sp/>ANY<sp/>WARRANTY;<sp/>without<sp/>even<sp/>the<sp/>implied<sp/>warranty<sp/>of</highlight></codeline>
<codeline><highlight class="comment">MERCHANTABILITY<sp/>or<sp/>FITNESS<sp/>FOR<sp/>A<sp/>PARTICULAR<sp/>PURPOSE.<sp/><sp/>See<sp/>the</highlight></codeline>
<codeline><highlight class="comment">GNU<sp/>General<sp/>Public<sp/>License<sp/>for<sp/>more<sp/>details.</highlight></codeline>
<codeline><highlight class="comment"></highlight></codeline>
<codeline><highlight class="comment">You<sp/>should<sp/>have<sp/>received<sp/>a<sp/>copy<sp/>of<sp/>the<sp/>GNU<sp/>General<sp/>Public<sp/>License</highlight></codeline>
<codeline><highlight class="comment">along<sp/>with<sp/>this<sp/>program;<sp/>if<sp/>not,<sp/>write<sp/>to<sp/>the<sp/>Free<sp/>Software</highlight></codeline>
<codeline><highlight class="comment">Foundation,<sp/>Inc.,<sp/>51<sp/>Franklin<sp/>Street,<sp/>Fifth<sp/>Floor,<sp/>Boston,<sp/>MA<sp/><sp/>02110-1301,<sp/>USA.</highlight></codeline>
<codeline><highlight class="comment">*/</highlight><highlight class="normal"></highlight></codeline>
<codeline><highlight class="normal"></highlight></codeline>
<codeline><highlight class="preprocessor">#include<sp/>&quot;linphone/core.h&quot;</highlight><highlight class="normal"></highlight></codeline>
<codeline><highlight class="normal"></highlight></codeline>
<codeline><highlight class="normal"></highlight><highlight class="preprocessor">#include<sp/>&lt;signal.h&gt;</highlight><highlight class="normal"></highlight></codeline>
<codeline><highlight class="normal"></highlight></codeline>
<codeline><highlight class="normal"></highlight><highlight class="keyword">static</highlight><highlight class="normal"><sp/>bool_t<sp/>running=TRUE;</highlight></codeline>
<codeline><highlight class="normal"></highlight></codeline>
<codeline><highlight class="normal"></highlight><highlight class="keyword">static</highlight><highlight class="normal"><sp/></highlight><highlight class="keywordtype">void</highlight><highlight class="normal"><sp/>stop(</highlight><highlight class="keywordtype">int</highlight><highlight class="normal"><sp/>signum){</highlight></codeline>
<codeline><highlight class="normal"><sp/><sp/><sp/><sp/><sp/><sp/><sp/><sp/>running=FALSE;</highlight></codeline>
<codeline><highlight class="normal">}</highlight></codeline>
<codeline><highlight class="normal"></highlight></codeline>
<codeline><highlight class="keyword">static</highlight><highlight class="normal"><sp/></highlight><highlight class="keywordtype">void</highlight><highlight class="normal"><sp/>notify_presence_recv_updated<sp/>(<ref refid="group__initializing_1gaa5cf635b82dd338e7ee2dd3599d05f0a" kindref="member">LinphoneCore</ref><sp/>*lc,<sp/><sp/><ref refid="group__buddy__list_1ga2f0508bab6d8ded431ce8b1a679a1522" kindref="member">LinphoneFriend</ref><sp/>*</highlight><highlight class="keyword">friend</highlight><highlight class="normal">)<sp/>{</highlight></codeline>
<codeline><highlight class="normal"><sp/><sp/><sp/><sp/><sp/><sp/><sp/><sp/></highlight><highlight class="keyword">const</highlight><highlight class="normal"><sp/><ref refid="group__linphone__address_1ga5af5a516ac253e3cda4f51b599a5385b" kindref="member">LinphoneAddress</ref>*<sp/>friend_address<sp/>=<sp/><ref refid="group__buddy__list_1ga1bbbe1f2b3760587681b8392d87efffa" kindref="member">linphone_friend_get_address</ref>(</highlight><highlight class="keyword">friend</highlight><highlight class="normal">);</highlight></codeline>
<codeline><highlight class="normal"><sp/><sp/><sp/><sp/><sp/><sp/><sp/><sp/></highlight><highlight class="keywordflow">if</highlight><highlight class="normal"><sp/>(friend_address<sp/>!=<sp/>NULL)<sp/>{</highlight></codeline>
<codeline><highlight class="normal"><sp/><sp/><sp/><sp/><sp/><sp/><sp/><sp/><sp/><sp/><sp/><sp/><sp/><sp/><sp/><sp/></highlight><highlight class="keyword">const</highlight><highlight class="normal"><sp/><ref refid="group__buddy__list_1gad98268f00fb29b50b22b3c3da566e366" kindref="member">LinphonePresenceModel</ref>*<sp/>model<sp/>=<sp/><ref refid="group__buddy__list_1gac60749f61a7322f8ac5abdf87c8de3bf" kindref="member">linphone_friend_get_presence_model</ref>(</highlight><highlight class="keyword">friend</highlight><highlight class="normal">);</highlight></codeline>
<codeline><highlight class="normal"><sp/><sp/><sp/><sp/><sp/><sp/><sp/><sp/><sp/><sp/><sp/><sp/><sp/><sp/><sp/><sp/><ref refid="group__buddy__list_1gadb1476058b69c4da5e94c7e0d55fd244" kindref="member">LinphonePresenceActivity</ref><sp/>*activity<sp/>=<sp/><ref refid="group__buddy__list_1gae44a7723cc5843954981878e0ff654fd" kindref="member">linphone_presence_model_get_activity</ref>(model);</highlight></codeline>
<codeline><highlight class="normal"><sp/><sp/><sp/><sp/><sp/><sp/><sp/><sp/><sp/><sp/><sp/><sp/><sp/><sp/><sp/><sp/></highlight><highlight class="keywordtype">char</highlight><highlight class="normal"><sp/>*activity_str<sp/>=<sp/><ref refid="group__buddy__list_1ga5b72ce9ec921a464eb7840ac35cee278" kindref="member">linphone_presence_activity_to_string</ref>(activity);</highlight></codeline>
<codeline><highlight class="normal"><sp/><sp/><sp/><sp/><sp/><sp/><sp/><sp/><sp/><sp/><sp/><sp/><sp/><sp/><sp/><sp/></highlight><highlight class="keywordtype">char</highlight><highlight class="normal"><sp/>*str<sp/>=<sp/><ref refid="group__linphone__address_1ga24c1a16f49f8b72f2bab65cc5d8a51af" kindref="member">linphone_address_as_string</ref><sp/>(friend_address);</highlight></codeline>
<codeline><highlight class="normal"><sp/><sp/><sp/><sp/><sp/><sp/><sp/><sp/><sp/><sp/><sp/><sp/><sp/><sp/><sp/><sp/>printf(</highlight><highlight class="stringliteral">&quot;New<sp/>state<sp/>state<sp/>[%s]<sp/>for<sp/>user<sp/>id<sp/>[%s]<sp/>\n&quot;</highlight><highlight class="normal"></highlight></codeline>
<codeline><highlight class="normal"><sp/><sp/><sp/><sp/><sp/><sp/><sp/><sp/><sp/><sp/><sp/><sp/><sp/><sp/><sp/><sp/><sp/><sp/><sp/><sp/><sp/><sp/><sp/><sp/><sp/><sp/><sp/><sp/><sp/><sp/><sp/><sp/><sp/><sp/><sp/><sp/><sp/><sp/><sp/><sp/>,activity_str</highlight></codeline>
<codeline><highlight class="normal"><sp/><sp/><sp/><sp/><sp/><sp/><sp/><sp/><sp/><sp/><sp/><sp/><sp/><sp/><sp/><sp/><sp/><sp/><sp/><sp/><sp/><sp/><sp/><sp/><sp/><sp/><sp/><sp/><sp/><sp/><sp/><sp/><sp/><sp/><sp/><sp/><sp/><sp/><sp/><sp/>,str);</highlight></codeline>
<codeline><highlight class="normal"><sp/><sp/><sp/><sp/><sp/><sp/><sp/><sp/><sp/><sp/><sp/><sp/><sp/><sp/><sp/><sp/>ms_free(str);</highlight></codeline>
<codeline><highlight class="normal"><sp/><sp/><sp/><sp/><sp/><sp/><sp/><sp/>}</highlight></codeline>
<codeline><highlight class="normal">}</highlight></codeline>
<codeline><highlight class="normal"></highlight><highlight class="keyword">static</highlight><highlight class="normal"><sp/></highlight><highlight class="keywordtype">void</highlight><highlight class="normal"><sp/>new_subscription_requested<sp/>(<ref refid="group__initializing_1gaa5cf635b82dd338e7ee2dd3599d05f0a" kindref="member">LinphoneCore</ref><sp/>*lc,<sp/><sp/><ref refid="group__buddy__list_1ga2f0508bab6d8ded431ce8b1a679a1522" kindref="member">LinphoneFriend</ref><sp/>*</highlight><highlight class="keyword">friend</highlight><highlight class="normal">,<sp/></highlight><highlight class="keyword">const</highlight><highlight class="normal"><sp/></highlight><highlight class="keywordtype">char</highlight><highlight class="normal">*<sp/>url)<sp/>{</highlight></codeline>
<codeline><highlight class="normal"><sp/><sp/><sp/><sp/><sp/><sp/><sp/><sp/></highlight><highlight class="keyword">const</highlight><highlight class="normal"><sp/><ref refid="group__linphone__address_1ga5af5a516ac253e3cda4f51b599a5385b" kindref="member">LinphoneAddress</ref>*<sp/>friend_address<sp/>=<sp/><ref refid="group__buddy__list_1ga1bbbe1f2b3760587681b8392d87efffa" kindref="member">linphone_friend_get_address</ref>(</highlight><highlight class="keyword">friend</highlight><highlight class="normal">);</highlight></codeline>
<codeline><highlight class="normal"></highlight></codeline>
<codeline><highlight class="normal"><sp/><sp/><sp/><sp/><sp/><sp/><sp/><sp/></highlight><highlight class="keywordflow">if</highlight><highlight class="normal"><sp/>(friend_address<sp/>!=<sp/>NULL)<sp/>{</highlight></codeline>
<codeline><highlight class="normal"><sp/><sp/><sp/><sp/><sp/><sp/><sp/><sp/><sp/><sp/><sp/><sp/><sp/><sp/><sp/><sp/></highlight><highlight class="keywordtype">char</highlight><highlight class="normal"><sp/>*str<sp/>=<sp/><ref refid="group__linphone__address_1ga24c1a16f49f8b72f2bab65cc5d8a51af" kindref="member">linphone_address_as_string</ref><sp/>(friend_address);</highlight></codeline>
<codeline><highlight class="normal"><sp/><sp/><sp/><sp/><sp/><sp/><sp/><sp/><sp/><sp/><sp/><sp/><sp/><sp/><sp/><sp/>printf(</highlight><highlight class="stringliteral">&quot;<sp/>[%s]<sp/>wants<sp/>to<sp/>see<sp/>your<sp/>status,<sp/>accepting\n&quot;</highlight><highlight class="normal">,<sp/>str);</highlight></codeline>
<codeline><highlight class="normal"><sp/><sp/><sp/><sp/><sp/><sp/><sp/><sp/><sp/><sp/><sp/><sp/><sp/><sp/><sp/><sp/>ms_free(str);</highlight></codeline>
<codeline><highlight class="normal"><sp/><sp/><sp/><sp/><sp/><sp/><sp/><sp/>}</highlight></codeline>
<codeline><highlight class="normal"><sp/><sp/><sp/><sp/><sp/><sp/><sp/><sp/><ref refid="group__buddy__list_1ga254b01923c79947a5d23981d47639f40" kindref="member">linphone_friend_edit</ref>(</highlight><highlight class="keyword">friend</highlight><highlight class="normal">);<sp/></highlight><highlight class="comment">/*<sp/>start<sp/>editing<sp/>friend<sp/>*/</highlight><highlight class="normal"></highlight></codeline>
<codeline><highlight class="normal"><sp/><sp/><sp/><sp/><sp/><sp/><sp/><sp/><ref refid="group__buddy__list_1ga54ac1eb7f29193adf80f03cfffba7482" kindref="member">linphone_friend_set_inc_subscribe_policy</ref>(</highlight><highlight class="keyword">friend</highlight><highlight class="normal">,<ref refid="group__buddy__list_1gga81effcfcab907fd8530e53ca5b0bc10aa876507f111b9ea7c5fb4eac01bac22dd" kindref="member">LinphoneSPAccept</ref>);<sp/></highlight><highlight class="comment">/*<sp/>Accept<sp/>incoming<sp/>subscription<sp/>request<sp/>for<sp/>this<sp/>friend*/</highlight><highlight class="normal"></highlight></codeline>
<codeline><highlight class="normal"><sp/><sp/><sp/><sp/><sp/><sp/><sp/><sp/><ref refid="group__buddy__list_1ga6e28513bba28f948ee61341384a36958" kindref="member">linphone_friend_done</ref>(</highlight><highlight class="keyword">friend</highlight><highlight class="normal">);<sp/></highlight><highlight class="comment">/*commit<sp/>change*/</highlight><highlight class="normal"></highlight></codeline>
<codeline><highlight class="normal"><sp/><sp/><sp/><sp/><sp/><sp/><sp/><sp/><ref refid="group__buddy__list_1ga3a8e9184320402082bf35226ae8d25b8" kindref="member">linphone_core_add_friend</ref>(lc,</highlight><highlight class="keyword">friend</highlight><highlight class="normal">);<sp/></highlight><highlight class="comment">/*<sp/>add<sp/>this<sp/>new<sp/>friend<sp/>to<sp/>the<sp/>buddy<sp/>list*/</highlight><highlight class="normal"></highlight></codeline>
<codeline><highlight class="normal"></highlight></codeline>
<codeline><highlight class="normal">}</highlight></codeline>
<codeline><highlight class="keyword">static</highlight><highlight class="normal"><sp/></highlight><highlight class="keywordtype">void</highlight><highlight class="normal"><sp/>registration_state_changed(</highlight><highlight class="keyword">struct</highlight><highlight class="normal"><sp/>_LinphoneCore<sp/>*lc,<sp/><ref refid="group__proxies_1ga1879a0d59e068457b688138da97f2d0b" kindref="member">LinphoneProxyConfig</ref><sp/>*cfg,<sp/><ref refid="group__proxies_1gabf1415b6c3722e92fc39ce592b1fe3e0" kindref="member">LinphoneRegistrationState</ref><sp/>cstate,<sp/></highlight><highlight class="keyword">const</highlight><highlight class="normal"><sp/></highlight><highlight class="keywordtype">char</highlight><highlight class="normal"><sp/>*message){</highlight></codeline>
<codeline><highlight class="normal"><sp/><sp/><sp/><sp/><sp/><sp/><sp/><sp/><sp/><sp/><sp/><sp/><sp/><sp/><sp/><sp/>printf(</highlight><highlight class="stringliteral">&quot;New<sp/>registration<sp/>state<sp/>%s<sp/>for<sp/>user<sp/>id<sp/>[%s]<sp/>at<sp/>proxy<sp/>[%s]&quot;</highlight><highlight class="normal"></highlight></codeline>
<codeline><highlight class="normal"><sp/><sp/><sp/><sp/><sp/><sp/><sp/><sp/><sp/><sp/><sp/><sp/><sp/><sp/><sp/><sp/><sp/><sp/><sp/><sp/><sp/><sp/><sp/><sp/><sp/><sp/><sp/><sp/><sp/><sp/><sp/><sp/>,<ref refid="group__proxies_1gae79c79371d71750ee987757d59785ed7" kindref="member">linphone_registration_state_to_string</ref>(cstate)</highlight></codeline>
<codeline><highlight class="normal"><sp/><sp/><sp/><sp/><sp/><sp/><sp/><sp/><sp/><sp/><sp/><sp/><sp/><sp/><sp/><sp/><sp/><sp/><sp/><sp/><sp/><sp/><sp/><sp/><sp/><sp/><sp/><sp/><sp/><sp/><sp/><sp/>,<ref refid="group__proxies_1ga24cee22ec8347c97b6757f0bcb9f8dbe" kindref="member">linphone_proxy_config_get_identity</ref>(cfg)</highlight></codeline>
<codeline><highlight class="normal"><sp/><sp/><sp/><sp/><sp/><sp/><sp/><sp/><sp/><sp/><sp/><sp/><sp/><sp/><sp/><sp/><sp/><sp/><sp/><sp/><sp/><sp/><sp/><sp/><sp/><sp/><sp/><sp/><sp/><sp/><sp/><sp/>,linphone_proxy_config_get_addr(cfg));</highlight></codeline>
<codeline><highlight class="normal">}</highlight></codeline>
<codeline><highlight class="normal"></highlight></codeline>
<codeline><highlight class="normal"><ref refid="group__initializing_1gaa5cf635b82dd338e7ee2dd3599d05f0a" kindref="member">LinphoneCore</ref><sp/>*lc;</highlight></codeline>
<codeline><highlight class="normal"></highlight><highlight class="keywordtype">int</highlight><highlight class="normal"><sp/>main(</highlight><highlight class="keywordtype">int</highlight><highlight class="normal"><sp/>argc,<sp/></highlight><highlight class="keywordtype">char</highlight><highlight class="normal"><sp/>*argv[]){</highlight></codeline>
<codeline><highlight class="normal"><sp/><sp/><sp/><sp/><sp/><sp/><sp/><sp/><ref refid="struct__LinphoneCoreVTable" kindref="compound">LinphoneCoreVTable</ref><sp/>vtable={0};</highlight></codeline>
<codeline><highlight class="normal"></highlight></codeline>
<codeline><highlight class="normal"><sp/><sp/><sp/><sp/><sp/><sp/><sp/><sp/></highlight><highlight class="keywordtype">char</highlight><highlight class="normal">*<sp/>dest_friend=NULL;</highlight></codeline>
<codeline><highlight class="normal"><sp/><sp/><sp/><sp/><sp/><sp/><sp/><sp/></highlight><highlight class="keywordtype">char</highlight><highlight class="normal">*<sp/>identity=NULL;</highlight></codeline>
<codeline><highlight class="normal"><sp/><sp/><sp/><sp/><sp/><sp/><sp/><sp/></highlight><highlight class="keywordtype">char</highlight><highlight class="normal">*<sp/>password=NULL;</highlight></codeline>
<codeline><highlight class="normal"></highlight></codeline>
<codeline><highlight class="normal"><sp/><sp/><sp/><sp/><sp/><sp/><sp/><sp/><ref refid="group__buddy__list_1ga2f0508bab6d8ded431ce8b1a679a1522" kindref="member">LinphoneFriend</ref>*<sp/>my_friend=NULL;</highlight></codeline>
<codeline><highlight class="normal"><sp/><sp/><sp/><sp/><sp/><sp/><sp/><sp/><ref refid="group__buddy__list_1gad98268f00fb29b50b22b3c3da566e366" kindref="member">LinphonePresenceModel</ref><sp/>*model;</highlight></codeline>
<codeline><highlight class="normal"></highlight></codeline>
<codeline><highlight class="normal"><sp/><sp/><sp/><sp/><sp/><sp/><sp/><sp/></highlight><highlight class="comment">/*<sp/>takes<sp/><sp/><sp/>sip<sp/>uri<sp/><sp/>identity<sp/>from<sp/>the<sp/>command<sp/>line<sp/>arguments<sp/>*/</highlight><highlight class="normal"></highlight></codeline>
<codeline><highlight class="normal"><sp/><sp/><sp/><sp/><sp/><sp/><sp/><sp/></highlight><highlight class="keywordflow">if</highlight><highlight class="normal"><sp/>(argc&gt;1){</highlight></codeline>
<codeline><highlight class="normal"><sp/><sp/><sp/><sp/><sp/><sp/><sp/><sp/><sp/><sp/><sp/><sp/><sp/><sp/><sp/><sp/>dest_friend=argv[1];</highlight></codeline>
<codeline><highlight class="normal"><sp/><sp/><sp/><sp/><sp/><sp/><sp/><sp/>}</highlight></codeline>
<codeline><highlight class="normal"><sp/><sp/><sp/><sp/><sp/><sp/><sp/><sp/></highlight><highlight class="comment">/*<sp/>takes<sp/><sp/><sp/>sip<sp/>uri<sp/><sp/>identity<sp/>from<sp/>the<sp/>command<sp/>line<sp/>arguments<sp/>*/</highlight><highlight class="normal"></highlight></codeline>
<codeline><highlight class="normal"><sp/><sp/><sp/><sp/><sp/><sp/><sp/><sp/></highlight><highlight class="keywordflow">if</highlight><highlight class="normal"><sp/>(argc&gt;2){</highlight></codeline>
<codeline><highlight class="normal"><sp/><sp/><sp/><sp/><sp/><sp/><sp/><sp/><sp/><sp/><sp/><sp/><sp/><sp/><sp/><sp/>identity=argv[2];</highlight></codeline>
<codeline><highlight class="normal"><sp/><sp/><sp/><sp/><sp/><sp/><sp/><sp/>}</highlight></codeline>
<codeline><highlight class="normal"><sp/><sp/><sp/><sp/><sp/><sp/><sp/><sp/></highlight><highlight class="comment">/*<sp/>takes<sp/><sp/><sp/>password<sp/>from<sp/>the<sp/>command<sp/>line<sp/>arguments<sp/>*/</highlight><highlight class="normal"></highlight></codeline>
<codeline><highlight class="normal"><sp/><sp/><sp/><sp/><sp/><sp/><sp/><sp/></highlight><highlight class="keywordflow">if</highlight><highlight class="normal"><sp/>(argc&gt;3){</highlight></codeline>
<codeline><highlight class="normal"><sp/><sp/><sp/><sp/><sp/><sp/><sp/><sp/><sp/><sp/><sp/><sp/><sp/><sp/><sp/><sp/>password=argv[3];</highlight></codeline>
<codeline><highlight class="normal"><sp/><sp/><sp/><sp/><sp/><sp/><sp/><sp/>}</highlight></codeline>
<codeline><highlight class="normal"><sp/><sp/><sp/><sp/><sp/><sp/><sp/><sp/>signal(SIGINT,stop);</highlight></codeline>
<codeline><highlight class="normal"></highlight><highlight class="comment">//#define<sp/>DEBUG</highlight><highlight class="normal"></highlight></codeline>
<codeline><highlight class="normal"></highlight><highlight class="preprocessor">#ifdef<sp/>DEBUG</highlight><highlight class="normal"></highlight></codeline>
<codeline><highlight class="normal"><sp/><sp/><sp/><sp/><sp/><sp/><sp/><sp/><ref refid="group__initializing_1ga44ae39ab2801b46f4a56ae70f8735c8e" kindref="member">linphone_core_enable_logs</ref>(NULL);<sp/></highlight><highlight class="comment">/*enable<sp/>liblinphone<sp/>logs.*/</highlight><highlight class="normal"></highlight></codeline>
<codeline><highlight class="normal"></highlight><highlight class="preprocessor">#endif</highlight><highlight class="normal"></highlight></codeline>
<codeline><highlight class="normal"><sp/><sp/><sp/><sp/><sp/><sp/><sp/><sp/></highlight><highlight class="comment">/*</highlight></codeline>
<codeline><highlight class="comment"><sp/><sp/><sp/><sp/><sp/><sp/><sp/><sp/><sp/>Fill<sp/>the<sp/>LinphoneCoreVTable<sp/>with<sp/>application<sp/>callbacks.</highlight></codeline>
<codeline><highlight class="comment"><sp/><sp/><sp/><sp/><sp/><sp/><sp/><sp/><sp/>All<sp/>are<sp/>optional.<sp/>Here<sp/>we<sp/>only<sp/>use<sp/>the<sp/>both<sp/>notify_presence_received<sp/>and<sp/>new_subscription_requested<sp/>callbacks</highlight></codeline>
<codeline><highlight class="comment"><sp/><sp/><sp/><sp/><sp/><sp/><sp/><sp/><sp/>in<sp/>order<sp/>to<sp/>get<sp/>notifications<sp/>about<sp/>friend<sp/>status.</highlight></codeline>
<codeline><highlight class="comment"><sp/><sp/><sp/><sp/><sp/><sp/><sp/><sp/><sp/>*/</highlight><highlight class="normal"></highlight></codeline>
<codeline><highlight class="normal"><sp/><sp/><sp/><sp/><sp/><sp/><sp/><sp/>vtable.<ref refid="struct__LinphoneCoreVTable_1aaeba9b7914a3274d4061097575b45717" kindref="member">notify_presence_received</ref>=notify_presence_recv_updated;</highlight></codeline>
<codeline><highlight class="normal"><sp/><sp/><sp/><sp/><sp/><sp/><sp/><sp/>vtable.<ref refid="struct__LinphoneCoreVTable_1a94c1c96ebb851f6a686377347a3dc39a" kindref="member">new_subscription_requested</ref>=new_subscription_requested;</highlight></codeline>
<codeline><highlight class="normal"><sp/><sp/><sp/><sp/><sp/><sp/><sp/><sp/>vtable.<ref refid="struct__LinphoneCoreVTable_1a2483143cd4b2e2b8ede6f3c916740938" kindref="member">registration_state_changed</ref>=registration_state_changed;<sp/></highlight><highlight class="comment">/*just<sp/>in<sp/>case<sp/>sip<sp/>proxy<sp/>is<sp/>used*/</highlight><highlight class="normal"></highlight></codeline>
<codeline><highlight class="normal"></highlight></codeline>
<codeline><highlight class="normal"><sp/><sp/><sp/><sp/><sp/><sp/><sp/><sp/></highlight><highlight class="comment">/*</highlight></codeline>
<codeline><highlight class="comment"><sp/><sp/><sp/><sp/><sp/><sp/><sp/><sp/><sp/>Instantiate<sp/>a<sp/>LinphoneCore<sp/>object<sp/>given<sp/>the<sp/>LinphoneCoreVTable</highlight></codeline>
<codeline><highlight class="comment"><sp/><sp/><sp/><sp/><sp/><sp/><sp/><sp/>*/</highlight><highlight class="normal"></highlight></codeline>
<codeline><highlight class="normal"><sp/><sp/><sp/><sp/><sp/><sp/><sp/><sp/>lc=<ref refid="group__initializing_1ga9601ae3c81a1bbf110e84a1a484f3fee" kindref="member">linphone_core_new</ref>(&amp;vtable,NULL,NULL,NULL);</highlight></codeline>
<codeline><highlight class="normal"><sp/><sp/><sp/><sp/><sp/><sp/><sp/><sp/></highlight><highlight class="comment">/*sip<sp/>proxy<sp/>might<sp/>be<sp/>requested*/</highlight><highlight class="normal"></highlight></codeline>
<codeline><highlight class="normal"><sp/><sp/><sp/><sp/><sp/><sp/><sp/><sp/></highlight><highlight class="keywordflow">if</highlight><highlight class="normal"><sp/>(identity<sp/>!=<sp/>NULL)<sp/><sp/>{</highlight></codeline>
<codeline><highlight class="normal"><sp/><sp/><sp/><sp/><sp/><sp/><sp/><sp/><sp/><sp/><sp/><sp/><sp/><sp/><sp/><sp/></highlight><highlight class="comment">/*create<sp/>proxy<sp/>config*/</highlight><highlight class="normal"></highlight></codeline>
<codeline><highlight class="normal"><sp/><sp/><sp/><sp/><sp/><sp/><sp/><sp/><sp/><sp/><sp/><sp/><sp/><sp/><sp/><sp/><ref refid="group__proxies_1ga1879a0d59e068457b688138da97f2d0b" kindref="member">LinphoneProxyConfig</ref>*<sp/>proxy_cfg<sp/>=<sp/><ref refid="group__proxies_1gac435e6efb12fedf8a016745c88ee09a4" kindref="member">linphone_proxy_config_new</ref>();</highlight></codeline>
<codeline><highlight class="normal"><sp/><sp/><sp/><sp/><sp/><sp/><sp/><sp/><sp/><sp/><sp/><sp/><sp/><sp/><sp/><sp/></highlight><highlight class="comment">/*parse<sp/>identity*/</highlight><highlight class="normal"></highlight></codeline>
<codeline><highlight class="normal"><sp/><sp/><sp/><sp/><sp/><sp/><sp/><sp/><sp/><sp/><sp/><sp/><sp/><sp/><sp/><sp/><ref refid="group__linphone__address_1ga5af5a516ac253e3cda4f51b599a5385b" kindref="member">LinphoneAddress</ref><sp/>*from<sp/>=<sp/><ref refid="group__linphone__address_1ga301c9884c0bc8b1050fe790d424e0b49" kindref="member">linphone_address_new</ref>(identity);</highlight></codeline>
<codeline><highlight class="normal"><sp/><sp/><sp/><sp/><sp/><sp/><sp/><sp/><sp/><sp/><sp/><sp/><sp/><sp/><sp/><sp/><ref refid="group__authentication_1ga0f8289c1aab407992864a68869107f4f" kindref="member">LinphoneAuthInfo</ref><sp/>*info;</highlight></codeline>
<codeline><highlight class="normal"><sp/><sp/><sp/><sp/><sp/><sp/><sp/><sp/><sp/><sp/><sp/><sp/><sp/><sp/><sp/><sp/></highlight><highlight class="keywordflow">if</highlight><highlight class="normal"><sp/>(from==NULL){</highlight></codeline>
<codeline><highlight class="normal"><sp/><sp/><sp/><sp/><sp/><sp/><sp/><sp/><sp/><sp/><sp/><sp/><sp/><sp/><sp/><sp/><sp/><sp/><sp/><sp/><sp/><sp/><sp/><sp/>printf(</highlight><highlight class="stringliteral">&quot;%s<sp/>not<sp/>a<sp/>valid<sp/>sip<sp/>uri,<sp/>must<sp/>be<sp/>like<sp/>sip:toto@sip.linphone.org<sp/>\n&quot;</highlight><highlight class="normal">,identity);</highlight></codeline>
<codeline><highlight class="normal"><sp/><sp/><sp/><sp/><sp/><sp/><sp/><sp/><sp/><sp/><sp/><sp/><sp/><sp/><sp/><sp/><sp/><sp/><sp/><sp/><sp/><sp/><sp/><sp/></highlight><highlight class="keywordflow">goto</highlight><highlight class="normal"><sp/>end;</highlight></codeline>
<codeline><highlight class="normal"><sp/><sp/><sp/><sp/><sp/><sp/><sp/><sp/><sp/><sp/><sp/><sp/><sp/><sp/><sp/><sp/>}</highlight></codeline>
<codeline><highlight class="normal"><sp/><sp/><sp/><sp/><sp/><sp/><sp/><sp/><sp/><sp/><sp/><sp/><sp/><sp/><sp/><sp/></highlight><highlight class="keywordflow">if</highlight><highlight class="normal"><sp/>(password!=NULL){</highlight></codeline>
<codeline><highlight class="normal"><sp/><sp/><sp/><sp/><sp/><sp/><sp/><sp/><sp/><sp/><sp/><sp/><sp/><sp/><sp/><sp/><sp/><sp/><sp/><sp/><sp/><sp/><sp/><sp/>info=<ref refid="group__authentication_1ga3ed49f2183897be832c8196dafc1d2a6" kindref="member">linphone_auth_info_new</ref>(<ref refid="group__linphone__address_1ga4fa5a4927c1d2f3a6b7c6824e35a87bf" kindref="member">linphone_address_get_username</ref>(from),NULL,password,NULL,NULL,NULL);<sp/></highlight><highlight class="comment">/*create<sp/>authentication<sp/>structure<sp/>from<sp/>identity*/</highlight><highlight class="normal"></highlight></codeline>
<codeline><highlight class="normal"><sp/><sp/><sp/><sp/><sp/><sp/><sp/><sp/><sp/><sp/><sp/><sp/><sp/><sp/><sp/><sp/><sp/><sp/><sp/><sp/><sp/><sp/><sp/><sp/><ref refid="group__authentication_1ga62ac5bb34f0342f7edc733c42473b7aa" kindref="member">linphone_core_add_auth_info</ref>(lc,info);<sp/></highlight><highlight class="comment">/*add<sp/>authentication<sp/>info<sp/>to<sp/>LinphoneCore*/</highlight><highlight class="normal"></highlight></codeline>
<codeline><highlight class="normal"><sp/><sp/><sp/><sp/><sp/><sp/><sp/><sp/><sp/><sp/><sp/><sp/><sp/><sp/><sp/><sp/>}</highlight></codeline>
<codeline><highlight class="normal"></highlight></codeline>
<codeline><highlight class="normal"><sp/><sp/><sp/><sp/><sp/><sp/><sp/><sp/><sp/><sp/><sp/><sp/><sp/><sp/><sp/><sp/></highlight><highlight class="comment">//<sp/>configure<sp/>proxy<sp/>entries</highlight><highlight class="normal"></highlight></codeline>
<codeline><highlight class="normal"><sp/><sp/><sp/><sp/><sp/><sp/><sp/><sp/><sp/><sp/><sp/><sp/><sp/><sp/><sp/><sp/><ref refid="group__proxies_1ga978c00a218b907a2f98fc59f5d217805" kindref="member">linphone_proxy_config_set_identity</ref>(proxy_cfg,identity);<sp/></highlight><highlight class="comment">/*set<sp/>identity<sp/>with<sp/>user<sp/>name<sp/>and<sp/>domain*/</highlight><highlight class="normal"></highlight></codeline>
<codeline><highlight class="normal"><sp/><sp/><sp/><sp/><sp/><sp/><sp/><sp/><sp/><sp/><sp/><sp/><sp/><sp/><sp/><sp/><ref refid="group__proxies_1ga6e896345be76aaf6399ab4ed4532b2a4" kindref="member">linphone_proxy_config_set_server_addr</ref>(proxy_cfg,<ref refid="group__linphone__address_1ga95a356f26c67ed4ee88db878b617c65f" kindref="member">linphone_address_get_domain</ref>(from));<sp/></highlight><highlight class="comment">/*<sp/>we<sp/>assume<sp/>domain<sp/>=<sp/>proxy<sp/>server<sp/>address*/</highlight><highlight class="normal"></highlight></codeline>
<codeline><highlight class="normal"><sp/><sp/><sp/><sp/><sp/><sp/><sp/><sp/><sp/><sp/><sp/><sp/><sp/><sp/><sp/><sp/><ref refid="group__proxies_1gaea39579996645d4bc5e62e68ab097f17" kindref="member">linphone_proxy_config_enable_register</ref>(proxy_cfg,TRUE);<sp/></highlight><highlight class="comment">/*activate<sp/>registration<sp/>for<sp/>this<sp/>proxy<sp/>config*/</highlight><highlight class="normal"></highlight></codeline>
<codeline><highlight class="normal"><sp/><sp/><sp/><sp/><sp/><sp/><sp/><sp/><sp/><sp/><sp/><sp/><sp/><sp/><sp/><sp/><ref refid="group__proxies_1gaf21d29929d15256e0c993a4959d570cd" kindref="member">linphone_proxy_config_enable_publish</ref>(proxy_cfg,TRUE);<sp/></highlight><highlight class="comment">/*<sp/>enable<sp/>presence<sp/>satus<sp/>publication<sp/>for<sp/>this<sp/>proxy*/</highlight><highlight class="normal"></highlight></codeline>
<codeline><highlight class="normal"><sp/><sp/><sp/><sp/><sp/><sp/><sp/><sp/><sp/><sp/><sp/><sp/><sp/><sp/><sp/><sp/><ref refid="group__linphone__address_1gae7ed90ea85c09c793e994367e6a5422e" kindref="member">linphone_address_unref</ref>(from);<sp/></highlight><highlight class="comment">/*release<sp/>resource*/</highlight><highlight class="normal"></highlight></codeline>
<codeline><highlight class="normal"></highlight></codeline>
<codeline><highlight class="normal"><sp/><sp/><sp/><sp/><sp/><sp/><sp/><sp/><sp/><sp/><sp/><sp/><sp/><sp/><sp/><sp/><ref refid="group__proxies_1gafe9c40e742c5b047fc9a6825da97d075" kindref="member">linphone_core_add_proxy_config</ref>(lc,proxy_cfg);<sp/></highlight><highlight class="comment">/*add<sp/>proxy<sp/>config<sp/>to<sp/>linphone<sp/>core*/</highlight><highlight class="normal"></highlight></codeline>
<codeline><highlight class="normal"><sp/><sp/><sp/><sp/><sp/><sp/><sp/><sp/><sp/><sp/><sp/><sp/><sp/><sp/><sp/><sp/><ref refid="group__proxies_1ga2082f2c37ffbf5d46e8d20ae8bccc2a4" kindref="member">linphone_core_set_default_proxy</ref>(lc,proxy_cfg);<sp/></highlight><highlight class="comment">/*set<sp/>to<sp/>default<sp/>proxy*/</highlight><highlight class="normal"></highlight></codeline>
<codeline><highlight class="normal"></highlight></codeline>
<codeline><highlight class="normal"></highlight></codeline>
<codeline><highlight class="normal"><sp/><sp/><sp/><sp/><sp/><sp/><sp/><sp/><sp/><sp/><sp/><sp/><sp/><sp/><sp/><sp/></highlight><highlight class="comment">/*<sp/>Loop<sp/>until<sp/>registration<sp/>status<sp/>is<sp/>available<sp/>*/</highlight><highlight class="normal"></highlight></codeline>
<codeline><highlight class="normal"><sp/><sp/><sp/><sp/><sp/><sp/><sp/><sp/><sp/><sp/><sp/><sp/><sp/><sp/><sp/><sp/></highlight><highlight class="keywordflow">do</highlight><highlight class="normal"><sp/>{</highlight></codeline>
<codeline><highlight class="normal"><sp/><sp/><sp/><sp/><sp/><sp/><sp/><sp/><sp/><sp/><sp/><sp/><sp/><sp/><sp/><sp/><sp/><sp/><sp/><sp/><sp/><sp/><sp/><sp/><ref refid="group__initializing_1ga7bdac8ac386483fc4e0876e4c5d13755" kindref="member">linphone_core_iterate</ref>(lc);<sp/></highlight><highlight class="comment">/*<sp/>first<sp/>iterate<sp/>initiates<sp/>registration<sp/>*/</highlight><highlight class="normal"></highlight></codeline>
<codeline><highlight class="normal"><sp/><sp/><sp/><sp/><sp/><sp/><sp/><sp/><sp/><sp/><sp/><sp/><sp/><sp/><sp/><sp/><sp/><sp/><sp/><sp/><sp/><sp/><sp/><sp/>ms_usleep(100000);</highlight></codeline>
<codeline><highlight class="normal"><sp/><sp/><sp/><sp/><sp/><sp/><sp/><sp/><sp/><sp/><sp/><sp/><sp/><sp/><sp/><sp/>}</highlight></codeline>
<codeline><highlight class="normal"><sp/><sp/><sp/><sp/><sp/><sp/><sp/><sp/><sp/><sp/><sp/><sp/><sp/><sp/><sp/><sp/></highlight><highlight class="keywordflow">while</highlight><highlight class="normal">(<sp/><sp/>running<sp/>&amp;&amp;<sp/><ref refid="group__proxies_1ga5ae722780e8c0a03545736c01bb7018b" kindref="member">linphone_proxy_config_get_state</ref>(proxy_cfg)<sp/>==<sp/><ref refid="group__proxies_1ggaea1b64a739b1faf0b490fe0f52cfe65eae20dab1677f285ef32006cc86f8ea630" kindref="member">LinphoneRegistrationProgress</ref>);</highlight></codeline>
<codeline><highlight class="normal"></highlight></codeline>
<codeline><highlight class="normal"><sp/><sp/><sp/><sp/><sp/><sp/><sp/><sp/>}</highlight></codeline>
<codeline><highlight class="normal"></highlight></codeline>
<codeline><highlight class="normal"><sp/><sp/><sp/><sp/><sp/><sp/><sp/><sp/></highlight><highlight class="keywordflow">if</highlight><highlight class="normal"><sp/>(dest_friend)<sp/>{</highlight></codeline>
<codeline><highlight class="normal"><sp/><sp/><sp/><sp/><sp/><sp/><sp/><sp/><sp/><sp/><sp/><sp/><sp/><sp/><sp/><sp/>my_friend<sp/>=<sp/><ref refid="group__buddy__list_1gab2a2bf6d1b43488927c0e842e08f66c9" kindref="member">linphone_core_create_friend_with_address</ref>(lc,<sp/>dest_friend);<sp/></highlight><highlight class="comment">/*creates<sp/>friend<sp/>object<sp/>from<sp/>dest*/</highlight><highlight class="normal"></highlight></codeline>
<codeline><highlight class="normal"><sp/><sp/><sp/><sp/><sp/><sp/><sp/><sp/><sp/><sp/><sp/><sp/><sp/><sp/><sp/><sp/></highlight><highlight class="keywordflow">if</highlight><highlight class="normal"><sp/>(my_friend<sp/>==<sp/>NULL)<sp/>{</highlight></codeline>
<codeline><highlight class="normal"><sp/><sp/><sp/><sp/><sp/><sp/><sp/><sp/><sp/><sp/><sp/><sp/><sp/><sp/><sp/><sp/><sp/><sp/><sp/><sp/><sp/><sp/><sp/><sp/>printf(</highlight><highlight class="stringliteral">&quot;bad<sp/>destination<sp/>uri<sp/>for<sp/>friend<sp/>[%s]\n&quot;</highlight><highlight class="normal">,dest_friend);</highlight></codeline>
<codeline><highlight class="normal"><sp/><sp/><sp/><sp/><sp/><sp/><sp/><sp/><sp/><sp/><sp/><sp/><sp/><sp/><sp/><sp/><sp/><sp/><sp/><sp/><sp/><sp/><sp/><sp/></highlight><highlight class="keywordflow">goto</highlight><highlight class="normal"><sp/>end;</highlight></codeline>
<codeline><highlight class="normal"><sp/><sp/><sp/><sp/><sp/><sp/><sp/><sp/><sp/><sp/><sp/><sp/><sp/><sp/><sp/><sp/>}</highlight></codeline>
<codeline><highlight class="normal"></highlight></codeline>
<codeline><highlight class="normal"><sp/><sp/><sp/><sp/><sp/><sp/><sp/><sp/><sp/><sp/><sp/><sp/><sp/><sp/><sp/><sp/><ref refid="group__buddy__list_1gabb5a04025a91d8429819ca3898369bab" kindref="member">linphone_friend_enable_subscribes</ref>(my_friend,TRUE);<sp/></highlight><highlight class="comment">/*configure<sp/>this<sp/>friend<sp/>to<sp/>emit<sp/>SUBSCRIBE<sp/>message<sp/>after<sp/>being<sp/>added<sp/>to<sp/>LinphoneCore*/</highlight><highlight class="normal"></highlight></codeline>
<codeline><highlight class="normal"><sp/><sp/><sp/><sp/><sp/><sp/><sp/><sp/><sp/><sp/><sp/><sp/><sp/><sp/><sp/><sp/><ref refid="group__buddy__list_1ga54ac1eb7f29193adf80f03cfffba7482" kindref="member">linphone_friend_set_inc_subscribe_policy</ref>(my_friend,<ref refid="group__buddy__list_1gga81effcfcab907fd8530e53ca5b0bc10aa876507f111b9ea7c5fb4eac01bac22dd" kindref="member">LinphoneSPAccept</ref>);<sp/></highlight><highlight class="comment">/*<sp/>Accept<sp/>incoming<sp/>subscription<sp/>request<sp/>for<sp/>this<sp/>friend*/</highlight><highlight class="normal"></highlight></codeline>
<codeline><highlight class="normal"><sp/><sp/><sp/><sp/><sp/><sp/><sp/><sp/><sp/><sp/><sp/><sp/><sp/><sp/><sp/><sp/><ref refid="group__buddy__list_1ga3a8e9184320402082bf35226ae8d25b8" kindref="member">linphone_core_add_friend</ref>(lc,my_friend);<sp/></highlight><highlight class="comment">/*<sp/>add<sp/>my<sp/>friend<sp/>to<sp/>the<sp/>buddy<sp/>list,<sp/>initiate<sp/>SUBSCRIBE<sp/>message*/</highlight><highlight class="normal"></highlight></codeline>
<codeline><highlight class="normal"></highlight></codeline>
<codeline><highlight class="normal"><sp/><sp/><sp/><sp/><sp/><sp/><sp/><sp/>}</highlight></codeline>
<codeline><highlight class="normal"></highlight></codeline>
<codeline><highlight class="normal"><sp/><sp/><sp/><sp/><sp/><sp/><sp/><sp/></highlight><highlight class="comment">/*set<sp/>my<sp/>status<sp/>to<sp/>online*/</highlight><highlight class="normal"></highlight></codeline>
<codeline><highlight class="normal"><sp/><sp/><sp/><sp/><sp/><sp/><sp/><sp/>model<sp/>=<sp/><ref refid="group__buddy__list_1gaafdc5ae622acaadbf1e58415756d9fa3" kindref="member">linphone_presence_model_new</ref>();</highlight></codeline>
<codeline><highlight class="normal"><sp/><sp/><sp/><sp/><sp/><sp/><sp/><sp/><ref refid="group__buddy__list_1ga658e0e31786161658eb565f6724b38b3" kindref="member">linphone_presence_model_set_basic_status</ref>(model,<sp/><ref refid="group__buddy__list_1gga1bce4ac7547b3459c2815a5a38fab833a6cb2287d4aa6ab6edf71faa60dee2bc1" kindref="member">LinphonePresenceBasicStatusOpen</ref>);</highlight></codeline>
<codeline><highlight class="normal"><sp/><sp/><sp/><sp/><sp/><sp/><sp/><sp/><ref refid="group__buddy__list_1ga8b8f1c93a0c9a7d355b1899969058fb3" kindref="member">linphone_core_set_presence_model</ref>(lc,<sp/>model);</highlight></codeline>
<codeline><highlight class="normal"><sp/><sp/><sp/><sp/><sp/><sp/><sp/><sp/><ref refid="group__buddy__list_1ga8c6c14fe45f6941149ed3eb759db9a23" kindref="member">linphone_presence_model_unref</ref>(model);</highlight></codeline>
<codeline><highlight class="normal"></highlight></codeline>
<codeline><highlight class="normal"><sp/><sp/><sp/><sp/><sp/><sp/><sp/><sp/></highlight><highlight class="comment">/*<sp/>main<sp/>loop<sp/>for<sp/>receiving<sp/>notifications<sp/>and<sp/>doing<sp/>background<sp/>linphone<sp/>core<sp/>work:<sp/>*/</highlight><highlight class="normal"></highlight></codeline>
<codeline><highlight class="normal"><sp/><sp/><sp/><sp/><sp/><sp/><sp/><sp/></highlight><highlight class="keywordflow">while</highlight><highlight class="normal">(running){</highlight></codeline>
<codeline><highlight class="normal"><sp/><sp/><sp/><sp/><sp/><sp/><sp/><sp/><sp/><sp/><sp/><sp/><sp/><sp/><sp/><sp/><ref refid="group__initializing_1ga7bdac8ac386483fc4e0876e4c5d13755" kindref="member">linphone_core_iterate</ref>(lc);<sp/></highlight><highlight class="comment">/*<sp/>first<sp/>iterate<sp/>initiates<sp/>subscription<sp/>*/</highlight><highlight class="normal"></highlight></codeline>
<codeline><highlight class="normal"><sp/><sp/><sp/><sp/><sp/><sp/><sp/><sp/><sp/><sp/><sp/><sp/><sp/><sp/><sp/><sp/>ms_usleep(50000);</highlight></codeline>
<codeline><highlight class="normal"><sp/><sp/><sp/><sp/><sp/><sp/><sp/><sp/>}</highlight></codeline>
<codeline><highlight class="normal"></highlight></codeline>
<codeline><highlight class="normal"><sp/><sp/><sp/><sp/><sp/><sp/><sp/><sp/></highlight><highlight class="comment">/*<sp/>change<sp/>my<sp/>presence<sp/>status<sp/>to<sp/>offline*/</highlight><highlight class="normal"></highlight></codeline>
<codeline><highlight class="normal"><sp/><sp/><sp/><sp/><sp/><sp/><sp/><sp/>model<sp/>=<sp/><ref refid="group__buddy__list_1gaafdc5ae622acaadbf1e58415756d9fa3" kindref="member">linphone_presence_model_new</ref>();</highlight></codeline>
<codeline><highlight class="normal"><sp/><sp/><sp/><sp/><sp/><sp/><sp/><sp/><ref refid="group__buddy__list_1ga658e0e31786161658eb565f6724b38b3" kindref="member">linphone_presence_model_set_basic_status</ref>(model,<sp/><ref refid="group__buddy__list_1gga1bce4ac7547b3459c2815a5a38fab833a4e18f5d7cb3e86bc7bde635d190a0175" kindref="member">LinphonePresenceBasicStatusClosed</ref>);</highlight></codeline>
<codeline><highlight class="normal"><sp/><sp/><sp/><sp/><sp/><sp/><sp/><sp/><ref refid="group__buddy__list_1ga8b8f1c93a0c9a7d355b1899969058fb3" kindref="member">linphone_core_set_presence_model</ref>(lc,<sp/>model);</highlight></codeline>
<codeline><highlight class="normal"><sp/><sp/><sp/><sp/><sp/><sp/><sp/><sp/><ref refid="group__buddy__list_1ga8c6c14fe45f6941149ed3eb759db9a23" kindref="member">linphone_presence_model_unref</ref>(model);</highlight></codeline>
<codeline><highlight class="normal"><sp/><sp/><sp/><sp/><sp/><sp/><sp/><sp/><ref refid="group__initializing_1ga7bdac8ac386483fc4e0876e4c5d13755" kindref="member">linphone_core_iterate</ref>(lc);<sp/></highlight><highlight class="comment">/*<sp/>just<sp/>to<sp/>make<sp/>sure<sp/>new<sp/>status<sp/>is<sp/>initiate<sp/>message<sp/>is<sp/>issued<sp/>*/</highlight><highlight class="normal"></highlight></codeline>
<codeline><highlight class="normal"></highlight></codeline>
<codeline><highlight class="normal"><sp/><sp/><sp/><sp/><sp/><sp/><sp/><sp/><ref refid="group__buddy__list_1ga254b01923c79947a5d23981d47639f40" kindref="member">linphone_friend_edit</ref>(my_friend);<sp/></highlight><highlight class="comment">/*<sp/>start<sp/>editing<sp/>friend<sp/>*/</highlight><highlight class="normal"></highlight></codeline>
<codeline><highlight class="normal"><sp/><sp/><sp/><sp/><sp/><sp/><sp/><sp/><ref refid="group__buddy__list_1gabb5a04025a91d8429819ca3898369bab" kindref="member">linphone_friend_enable_subscribes</ref>(my_friend,FALSE);<sp/></highlight><highlight class="comment">/*disable<sp/>subscription<sp/>for<sp/>this<sp/>friend*/</highlight><highlight class="normal"></highlight></codeline>
<codeline><highlight class="normal"><sp/><sp/><sp/><sp/><sp/><sp/><sp/><sp/><ref refid="group__buddy__list_1ga6e28513bba28f948ee61341384a36958" kindref="member">linphone_friend_done</ref>(my_friend);<sp/></highlight><highlight class="comment">/*commit<sp/>changes<sp/>triggering<sp/>an<sp/>UNSUBSCRIBE<sp/>message*/</highlight><highlight class="normal"></highlight></codeline>
<codeline><highlight class="normal"></highlight></codeline>
<codeline><highlight class="normal"><sp/><sp/><sp/><sp/><sp/><sp/><sp/><sp/><ref refid="group__initializing_1ga7bdac8ac386483fc4e0876e4c5d13755" kindref="member">linphone_core_iterate</ref>(lc);<sp/></highlight><highlight class="comment">/*<sp/>just<sp/>to<sp/>make<sp/>sure<sp/>unsubscribe<sp/>message<sp/>is<sp/>issued<sp/>*/</highlight><highlight class="normal"></highlight></codeline>
<codeline><highlight class="normal"></highlight></codeline>
<codeline><highlight class="normal">end:</highlight></codeline>
<codeline><highlight class="normal"><sp/><sp/><sp/><sp/><sp/><sp/><sp/><sp/>printf(</highlight><highlight class="stringliteral">&quot;Shutting<sp/>down...\n&quot;</highlight><highlight class="normal">);</highlight></codeline>
<codeline><highlight class="normal"><sp/><sp/><sp/><sp/><sp/><sp/><sp/><sp/><ref refid="group__initializing_1ga500dcd7902ff1b67335134687bf2851d" kindref="member">linphone_core_destroy</ref>(lc);</highlight></codeline>
<codeline><highlight class="normal"><sp/><sp/><sp/><sp/><sp/><sp/><sp/><sp/>printf(</highlight><highlight class="stringliteral">&quot;Exited\n&quot;</highlight><highlight class="normal">);</highlight></codeline>
<codeline><highlight class="normal"><sp/><sp/><sp/><sp/><sp/><sp/><sp/><sp/></highlight><highlight class="keywordflow">return</highlight><highlight class="normal"><sp/>0;</highlight></codeline>
<codeline><highlight class="normal">}</highlight></codeline>
<codeline><highlight class="normal"></highlight></codeline>
</programlisting> </para>    </detaileddescription>
  </compounddef>
</doxygen>
