<?xml version='1.0' encoding='UTF-8' standalone='no'?>
<doxygen xmlns:xsi="http://www.w3.org/2001/XMLSchema-instance" xsi:noNamespaceSchemaLocation="compound.xsd" version="1.8.13">
  <compounddef id="group__call__logs" kind="group">
    <compoundname>call_logs</compoundname>
    <title>Call logs</title>
      <sectiondef kind="enum">
      <memberdef kind="enum" id="group__call__logs_1gaa3077de7d4214529094998ce441f61e1" prot="public" static="no">
        <name>_LinphoneCallDir</name>
        <enumvalue id="group__call__logs_1ggaa3077de7d4214529094998ce441f61e1a4856091c25d200b11669efdbc6abb4ed" prot="public">
          <name>LinphoneCallOutgoing</name>
          <briefdescription>
<para>outgoing calls </para>          </briefdescription>
          <detaileddescription>
          </detaileddescription>
        </enumvalue>
        <enumvalue id="group__call__logs_1ggaa3077de7d4214529094998ce441f61e1aa4030176bbddea10e361ce320946e202" prot="public">
          <name>LinphoneCallIncoming</name>
          <briefdescription>
<para>incoming calls </para>          </briefdescription>
          <detaileddescription>
          </detaileddescription>
        </enumvalue>
        <briefdescription>
<para>Enum representing the direction of a call. </para>        </briefdescription>
        <detaileddescription>
        </detaileddescription>
        <inbodydescription>
        </inbodydescription>
        <location file="/Users/S0U1SB4N3/test006/linphone-desktop/submodules/linphone/include/linphone/types.h" line="278" column="1" bodyfile="/Users/S0U1SB4N3/test006/linphone-desktop/submodules/linphone/include/linphone/types.h" bodystart="278" bodyend="281"/>
      </memberdef>
      <memberdef kind="enum" id="group__call__logs_1ga0896daf3cb167a43e357c3955ab33f3f" prot="public" static="no">
        <name>_LinphoneCallStatus</name>
        <enumvalue id="group__call__logs_1gga0896daf3cb167a43e357c3955ab33f3fa998fe35d090ed76fb89b23b3a8dfb0ff" prot="public">
          <name>LinphoneCallSuccess</name>
          <briefdescription>
<para>The call was sucessful. </para>          </briefdescription>
          <detaileddescription>
          </detaileddescription>
        </enumvalue>
        <enumvalue id="group__call__logs_1gga0896daf3cb167a43e357c3955ab33f3faeff436dddb49d4bf17d2e05a94b5bd59" prot="public">
          <name>LinphoneCallAborted</name>
          <briefdescription>
<para>The call was aborted. </para>          </briefdescription>
          <detaileddescription>
          </detaileddescription>
        </enumvalue>
        <enumvalue id="group__call__logs_1gga0896daf3cb167a43e357c3955ab33f3fad26e9035dad755590a5a724c7ba69656" prot="public">
          <name>LinphoneCallMissed</name>
          <briefdescription>
<para>The call was missed (unanswered) </para>          </briefdescription>
          <detaileddescription>
          </detaileddescription>
        </enumvalue>
        <enumvalue id="group__call__logs_1gga0896daf3cb167a43e357c3955ab33f3fad6711031d964a7d56f10c07ac239a102" prot="public">
          <name>LinphoneCallDeclined</name>
          <briefdescription>
<para>The call was declined, either locally or by remote end. </para>          </briefdescription>
          <detaileddescription>
          </detaileddescription>
        </enumvalue>
        <enumvalue id="group__call__logs_1gga0896daf3cb167a43e357c3955ab33f3fa3a9783965291ff7ec0bfa35442f8170c" prot="public">
          <name>LinphoneCallEarlyAborted</name>
          <briefdescription>
<para>The call was aborted before being advertised to the application - for protocol reasons. </para>          </briefdescription>
          <detaileddescription>
          </detaileddescription>
        </enumvalue>
        <briefdescription>
<para>Enum representing the status of a call. </para>        </briefdescription>
        <detaileddescription>
        </detaileddescription>
        <inbodydescription>
        </inbodydescription>
        <location file="/Users/S0U1SB4N3/test006/linphone-desktop/submodules/linphone/include/linphone/types.h" line="341" column="1" bodyfile="/Users/S0U1SB4N3/test006/linphone-desktop/submodules/linphone/include/linphone/types.h" bodystart="341" bodyend="347"/>
      </memberdef>
      </sectiondef>
      <sectiondef kind="typedef">
      <memberdef kind="typedef" id="group__call__logs_1ga1034661c7fea264b5e01b72f39987b77" prot="public" static="no">
        <type>enum <ref refid="group__call__logs_1gaa3077de7d4214529094998ce441f61e1" kindref="member">_LinphoneCallDir</ref></type>
        <definition>typedef enum _LinphoneCallDir  LinphoneCallDir</definition>
        <argsstring></argsstring>
        <name>LinphoneCallDir</name>
        <briefdescription>
<para>Enum representing the direction of a call. </para>        </briefdescription>
        <detaileddescription>
        </detaileddescription>
        <inbodydescription>
        </inbodydescription>
        <location file="/Users/S0U1SB4N3/test006/linphone-desktop/submodules/linphone/include/linphone/types.h" line="281" column="1"/>
      </memberdef>
      <memberdef kind="typedef" id="group__call__logs_1gab700f6646681d1f4614a049892bc764a" prot="public" static="no">
        <type>struct _LinphoneCallLog</type>
        <definition>typedef struct _LinphoneCallLog LinphoneCallLog</definition>
        <argsstring></argsstring>
        <name>LinphoneCallLog</name>
        <briefdescription>
<para>Structure representing a call log. </para>        </briefdescription>
        <detaileddescription>
        </detaileddescription>
        <inbodydescription>
        </inbodydescription>
        <location file="/Users/S0U1SB4N3/test006/linphone-desktop/submodules/linphone/include/linphone/types.h" line="65" column="1" bodyfile="/Users/S0U1SB4N3/test006/linphone-desktop/submodules/linphone/include/linphone/types.h" bodystart="287" bodyend="-1"/>
      </memberdef>
      <memberdef kind="typedef" id="group__call__logs_1gafd125fb704d3254856f4a826a6e60a11" prot="public" static="no">
        <type>enum <ref refid="group__call__logs_1ga0896daf3cb167a43e357c3955ab33f3f" kindref="member">_LinphoneCallStatus</ref></type>
        <definition>typedef enum _LinphoneCallStatus  LinphoneCallStatus</definition>
        <argsstring></argsstring>
        <name>LinphoneCallStatus</name>
        <briefdescription>
<para>Enum representing the status of a call. </para>        </briefdescription>
        <detaileddescription>
        </detaileddescription>
        <inbodydescription>
        </inbodydescription>
        <location file="/Users/S0U1SB4N3/test006/linphone-desktop/submodules/linphone/include/linphone/types.h" line="347" column="1"/>
      </memberdef>
      </sectiondef>
      <sectiondef kind="func">
      <memberdef kind="function" id="group__call__logs_1gae2a190bb030970e723f0c8d8505b83a7" prot="public" static="no" const="no" explicit="no" inline="no" virt="non-virtual">
        <type>const char *</type>
        <definition>const char* linphone_call_log_get_call_id</definition>
        <argsstring>(const LinphoneCallLog *cl)</argsstring>
        <name>linphone_call_log_get_call_id</name>
        <param>
          <type>const <ref refid="group__call__logs_1gab700f6646681d1f4614a049892bc764a" kindref="member">LinphoneCallLog</ref> *</type>
          <declname>cl</declname>
        </param>
        <briefdescription>
<para>Get the call ID used by the call. </para>        </briefdescription>
        <detaileddescription>
<para><parameterlist kind="param"><parameteritem>
<parameternamelist>
<parametername direction="in">cl</parametername>
</parameternamelist>
<parameterdescription>
<para>LinphoneCallLog object </para></parameterdescription>
</parameteritem>
</parameterlist>
<simplesect kind="return"><para>The call ID used by the call as a string. </para></simplesect>
</para>        </detaileddescription>
        <inbodydescription>
        </inbodydescription>
        <location file="/Users/S0U1SB4N3/test006/linphone-desktop/submodules/linphone/include/linphone/call_log.h" line="44" column="1"/>
      </memberdef>
      <memberdef kind="function" id="group__call__logs_1ga847aa4ed07183ce7fdd69814683de953" prot="public" static="no" const="no" explicit="no" inline="no" virt="non-virtual">
        <type><ref refid="group__call__logs_1ga1034661c7fea264b5e01b72f39987b77" kindref="member">LinphoneCallDir</ref></type>
        <definition>LinphoneCallDir linphone_call_log_get_dir</definition>
        <argsstring>(LinphoneCallLog *cl)</argsstring>
        <name>linphone_call_log_get_dir</name>
        <param>
          <type><ref refid="group__call__logs_1gab700f6646681d1f4614a049892bc764a" kindref="member">LinphoneCallLog</ref> *</type>
          <declname>cl</declname>
        </param>
        <briefdescription>
<para>Get the direction of the call. </para>        </briefdescription>
        <detaileddescription>
<para><parameterlist kind="param"><parameteritem>
<parameternamelist>
<parametername direction="in">cl</parametername>
</parameternamelist>
<parameterdescription>
<para>LinphoneCallLog object </para></parameterdescription>
</parameteritem>
</parameterlist>
<simplesect kind="return"><para>The direction of the call. </para></simplesect>
</para>        </detaileddescription>
        <inbodydescription>
        </inbodydescription>
        <location file="/Users/S0U1SB4N3/test006/linphone-desktop/submodules/linphone/include/linphone/call_log.h" line="51" column="1"/>
      </memberdef>
      <memberdef kind="function" id="group__call__logs_1gad44b7d604092e48ab3b329d651176a09" prot="public" static="no" const="no" explicit="no" inline="no" virt="non-virtual">
        <type>int</type>
        <definition>int linphone_call_log_get_duration</definition>
        <argsstring>(LinphoneCallLog *cl)</argsstring>
        <name>linphone_call_log_get_duration</name>
        <param>
          <type><ref refid="group__call__logs_1gab700f6646681d1f4614a049892bc764a" kindref="member">LinphoneCallLog</ref> *</type>
          <declname>cl</declname>
        </param>
        <briefdescription>
<para>Get the duration of the call since connected. </para>        </briefdescription>
        <detaileddescription>
<para><parameterlist kind="param"><parameteritem>
<parameternamelist>
<parametername direction="in">cl</parametername>
</parameternamelist>
<parameterdescription>
<para>LinphoneCallLog object </para></parameterdescription>
</parameteritem>
</parameterlist>
<simplesect kind="return"><para>The duration of the call in seconds. </para></simplesect>
</para>        </detaileddescription>
        <inbodydescription>
        </inbodydescription>
        <location file="/Users/S0U1SB4N3/test006/linphone-desktop/submodules/linphone/include/linphone/call_log.h" line="58" column="1"/>
      </memberdef>
      <memberdef kind="function" id="group__call__logs_1gaaafe867bd6bc91436b0064be70813151" prot="public" static="no" const="no" explicit="no" inline="no" virt="non-virtual">
        <type><ref refid="group__linphone__address_1ga5af5a516ac253e3cda4f51b599a5385b" kindref="member">LinphoneAddress</ref> *</type>
        <definition>LinphoneAddress* linphone_call_log_get_from_address</definition>
        <argsstring>(LinphoneCallLog *cl)</argsstring>
        <name>linphone_call_log_get_from_address</name>
        <param>
          <type><ref refid="group__call__logs_1gab700f6646681d1f4614a049892bc764a" kindref="member">LinphoneCallLog</ref> *</type>
          <declname>cl</declname>
        </param>
        <briefdescription>
<para>Get the origin address (ie from) of the call. </para>        </briefdescription>
        <detaileddescription>
<para><parameterlist kind="param"><parameteritem>
<parameternamelist>
<parametername direction="in">cl</parametername>
</parameternamelist>
<parameterdescription>
<para>LinphoneCallLog object </para></parameterdescription>
</parameteritem>
</parameterlist>
<simplesect kind="return"><para>The origin address (ie from) of the call. </para></simplesect>
</para>        </detaileddescription>
        <inbodydescription>
        </inbodydescription>
        <location file="/Users/S0U1SB4N3/test006/linphone-desktop/submodules/linphone/include/linphone/call_log.h" line="65" column="1"/>
      </memberdef>
      <memberdef kind="function" id="group__call__logs_1gafc32d586c890fb39c5486586366376e7" prot="public" static="no" const="no" explicit="no" inline="no" virt="non-virtual">
        <type>const rtp_stats_t *</type>
        <definition>const rtp_stats_t* linphone_call_log_get_local_stats</definition>
        <argsstring>(const LinphoneCallLog *cl)</argsstring>
        <name>linphone_call_log_get_local_stats</name>
        <param>
          <type>const <ref refid="group__call__logs_1gab700f6646681d1f4614a049892bc764a" kindref="member">LinphoneCallLog</ref> *</type>
          <declname>cl</declname>
        </param>
        <briefdescription>
<para>Get the RTP statistics computed locally regarding the call. </para>        </briefdescription>
        <detaileddescription>
<para><parameterlist kind="param"><parameteritem>
<parameternamelist>
<parametername direction="in">cl</parametername>
</parameternamelist>
<parameterdescription>
<para>LinphoneCallLog object </para></parameterdescription>
</parameteritem>
</parameterlist>
<simplesect kind="return"><para>The RTP statistics that have been computed locally for the call. </para></simplesect>
</para>        </detaileddescription>
        <inbodydescription>
        </inbodydescription>
        <location file="/Users/S0U1SB4N3/test006/linphone-desktop/submodules/linphone/include/linphone/call_log.h" line="72" column="1"/>
      </memberdef>
      <memberdef kind="function" id="group__call__logs_1ga9ddfd1fbcf4d04ec845ea60fd3bec40c" prot="public" static="no" const="no" explicit="no" inline="no" virt="non-virtual">
        <type>float</type>
        <definition>float linphone_call_log_get_quality</definition>
        <argsstring>(LinphoneCallLog *cl)</argsstring>
        <name>linphone_call_log_get_quality</name>
        <param>
          <type><ref refid="group__call__logs_1gab700f6646681d1f4614a049892bc764a" kindref="member">LinphoneCallLog</ref> *</type>
          <declname>cl</declname>
        </param>
        <briefdescription>
<para>Get the overall quality indication of the call. </para>        </briefdescription>
        <detaileddescription>
<para><parameterlist kind="param"><parameteritem>
<parameternamelist>
<parametername direction="in">cl</parametername>
</parameternamelist>
<parameterdescription>
<para>LinphoneCallLog object </para></parameterdescription>
</parameteritem>
</parameterlist>
<simplesect kind="return"><para>The overall quality indication of the call. </para></simplesect>
</para>        </detaileddescription>
        <inbodydescription>
        </inbodydescription>
        <location file="/Users/S0U1SB4N3/test006/linphone-desktop/submodules/linphone/include/linphone/call_log.h" line="79" column="1"/>
      </memberdef>
      <memberdef kind="function" id="group__call__logs_1ga5f7543296ee65b188d1fbf8b534ebff3" prot="public" static="no" const="no" explicit="no" inline="no" virt="non-virtual">
        <type>const char *</type>
        <definition>const char* linphone_call_log_get_ref_key</definition>
        <argsstring>(const LinphoneCallLog *cl)</argsstring>
        <name>linphone_call_log_get_ref_key</name>
        <param>
          <type>const <ref refid="group__call__logs_1gab700f6646681d1f4614a049892bc764a" kindref="member">LinphoneCallLog</ref> *</type>
          <declname>cl</declname>
        </param>
        <briefdescription>
<para>Get the persistent reference key associated to the call log. </para>        </briefdescription>
        <detaileddescription>
<para>The reference key can be for example an id to an external database. It is stored in the config file, thus can survive to process exits/restarts.</para><para><parameterlist kind="param"><parameteritem>
<parameternamelist>
<parametername direction="in">cl</parametername>
</parameternamelist>
<parameterdescription>
<para>LinphoneCallLog object </para></parameterdescription>
</parameteritem>
</parameterlist>
<simplesect kind="return"><para>The reference key string that has been associated to the call log, or NULL if none has been associated. </para></simplesect>
</para>        </detaileddescription>
        <inbodydescription>
        </inbodydescription>
        <location file="/Users/S0U1SB4N3/test006/linphone-desktop/submodules/linphone/include/linphone/call_log.h" line="90" column="1"/>
      </memberdef>
      <memberdef kind="function" id="group__call__logs_1ga6c4eaeeb10d59d7a63fcc6e6be42a5c8" prot="public" static="no" const="no" explicit="no" inline="no" virt="non-virtual">
        <type><ref refid="group__linphone__address_1ga5af5a516ac253e3cda4f51b599a5385b" kindref="member">LinphoneAddress</ref> *</type>
        <definition>LinphoneAddress* linphone_call_log_get_remote_address</definition>
        <argsstring>(LinphoneCallLog *cl)</argsstring>
        <name>linphone_call_log_get_remote_address</name>
        <param>
          <type><ref refid="group__call__logs_1gab700f6646681d1f4614a049892bc764a" kindref="member">LinphoneCallLog</ref> *</type>
          <declname>cl</declname>
        </param>
        <briefdescription>
<para>Get the remote address (that is from or to depending on call direction). </para>        </briefdescription>
        <detaileddescription>
<para><parameterlist kind="param"><parameteritem>
<parameternamelist>
<parametername direction="in">cl</parametername>
</parameternamelist>
<parameterdescription>
<para>LinphoneCallLog object </para></parameterdescription>
</parameteritem>
</parameterlist>
<simplesect kind="return"><para>The remote address of the call. </para></simplesect>
</para>        </detaileddescription>
        <inbodydescription>
        </inbodydescription>
        <location file="/Users/S0U1SB4N3/test006/linphone-desktop/submodules/linphone/include/linphone/call_log.h" line="97" column="1"/>
      </memberdef>
      <memberdef kind="function" id="group__call__logs_1gaebb6a63bab5d3271107227acae94d531" prot="public" static="no" const="no" explicit="no" inline="no" virt="non-virtual">
        <type>const rtp_stats_t *</type>
        <definition>const rtp_stats_t* linphone_call_log_get_remote_stats</definition>
        <argsstring>(const LinphoneCallLog *cl)</argsstring>
        <name>linphone_call_log_get_remote_stats</name>
        <param>
          <type>const <ref refid="group__call__logs_1gab700f6646681d1f4614a049892bc764a" kindref="member">LinphoneCallLog</ref> *</type>
          <declname>cl</declname>
        </param>
        <briefdescription>
<para>Get the RTP statistics computed by the remote end and sent back via RTCP. </para>        </briefdescription>
        <detaileddescription>
<para><simplesect kind="note"><para>Not implemented yet. </para></simplesect>
<parameterlist kind="param"><parameteritem>
<parameternamelist>
<parametername direction="in">cl</parametername>
</parameternamelist>
<parameterdescription>
<para>LinphoneCallLog object </para></parameterdescription>
</parameteritem>
</parameterlist>
<simplesect kind="return"><para>The RTP statistics that have been computed by the remote end for the call. </para></simplesect>
</para>        </detaileddescription>
        <inbodydescription>
        </inbodydescription>
        <location file="/Users/S0U1SB4N3/test006/linphone-desktop/submodules/linphone/include/linphone/call_log.h" line="105" column="1"/>
      </memberdef>
      <memberdef kind="function" id="group__call__logs_1gadc9c4a4551352805dcf2b187541db22b" prot="public" static="no" const="no" explicit="no" inline="no" virt="non-virtual">
        <type>time_t</type>
        <definition>time_t linphone_call_log_get_start_date</definition>
        <argsstring>(LinphoneCallLog *cl)</argsstring>
        <name>linphone_call_log_get_start_date</name>
        <param>
          <type><ref refid="group__call__logs_1gab700f6646681d1f4614a049892bc764a" kindref="member">LinphoneCallLog</ref> *</type>
          <declname>cl</declname>
        </param>
        <briefdescription>
<para>Get the start date of the call. </para>        </briefdescription>
        <detaileddescription>
<para><parameterlist kind="param"><parameteritem>
<parameternamelist>
<parametername direction="in">cl</parametername>
</parameternamelist>
<parameterdescription>
<para>LinphoneCallLog object </para></parameterdescription>
</parameteritem>
</parameterlist>
<simplesect kind="return"><para>The date of the beginning of the call. </para></simplesect>
</para>        </detaileddescription>
        <inbodydescription>
        </inbodydescription>
        <location file="/Users/S0U1SB4N3/test006/linphone-desktop/submodules/linphone/include/linphone/call_log.h" line="112" column="1"/>
      </memberdef>
      <memberdef kind="function" id="group__call__logs_1ga09169074d242befc7b1739c6a975aad8" prot="public" static="no" const="no" explicit="no" inline="no" virt="non-virtual">
        <type><ref refid="group__call__logs_1gafd125fb704d3254856f4a826a6e60a11" kindref="member">LinphoneCallStatus</ref></type>
        <definition>LinphoneCallStatus linphone_call_log_get_status</definition>
        <argsstring>(LinphoneCallLog *cl)</argsstring>
        <name>linphone_call_log_get_status</name>
        <param>
          <type><ref refid="group__call__logs_1gab700f6646681d1f4614a049892bc764a" kindref="member">LinphoneCallLog</ref> *</type>
          <declname>cl</declname>
        </param>
        <briefdescription>
<para>Get the status of the call. </para>        </briefdescription>
        <detaileddescription>
<para><parameterlist kind="param"><parameteritem>
<parameternamelist>
<parametername direction="in">cl</parametername>
</parameternamelist>
<parameterdescription>
<para>LinphoneCallLog object </para></parameterdescription>
</parameteritem>
</parameterlist>
<simplesect kind="return"><para>The status of the call. </para></simplesect>
</para>        </detaileddescription>
        <inbodydescription>
        </inbodydescription>
        <location file="/Users/S0U1SB4N3/test006/linphone-desktop/submodules/linphone/include/linphone/call_log.h" line="119" column="1"/>
      </memberdef>
      <memberdef kind="function" id="group__call__logs_1ga0105f29d6ade6835acd1cf6ae570ca91" prot="public" static="no" const="no" explicit="no" inline="no" virt="non-virtual">
        <type><ref refid="group__linphone__address_1ga5af5a516ac253e3cda4f51b599a5385b" kindref="member">LinphoneAddress</ref> *</type>
        <definition>LinphoneAddress* linphone_call_log_get_to_address</definition>
        <argsstring>(LinphoneCallLog *cl)</argsstring>
        <name>linphone_call_log_get_to_address</name>
        <param>
          <type><ref refid="group__call__logs_1gab700f6646681d1f4614a049892bc764a" kindref="member">LinphoneCallLog</ref> *</type>
          <declname>cl</declname>
        </param>
        <briefdescription>
<para>Get the destination address (ie to) of the call. </para>        </briefdescription>
        <detaileddescription>
<para><parameterlist kind="param"><parameteritem>
<parameternamelist>
<parametername direction="in">cl</parametername>
</parameternamelist>
<parameterdescription>
<para>LinphoneCallLog object </para></parameterdescription>
</parameteritem>
</parameterlist>
<simplesect kind="return"><para>The destination address (ie to) of the call. </para></simplesect>
</para>        </detaileddescription>
        <inbodydescription>
        </inbodydescription>
        <location file="/Users/S0U1SB4N3/test006/linphone-desktop/submodules/linphone/include/linphone/call_log.h" line="126" column="1"/>
      </memberdef>
      <memberdef kind="function" id="group__call__logs_1gac12aee1a611bcb6a899582a8d4705be1" prot="public" static="no" const="no" explicit="no" inline="no" virt="non-virtual">
        <type>void</type>
        <definition>void linphone_call_log_set_ref_key</definition>
        <argsstring>(LinphoneCallLog *cl, const char *refkey)</argsstring>
        <name>linphone_call_log_set_ref_key</name>
        <param>
          <type><ref refid="group__call__logs_1gab700f6646681d1f4614a049892bc764a" kindref="member">LinphoneCallLog</ref> *</type>
          <declname>cl</declname>
        </param>
        <param>
          <type>const char *</type>
          <declname>refkey</declname>
        </param>
        <briefdescription>
<para>Associate a persistent reference key to the call log. </para>        </briefdescription>
        <detaileddescription>
<para>The reference key can be for example an id to an external database. It is stored in the config file, thus can survive to process exits/restarts.</para><para><parameterlist kind="param"><parameteritem>
<parameternamelist>
<parametername direction="in">cl</parametername>
</parameternamelist>
<parameterdescription>
<para>LinphoneCallLog object </para></parameterdescription>
</parameteritem>
<parameteritem>
<parameternamelist>
<parametername direction="in">refkey</parametername>
</parameternamelist>
<parameterdescription>
<para>The reference key string to associate to the call log. </para></parameterdescription>
</parameteritem>
</parameterlist>
</para>        </detaileddescription>
        <inbodydescription>
        </inbodydescription>
        <location file="/Users/S0U1SB4N3/test006/linphone-desktop/submodules/linphone/include/linphone/call_log.h" line="137" column="1"/>
      </memberdef>
      <memberdef kind="function" id="group__call__logs_1ga5787f07ce7705433f11f571809ba8066" prot="public" static="no" const="no" explicit="no" inline="no" virt="non-virtual">
        <type>bool_t</type>
        <definition>bool_t linphone_call_log_video_enabled</definition>
        <argsstring>(LinphoneCallLog *cl)</argsstring>
        <name>linphone_call_log_video_enabled</name>
        <param>
          <type><ref refid="group__call__logs_1gab700f6646681d1f4614a049892bc764a" kindref="member">LinphoneCallLog</ref> *</type>
          <declname>cl</declname>
        </param>
        <briefdescription>
<para>Tell whether video was enabled at the end of the call or not. </para>        </briefdescription>
        <detaileddescription>
<para><parameterlist kind="param"><parameteritem>
<parameternamelist>
<parametername direction="in">cl</parametername>
</parameternamelist>
<parameterdescription>
<para>LinphoneCallLog object </para></parameterdescription>
</parameteritem>
</parameterlist>
<simplesect kind="return"><para>A boolean value telling whether video was enabled at the end of the call. </para></simplesect>
</para>        </detaileddescription>
        <inbodydescription>
        </inbodydescription>
        <location file="/Users/S0U1SB4N3/test006/linphone-desktop/submodules/linphone/include/linphone/call_log.h" line="144" column="1"/>
      </memberdef>
      <memberdef kind="function" id="group__call__logs_1ga0710ace4194a6a8923014922c5f93b3d" prot="public" static="no" const="no" explicit="no" inline="no" virt="non-virtual">
        <type>char *</type>
        <definition>char* linphone_call_log_to_str</definition>
        <argsstring>(LinphoneCallLog *cl)</argsstring>
        <name>linphone_call_log_to_str</name>
        <param>
          <type><ref refid="group__call__logs_1gab700f6646681d1f4614a049892bc764a" kindref="member">LinphoneCallLog</ref> *</type>
          <declname>cl</declname>
        </param>
        <briefdescription>
<para>Get a human readable string describing the call. </para>        </briefdescription>
        <detaileddescription>
<para><simplesect kind="note"><para>: the returned string must be freed by the application (use ms_free()). </para></simplesect>
<parameterlist kind="param"><parameteritem>
<parameternamelist>
<parametername direction="in">cl</parametername>
</parameternamelist>
<parameterdescription>
<para>LinphoneCallLog object </para></parameterdescription>
</parameteritem>
</parameterlist>
<simplesect kind="return"><para>A human readable string describing the call. </para></simplesect>
</para>        </detaileddescription>
        <inbodydescription>
        </inbodydescription>
        <location file="/Users/S0U1SB4N3/test006/linphone-desktop/submodules/linphone/include/linphone/call_log.h" line="152" column="1"/>
      </memberdef>
      <memberdef kind="function" id="group__call__logs_1gae5d1980d1e48b5f3e8fc156424fb2dda" prot="public" static="no" const="no" explicit="no" inline="no" virt="non-virtual">
        <type>bool_t</type>
        <definition>bool_t linphone_call_log_was_conference</definition>
        <argsstring>(LinphoneCallLog *cl)</argsstring>
        <name>linphone_call_log_was_conference</name>
        <param>
          <type><ref refid="group__call__logs_1gab700f6646681d1f4614a049892bc764a" kindref="member">LinphoneCallLog</ref> *</type>
          <declname>cl</declname>
        </param>
        <briefdescription>
<para>Tells whether that call was a call to a conference server. </para>        </briefdescription>
        <detaileddescription>
<para><parameterlist kind="param"><parameteritem>
<parameternamelist>
<parametername direction="in">cl</parametername>
</parameternamelist>
<parameterdescription>
<para><ref refid="group__call__logs_1gab700f6646681d1f4614a049892bc764a" kindref="member">LinphoneCallLog</ref> object </para></parameterdescription>
</parameteritem>
</parameterlist>
<simplesect kind="return"><para>TRUE if the call was a call to a conference server </para></simplesect>
</para>        </detaileddescription>
        <inbodydescription>
        </inbodydescription>
        <location file="/Users/S0U1SB4N3/test006/linphone-desktop/submodules/linphone/include/linphone/call_log.h" line="159" column="1"/>
      </memberdef>
      <memberdef kind="function" id="group__call__logs_1gaa49834b6b92a905bf05cfd6fb9a939ac" prot="public" static="no" const="no" explicit="no" inline="no" virt="non-virtual">
        <type>const <ref refid="group__misc_1ga8f3b35ce44e1284465ac2859ffbb9db7" kindref="member">LinphoneErrorInfo</ref> *</type>
        <definition>const LinphoneErrorInfo* linphone_call_log_get_error_info</definition>
        <argsstring>(LinphoneCallLog *cl)</argsstring>
        <name>linphone_call_log_get_error_info</name>
        <param>
          <type><ref refid="group__call__logs_1gab700f6646681d1f4614a049892bc764a" kindref="member">LinphoneCallLog</ref> *</type>
          <declname>cl</declname>
        </param>
        <briefdescription>
<para>When the call was failed, return an object describing the failure. </para>        </briefdescription>
        <detaileddescription>
<para><parameterlist kind="param"><parameteritem>
<parameternamelist>
<parametername direction="in">cl</parametername>
</parameternamelist>
<parameterdescription>
<para><ref refid="group__call__logs_1gab700f6646681d1f4614a049892bc764a" kindref="member">LinphoneCallLog</ref> object </para></parameterdescription>
</parameteritem>
</parameterlist>
<simplesect kind="return"><para>information about the error encountered by the call associated with this call log. </para></simplesect>
</para>        </detaileddescription>
        <inbodydescription>
        </inbodydescription>
        <location file="/Users/S0U1SB4N3/test006/linphone-desktop/submodules/linphone/include/linphone/call_log.h" line="166" column="1"/>
      </memberdef>
      <memberdef kind="function" id="group__call__logs_1ga7739aef07704316d9d92d50262ddd767" prot="public" static="no" const="no" explicit="no" inline="no" virt="non-virtual">
        <type>void *</type>
        <definition>void* linphone_call_log_get_user_data</definition>
        <argsstring>(const LinphoneCallLog *cl)</argsstring>
        <name>linphone_call_log_get_user_data</name>
        <param>
          <type>const <ref refid="group__call__logs_1gab700f6646681d1f4614a049892bc764a" kindref="member">LinphoneCallLog</ref> *</type>
          <declname>cl</declname>
        </param>
        <briefdescription>
<para>Get the user data associated with the call log. </para>        </briefdescription>
        <detaileddescription>
<para><parameterlist kind="param"><parameteritem>
<parameternamelist>
<parametername direction="in">cl</parametername>
</parameternamelist>
<parameterdescription>
<para>LinphoneCallLog object </para></parameterdescription>
</parameteritem>
</parameterlist>
<simplesect kind="return"><para>The user data associated with the call log. </para></simplesect>
</para>        </detaileddescription>
        <inbodydescription>
        </inbodydescription>
        <location file="/Users/S0U1SB4N3/test006/linphone-desktop/submodules/linphone/include/linphone/call_log.h" line="178" column="1"/>
      </memberdef>
      <memberdef kind="function" id="group__call__logs_1gadb77bcb2b2beb031bcbf6f0bcc62652a" prot="public" static="no" const="no" explicit="no" inline="no" virt="non-virtual">
        <type>void</type>
        <definition>void linphone_call_log_set_user_data</definition>
        <argsstring>(LinphoneCallLog *cl, void *ud)</argsstring>
        <name>linphone_call_log_set_user_data</name>
        <param>
          <type><ref refid="group__call__logs_1gab700f6646681d1f4614a049892bc764a" kindref="member">LinphoneCallLog</ref> *</type>
          <declname>cl</declname>
        </param>
        <param>
          <type>void *</type>
          <declname>ud</declname>
        </param>
        <briefdescription>
<para>Assign a user data to the call log. </para>        </briefdescription>
        <detaileddescription>
<para><parameterlist kind="param"><parameteritem>
<parameternamelist>
<parametername direction="in">cl</parametername>
</parameternamelist>
<parameterdescription>
<para>LinphoneCallLog object </para></parameterdescription>
</parameteritem>
<parameteritem>
<parameternamelist>
<parametername direction="in">ud</parametername>
</parameternamelist>
<parameterdescription>
<para>The user data to associate with the call log. </para></parameterdescription>
</parameteritem>
</parameterlist>
</para>        </detaileddescription>
        <inbodydescription>
        </inbodydescription>
        <location file="/Users/S0U1SB4N3/test006/linphone-desktop/submodules/linphone/include/linphone/call_log.h" line="185" column="1"/>
      </memberdef>
      <memberdef kind="function" id="group__call__logs_1ga2f3af8bb19866a4bbeebefa17bf2b806" prot="public" static="no" const="no" explicit="no" inline="no" virt="non-virtual">
        <type><ref refid="group__call__logs_1gab700f6646681d1f4614a049892bc764a" kindref="member">LinphoneCallLog</ref> *</type>
        <definition>LinphoneCallLog* linphone_call_log_ref</definition>
        <argsstring>(LinphoneCallLog *cl)</argsstring>
        <name>linphone_call_log_ref</name>
        <param>
          <type><ref refid="group__call__logs_1gab700f6646681d1f4614a049892bc764a" kindref="member">LinphoneCallLog</ref> *</type>
          <declname>cl</declname>
        </param>
        <briefdescription>
<para>Acquire a reference to the call log. </para>        </briefdescription>
        <detaileddescription>
<para><parameterlist kind="param"><parameteritem>
<parameternamelist>
<parametername direction="in">cl</parametername>
</parameternamelist>
<parameterdescription>
<para>LinphoneCallLog object </para></parameterdescription>
</parameteritem>
</parameterlist>
<simplesect kind="return"><para>The same LinphoneCallLog object </para></simplesect>
</para>        </detaileddescription>
        <inbodydescription>
        </inbodydescription>
        <location file="/Users/S0U1SB4N3/test006/linphone-desktop/submodules/linphone/include/linphone/call_log.h" line="192" column="1"/>
      </memberdef>
      <memberdef kind="function" id="group__call__logs_1ga802bbd28cc29824d80a70ad33e5b8ea6" prot="public" static="no" const="no" explicit="no" inline="no" virt="non-virtual">
        <type>void</type>
        <definition>void linphone_call_log_unref</definition>
        <argsstring>(LinphoneCallLog *cl)</argsstring>
        <name>linphone_call_log_unref</name>
        <param>
          <type><ref refid="group__call__logs_1gab700f6646681d1f4614a049892bc764a" kindref="member">LinphoneCallLog</ref> *</type>
          <declname>cl</declname>
        </param>
        <briefdescription>
<para>Release a reference to the call log. </para>        </briefdescription>
        <detaileddescription>
<para><parameterlist kind="param"><parameteritem>
<parameternamelist>
<parametername direction="in">cl</parametername>
</parameternamelist>
<parameterdescription>
<para>LinphoneCallLog object </para></parameterdescription>
</parameteritem>
</parameterlist>
</para>        </detaileddescription>
        <inbodydescription>
        </inbodydescription>
        <location file="/Users/S0U1SB4N3/test006/linphone-desktop/submodules/linphone/include/linphone/call_log.h" line="198" column="1"/>
      </memberdef>
      <memberdef kind="function" id="group__call__logs_1ga1140dfe4b51ba832f42984a3c438995c" prot="public" static="no" const="no" explicit="no" inline="no" virt="non-virtual">
        <type>LINPHONE_DEPRECATED void</type>
        <definition>LINPHONE_DEPRECATED void linphone_call_log_destroy</definition>
        <argsstring>(LinphoneCallLog *cl)</argsstring>
        <name>linphone_call_log_destroy</name>
        <param>
          <type><ref refid="group__call__logs_1gab700f6646681d1f4614a049892bc764a" kindref="member">LinphoneCallLog</ref> *</type>
          <declname>cl</declname>
        </param>
        <briefdescription>
<para>Destroy a LinphoneCallLog. </para>        </briefdescription>
        <detaileddescription>
<para><parameterlist kind="param"><parameteritem>
<parameternamelist>
<parametername>cl</parametername>
</parameternamelist>
<parameterdescription>
<para>LinphoneCallLog object </para></parameterdescription>
</parameteritem>
</parameterlist>
<xrefsect id="deprecated_1_deprecated000010"><xreftitle>Deprecated</xreftitle><xrefdescription><para>Use <ref refid="group__call__logs_1ga802bbd28cc29824d80a70ad33e5b8ea6" kindref="member">linphone_call_log_unref()</ref> instead.  <donotwrap />  </para></xrefdescription></xrefsect></para>        </detaileddescription>
        <inbodydescription>
        </inbodydescription>
        <location file="/Users/S0U1SB4N3/test006/linphone-desktop/submodules/linphone/include/linphone/call_log.h" line="223" column="1"/>
      </memberdef>
      <memberdef kind="function" id="group__call__logs_1ga0ee6bdca57422da5b78446ea10da19f1" prot="public" static="no" const="no" explicit="no" inline="no" virt="non-virtual">
        <type>const bctbx_list_t *</type>
        <definition>const bctbx_list_t* linphone_core_get_call_logs</definition>
        <argsstring>(LinphoneCore *lc)</argsstring>
        <name>linphone_core_get_call_logs</name>
        <param>
          <type><ref refid="group__initializing_1gaa5cf635b82dd338e7ee2dd3599d05f0a" kindref="member">LinphoneCore</ref> *</type>
          <declname>lc</declname>
        </param>
        <briefdescription>
<para>Get the list of call logs (past calls). </para>        </briefdescription>
        <detaileddescription>
<para><parameterlist kind="param"><parameteritem>
<parameternamelist>
<parametername direction="in">lc</parametername>
</parameternamelist>
<parameterdescription>
<para>LinphoneCore object </para></parameterdescription>
</parameteritem>
</parameterlist>
<simplesect kind="return"><para>A list of <ref refid="group__call__logs_1gab700f6646681d1f4614a049892bc764a" kindref="member">LinphoneCallLog</ref> objects. <bctbxlist>LinphoneCallLog</bctbxlist>  </para></simplesect>
</para>        </detaileddescription>
        <inbodydescription>
        </inbodydescription>
        <location file="/Users/S0U1SB4N3/test006/linphone-desktop/submodules/linphone/include/linphone/core.h" line="3092" column="1"/>
      </memberdef>
      <memberdef kind="function" id="group__call__logs_1ga9ed1cce25f0f908051a458ed9176a6e2" prot="public" static="no" const="no" explicit="no" inline="no" virt="non-virtual">
        <type>bctbx_list_t *</type>
        <definition>bctbx_list_t* linphone_core_get_call_history_for_address</definition>
        <argsstring>(LinphoneCore *lc, const LinphoneAddress *addr)</argsstring>
        <name>linphone_core_get_call_history_for_address</name>
        <param>
          <type><ref refid="group__initializing_1gaa5cf635b82dd338e7ee2dd3599d05f0a" kindref="member">LinphoneCore</ref> *</type>
          <declname>lc</declname>
        </param>
        <param>
          <type>const <ref refid="group__linphone__address_1ga5af5a516ac253e3cda4f51b599a5385b" kindref="member">LinphoneAddress</ref> *</type>
          <declname>addr</declname>
        </param>
        <briefdescription>
<para>Get the list of call logs (past calls) that matches the given <ref refid="group__linphone__address_1ga5af5a516ac253e3cda4f51b599a5385b" kindref="member">LinphoneAddress</ref>. </para>        </briefdescription>
        <detaileddescription>
<para>At the contrary of linphone_core_get_call_logs, it is your responsibility to unref the logs and free this list once you are done using it. <parameterlist kind="param"><parameteritem>
<parameternamelist>
<parametername direction="in">lc</parametername>
</parameternamelist>
<parameterdescription>
<para>LinphoneCore object </para></parameterdescription>
</parameteritem>
<parameteritem>
<parameternamelist>
<parametername direction="in">addr</parametername>
</parameternamelist>
<parameterdescription>
<para>LinphoneAddress object </para></parameterdescription>
</parameteritem>
</parameterlist>
<simplesect kind="return"><para>A list of <ref refid="group__call__logs_1gab700f6646681d1f4614a049892bc764a" kindref="member">LinphoneCallLog</ref> objects. <bctbxlist>LinphoneCallLog</bctbxlist>  </para></simplesect>
</para>        </detaileddescription>
        <inbodydescription>
        </inbodydescription>
        <location file="/Users/S0U1SB4N3/test006/linphone-desktop/submodules/linphone/include/linphone/core.h" line="3101" column="1"/>
      </memberdef>
      <memberdef kind="function" id="group__call__logs_1ga60dfe039e374675b32f78859909d0a4f" prot="public" static="no" const="no" explicit="no" inline="no" virt="non-virtual">
        <type><ref refid="group__call__logs_1gab700f6646681d1f4614a049892bc764a" kindref="member">LinphoneCallLog</ref> *</type>
        <definition>LinphoneCallLog* linphone_core_get_last_outgoing_call_log</definition>
        <argsstring>(LinphoneCore *lc)</argsstring>
        <name>linphone_core_get_last_outgoing_call_log</name>
        <param>
          <type><ref refid="group__initializing_1gaa5cf635b82dd338e7ee2dd3599d05f0a" kindref="member">LinphoneCore</ref> *</type>
          <declname>lc</declname>
        </param>
        <briefdescription>
<para>Get the latest outgoing call log. </para>        </briefdescription>
        <detaileddescription>
<para><parameterlist kind="param"><parameteritem>
<parameternamelist>
<parametername direction="in">lc</parametername>
</parameternamelist>
<parameterdescription>
<para>LinphoneCore object </para></parameterdescription>
</parameteritem>
</parameterlist>
<simplesect kind="return"><para>{LinphoneCallLog} </para></simplesect>
</para>        </detaileddescription>
        <inbodydescription>
        </inbodydescription>
        <location file="/Users/S0U1SB4N3/test006/linphone-desktop/submodules/linphone/include/linphone/core.h" line="3108" column="1"/>
      </memberdef>
      <memberdef kind="function" id="group__call__logs_1ga3ca6061857fa87f606e26d9b4f57c81e" prot="public" static="no" const="no" explicit="no" inline="no" virt="non-virtual">
        <type><ref refid="group__call__logs_1gab700f6646681d1f4614a049892bc764a" kindref="member">LinphoneCallLog</ref> *</type>
        <definition>LinphoneCallLog* linphone_core_find_call_log_from_call_id</definition>
        <argsstring>(LinphoneCore *lc, const char *call_id)</argsstring>
        <name>linphone_core_find_call_log_from_call_id</name>
        <param>
          <type><ref refid="group__initializing_1gaa5cf635b82dd338e7ee2dd3599d05f0a" kindref="member">LinphoneCore</ref> *</type>
          <declname>lc</declname>
        </param>
        <param>
          <type>const char *</type>
          <declname>call_id</declname>
        </param>
        <briefdescription>
<para>Get the call log matching the call id, or NULL if can&apos;t be found. </para>        </briefdescription>
        <detaileddescription>
<para><parameterlist kind="param"><parameteritem>
<parameternamelist>
<parametername direction="in">lc</parametername>
</parameternamelist>
<parameterdescription>
<para>LinphoneCore object </para></parameterdescription>
</parameteritem>
<parameteritem>
<parameternamelist>
<parametername direction="in">call_id</parametername>
</parameternamelist>
<parameterdescription>
<para>Call id of the call log to find </para></parameterdescription>
</parameteritem>
</parameterlist>
<simplesect kind="return"><para>{LinphoneCallLog} </para></simplesect>
</para>        </detaileddescription>
        <inbodydescription>
        </inbodydescription>
        <location file="/Users/S0U1SB4N3/test006/linphone-desktop/submodules/linphone/include/linphone/core.h" line="3116" column="1"/>
      </memberdef>
      <memberdef kind="function" id="group__call__logs_1ga76fb517665122b63136ccc673d431b34" prot="public" static="no" const="no" explicit="no" inline="no" virt="non-virtual">
        <type>void</type>
        <definition>void linphone_core_clear_call_logs</definition>
        <argsstring>(LinphoneCore *lc)</argsstring>
        <name>linphone_core_clear_call_logs</name>
        <param>
          <type><ref refid="group__initializing_1gaa5cf635b82dd338e7ee2dd3599d05f0a" kindref="member">LinphoneCore</ref> *</type>
          <declname>lc</declname>
        </param>
        <briefdescription>
<para>Erase the call log. </para>        </briefdescription>
        <detaileddescription>
<para><parameterlist kind="param"><parameteritem>
<parameternamelist>
<parametername direction="in">lc</parametername>
</parameternamelist>
<parameterdescription>
<para>LinphoneCore object </para></parameterdescription>
</parameteritem>
</parameterlist>
</para>        </detaileddescription>
        <inbodydescription>
        </inbodydescription>
        <location file="/Users/S0U1SB4N3/test006/linphone-desktop/submodules/linphone/include/linphone/core.h" line="3122" column="1"/>
      </memberdef>
      <memberdef kind="function" id="group__call__logs_1gae0b13195a295a5d3e0a53fe11cfec644" prot="public" static="no" const="no" explicit="no" inline="no" virt="non-virtual">
        <type>int</type>
        <definition>int linphone_core_get_missed_calls_count</definition>
        <argsstring>(LinphoneCore *lc)</argsstring>
        <name>linphone_core_get_missed_calls_count</name>
        <param>
          <type><ref refid="group__initializing_1gaa5cf635b82dd338e7ee2dd3599d05f0a" kindref="member">LinphoneCore</ref> *</type>
          <declname>lc</declname>
        </param>
        <briefdescription>
<para>Get the number of missed calls. </para>        </briefdescription>
        <detaileddescription>
<para>Once checked, this counter can be reset with <ref refid="group__call__logs_1ga8b01457c0ba5b24ae92bd167a79313fd" kindref="member">linphone_core_reset_missed_calls_count()</ref>. <parameterlist kind="param"><parameteritem>
<parameternamelist>
<parametername direction="in">lc</parametername>
</parameternamelist>
<parameterdescription>
<para><ref refid="group__initializing_1gaa5cf635b82dd338e7ee2dd3599d05f0a" kindref="member">LinphoneCore</ref> object. </para></parameterdescription>
</parameteritem>
</parameterlist>
<simplesect kind="return"><para>The number of missed calls. </para></simplesect>
</para>        </detaileddescription>
        <inbodydescription>
        </inbodydescription>
        <location file="/Users/S0U1SB4N3/test006/linphone-desktop/submodules/linphone/include/linphone/core.h" line="3130" column="1"/>
      </memberdef>
      <memberdef kind="function" id="group__call__logs_1ga8b01457c0ba5b24ae92bd167a79313fd" prot="public" static="no" const="no" explicit="no" inline="no" virt="non-virtual">
        <type>void</type>
        <definition>void linphone_core_reset_missed_calls_count</definition>
        <argsstring>(LinphoneCore *lc)</argsstring>
        <name>linphone_core_reset_missed_calls_count</name>
        <param>
          <type><ref refid="group__initializing_1gaa5cf635b82dd338e7ee2dd3599d05f0a" kindref="member">LinphoneCore</ref> *</type>
          <declname>lc</declname>
        </param>
        <briefdescription>
<para>Reset the counter of missed calls. </para>        </briefdescription>
        <detaileddescription>
<para><parameterlist kind="param"><parameteritem>
<parameternamelist>
<parametername direction="in">lc</parametername>
</parameternamelist>
<parameterdescription>
<para><ref refid="group__initializing_1gaa5cf635b82dd338e7ee2dd3599d05f0a" kindref="member">LinphoneCore</ref> object. </para></parameterdescription>
</parameteritem>
</parameterlist>
</para>        </detaileddescription>
        <inbodydescription>
        </inbodydescription>
        <location file="/Users/S0U1SB4N3/test006/linphone-desktop/submodules/linphone/include/linphone/core.h" line="3136" column="1"/>
      </memberdef>
      <memberdef kind="function" id="group__call__logs_1gadce35b7ded361556ea4e9831f594680a" prot="public" static="no" const="no" explicit="no" inline="no" virt="non-virtual">
        <type>void</type>
        <definition>void linphone_core_remove_call_log</definition>
        <argsstring>(LinphoneCore *lc, LinphoneCallLog *call_log)</argsstring>
        <name>linphone_core_remove_call_log</name>
        <param>
          <type><ref refid="group__initializing_1gaa5cf635b82dd338e7ee2dd3599d05f0a" kindref="member">LinphoneCore</ref> *</type>
          <declname>lc</declname>
        </param>
        <param>
          <type><ref refid="group__call__logs_1gab700f6646681d1f4614a049892bc764a" kindref="member">LinphoneCallLog</ref> *</type>
          <declname>call_log</declname>
        </param>
        <briefdescription>
<para>Remove a specific call log from call history list. </para>        </briefdescription>
        <detaileddescription>
<para>This function destroys the call log object. It must not be accessed anymore by the application after calling this function. <parameterlist kind="param"><parameteritem>
<parameternamelist>
<parametername direction="in">lc</parametername>
</parameternamelist>
<parameterdescription>
<para><ref refid="group__initializing_1gaa5cf635b82dd338e7ee2dd3599d05f0a" kindref="member">LinphoneCore</ref> object </para></parameterdescription>
</parameteritem>
<parameteritem>
<parameternamelist>
<parametername direction="in">call_log</parametername>
</parameternamelist>
<parameterdescription>
<para><ref refid="group__call__logs_1gab700f6646681d1f4614a049892bc764a" kindref="member">LinphoneCallLog</ref> object to remove. </para></parameterdescription>
</parameteritem>
</parameterlist>
</para>        </detaileddescription>
        <inbodydescription>
        </inbodydescription>
        <location file="/Users/S0U1SB4N3/test006/linphone-desktop/submodules/linphone/include/linphone/core.h" line="3144" column="1"/>
      </memberdef>
      </sectiondef>
      <sectiondef kind="define">
      <memberdef kind="define" id="group__call__logs_1gab84bce839e6c7301d2af4350d32ec976" prot="public" static="no">
        <name>linphone_call_log_get_from</name>
        <param><defname>cl</defname></param>
        <initializer><ref refid="group__call__logs_1gaaafe867bd6bc91436b0064be70813151" kindref="member">linphone_call_log_get_from_address</ref>(cl)</initializer>
        <briefdescription>
        </briefdescription>
        <detaileddescription>
<para><xrefsect id="deprecated_1_deprecated000006"><xreftitle>Deprecated</xreftitle><xrefdescription><para>Use <ref refid="group__call__logs_1gaaafe867bd6bc91436b0064be70813151" kindref="member">linphone_call_log_get_from_address()</ref> instead.</para></xrefdescription></xrefsect></para>        </detaileddescription>
        <inbodydescription>
        </inbodydescription>
        <location file="/Users/S0U1SB4N3/test006/linphone-desktop/submodules/linphone/include/linphone/call_log.h" line="206" column="9" bodyfile="/Users/S0U1SB4N3/test006/linphone-desktop/submodules/linphone/include/linphone/call_log.h" bodystart="206" bodyend="-1"/>
      </memberdef>
      <memberdef kind="define" id="group__call__logs_1gae26bf43ec4e4961f3a3be5e55cb80086" prot="public" static="no">
        <name>linphone_call_log_get_to</name>
        <param><defname>cl</defname></param>
        <initializer><ref refid="group__call__logs_1ga0105f29d6ade6835acd1cf6ae570ca91" kindref="member">linphone_call_log_get_to_address</ref>(cl)</initializer>
        <briefdescription>
        </briefdescription>
        <detaileddescription>
<para><xrefsect id="deprecated_1_deprecated000007"><xreftitle>Deprecated</xreftitle><xrefdescription><para>Use <ref refid="group__call__logs_1ga0105f29d6ade6835acd1cf6ae570ca91" kindref="member">linphone_call_log_get_to_address()</ref> instead.</para></xrefdescription></xrefsect></para>        </detaileddescription>
        <inbodydescription>
        </inbodydescription>
        <location file="/Users/S0U1SB4N3/test006/linphone-desktop/submodules/linphone/include/linphone/call_log.h" line="209" column="9" bodyfile="/Users/S0U1SB4N3/test006/linphone-desktop/submodules/linphone/include/linphone/call_log.h" bodystart="209" bodyend="-1"/>
      </memberdef>
      <memberdef kind="define" id="group__call__logs_1ga8d3b12ad3b8f4d4783e40a78c23dd9a0" prot="public" static="no">
        <name>linphone_call_log_set_user_pointer</name>
        <param><defname>cl</defname></param>
        <param><defname>ud</defname></param>
        <initializer><ref refid="group__call__logs_1gadb77bcb2b2beb031bcbf6f0bcc62652a" kindref="member">linphone_call_log_set_user_data</ref>(cl, ud)</initializer>
        <briefdescription>
        </briefdescription>
        <detaileddescription>
<para><xrefsect id="deprecated_1_deprecated000008"><xreftitle>Deprecated</xreftitle><xrefdescription><para>Use <ref refid="group__call__logs_1gadb77bcb2b2beb031bcbf6f0bcc62652a" kindref="member">linphone_call_log_set_user_data()</ref> instead.</para></xrefdescription></xrefsect></para>        </detaileddescription>
        <inbodydescription>
        </inbodydescription>
        <location file="/Users/S0U1SB4N3/test006/linphone-desktop/submodules/linphone/include/linphone/call_log.h" line="212" column="9" bodyfile="/Users/S0U1SB4N3/test006/linphone-desktop/submodules/linphone/include/linphone/call_log.h" bodystart="212" bodyend="-1"/>
      </memberdef>
      <memberdef kind="define" id="group__call__logs_1ga5a92ec7e1a015fb0d6f80abf736b5c4e" prot="public" static="no">
        <name>linphone_call_log_get_user_pointer</name>
        <param><defname>cl</defname></param>
        <initializer><ref refid="group__call__logs_1ga7739aef07704316d9d92d50262ddd767" kindref="member">linphone_call_log_get_user_data</ref>(cl)</initializer>
        <briefdescription>
        </briefdescription>
        <detaileddescription>
<para><xrefsect id="deprecated_1_deprecated000009"><xreftitle>Deprecated</xreftitle><xrefdescription><para>Use <ref refid="group__call__logs_1ga7739aef07704316d9d92d50262ddd767" kindref="member">linphone_call_log_get_user_data()</ref> instead.</para></xrefdescription></xrefsect></para>        </detaileddescription>
        <inbodydescription>
        </inbodydescription>
        <location file="/Users/S0U1SB4N3/test006/linphone-desktop/submodules/linphone/include/linphone/call_log.h" line="215" column="9" bodyfile="/Users/S0U1SB4N3/test006/linphone-desktop/submodules/linphone/include/linphone/call_log.h" bodystart="215" bodyend="-1"/>
      </memberdef>
      </sectiondef>
    <briefdescription>
<para>Managing call logs. </para>    </briefdescription>
    <detaileddescription>
    </detaileddescription>
  </compounddef>
</doxygen>
