<?xml version='1.0' encoding='UTF-8' standalone='no'?>
<doxygen xmlns:xsi="http://www.w3.org/2001/XMLSchema-instance" xsi:noNamespaceSchemaLocation="compound.xsd" version="1.8.13">
  <compounddef id="headers_8h" kind="file" language="C++">
    <compoundname>headers.h</compoundname>
    <includes refid="types_8h" local="yes">linphone/types.h</includes>
    <includedby refid="core_8h" local="yes">core.h</includedby>
      <sectiondef kind="func">
      <memberdef kind="function" id="group__misc_1gac68da6e7c5b49bc35c3433258300f99a" prot="public" static="no" const="no" explicit="no" inline="no" virt="non-virtual">
        <type><ref refid="group__misc_1ga52469d4a84233345d8dfa8c300aa98f9" kindref="member">LinphoneHeaders</ref> *</type>
        <definition>LinphoneHeaders* linphone_headers_ref</definition>
        <argsstring>(LinphoneHeaders *obj)</argsstring>
        <name>linphone_headers_ref</name>
        <param>
          <type><ref refid="group__misc_1ga52469d4a84233345d8dfa8c300aa98f9" kindref="member">LinphoneHeaders</ref> *</type>
          <declname>obj</declname>
        </param>
        <briefdescription>
<para>Increments ref count. </para>        </briefdescription>
        <detaileddescription>
        </detaileddescription>
        <inbodydescription>
        </inbodydescription>
        <location file="/Users/S0U1SB4N3/test006/linphone-desktop/submodules/linphone/include/linphone/headers.h" line="40" column="1"/>
      </memberdef>
      <memberdef kind="function" id="group__misc_1ga9bb1e111718a05edfed73de9bab15679" prot="public" static="no" const="no" explicit="no" inline="no" virt="non-virtual">
        <type>void</type>
        <definition>void linphone_headers_unref</definition>
        <argsstring>(LinphoneHeaders *obj)</argsstring>
        <name>linphone_headers_unref</name>
        <param>
          <type><ref refid="group__misc_1ga52469d4a84233345d8dfa8c300aa98f9" kindref="member">LinphoneHeaders</ref> *</type>
          <declname>obj</declname>
        </param>
        <briefdescription>
<para>Decrements ref count. </para>        </briefdescription>
        <detaileddescription>
        </detaileddescription>
        <inbodydescription>
        </inbodydescription>
        <location file="/Users/S0U1SB4N3/test006/linphone-desktop/submodules/linphone/include/linphone/headers.h" line="45" column="1"/>
      </memberdef>
      <memberdef kind="function" id="group__misc_1gabd37eff203501ccc2f50b63a50630d5f" prot="public" static="no" const="no" explicit="no" inline="no" virt="non-virtual">
        <type>const char *</type>
        <definition>const char* linphone_headers_get_value</definition>
        <argsstring>(LinphoneHeaders *obj, const char *header_name)</argsstring>
        <name>linphone_headers_get_value</name>
        <param>
          <type><ref refid="group__misc_1ga52469d4a84233345d8dfa8c300aa98f9" kindref="member">LinphoneHeaders</ref> *</type>
          <declname>obj</declname>
        </param>
        <param>
          <type>const char *</type>
          <declname>header_name</declname>
        </param>
        <briefdescription>
<para>Search for a given header name and return its value. </para>        </briefdescription>
        <detaileddescription>
<para><parameterlist kind="param"><parameteritem>
<parameternamelist>
<parametername>obj</parametername>
</parameternamelist>
<parameterdescription>
<para>the LinphoneHeaders object </para></parameterdescription>
</parameteritem>
<parameteritem>
<parameternamelist>
<parametername>name</parametername>
</parameternamelist>
<parameterdescription>
<para>the header&apos;s name </para></parameterdescription>
</parameteritem>
</parameterlist>
<simplesect kind="return"><para>the header&apos;s value or NULL if not found. </para></simplesect>
</para>        </detaileddescription>
        <inbodydescription>
        </inbodydescription>
        <location file="/Users/S0U1SB4N3/test006/linphone-desktop/submodules/linphone/include/linphone/headers.h" line="54" column="1"/>
      </memberdef>
      <memberdef kind="function" id="group__misc_1ga3d854dd5d49a87710a0ceac8d8b12090" prot="public" static="no" const="no" explicit="no" inline="no" virt="non-virtual">
        <type>void</type>
        <definition>void linphone_headers_add</definition>
        <argsstring>(LinphoneHeaders *obj, const char *name, const char *value)</argsstring>
        <name>linphone_headers_add</name>
        <param>
          <type><ref refid="group__misc_1ga52469d4a84233345d8dfa8c300aa98f9" kindref="member">LinphoneHeaders</ref> *</type>
          <declname>obj</declname>
        </param>
        <param>
          <type>const char *</type>
          <declname>name</declname>
        </param>
        <param>
          <type>const char *</type>
          <declname>value</declname>
        </param>
        <briefdescription>
<para>Add given header name and corresponding value. </para>        </briefdescription>
        <detaileddescription>
<para><parameterlist kind="param"><parameteritem>
<parameternamelist>
<parametername>obj</parametername>
</parameternamelist>
<parameterdescription>
<para>the LinphoneHeaders object </para></parameterdescription>
</parameteritem>
<parameteritem>
<parameternamelist>
<parametername>name</parametername>
</parameternamelist>
<parameterdescription>
<para>the header&apos;s name </para></parameterdescription>
</parameteritem>
<parameteritem>
<parameternamelist>
<parametername>the</parametername>
</parameternamelist>
<parameterdescription>
<para>header&apos;s value </para></parameterdescription>
</parameteritem>
</parameterlist>
</para>        </detaileddescription>
        <inbodydescription>
        </inbodydescription>
        <location file="/Users/S0U1SB4N3/test006/linphone-desktop/submodules/linphone/include/linphone/headers.h" line="62" column="1"/>
      </memberdef>
      <memberdef kind="function" id="group__misc_1gae5d55df0c1bef11e10ccc6af0ff80ddf" prot="public" static="no" const="no" explicit="no" inline="no" virt="non-virtual">
        <type>void</type>
        <definition>void linphone_headers_remove</definition>
        <argsstring>(LinphoneHeaders *obj, const char *name)</argsstring>
        <name>linphone_headers_remove</name>
        <param>
          <type><ref refid="group__misc_1ga52469d4a84233345d8dfa8c300aa98f9" kindref="member">LinphoneHeaders</ref> *</type>
          <declname>obj</declname>
        </param>
        <param>
          <type>const char *</type>
          <declname>name</declname>
        </param>
        <briefdescription>
<para>Add given header name and corresponding value. </para>        </briefdescription>
        <detaileddescription>
<para><parameterlist kind="param"><parameteritem>
<parameternamelist>
<parametername>obj</parametername>
</parameternamelist>
<parameterdescription>
<para>the LinphoneHeaders object </para></parameterdescription>
</parameteritem>
<parameteritem>
<parameternamelist>
<parametername>name</parametername>
</parameternamelist>
<parameterdescription>
<para>the header&apos;s name </para></parameterdescription>
</parameteritem>
<parameteritem>
<parameternamelist>
<parametername>the</parametername>
</parameternamelist>
<parameterdescription>
<para>header&apos;s value </para></parameterdescription>
</parameteritem>
</parameterlist>
</para>        </detaileddescription>
        <inbodydescription>
        </inbodydescription>
        <location file="/Users/S0U1SB4N3/test006/linphone-desktop/submodules/linphone/include/linphone/headers.h" line="70" column="1"/>
      </memberdef>
      </sectiondef>
    <briefdescription>
    </briefdescription>
    <detaileddescription>
    </detaileddescription>
    <programlisting>
<codeline lineno="1"><highlight class="comment">/*</highlight></codeline>
<codeline lineno="2"><highlight class="comment">content.h</highlight></codeline>
<codeline lineno="3"><highlight class="comment">Copyright<sp/>(C)<sp/>2010-2017<sp/>Belledonne<sp/>Communications<sp/>SARL</highlight></codeline>
<codeline lineno="4"><highlight class="comment"></highlight></codeline>
<codeline lineno="5"><highlight class="comment">This<sp/>program<sp/>is<sp/>free<sp/>software;<sp/>you<sp/>can<sp/>redistribute<sp/>it<sp/>and/or</highlight></codeline>
<codeline lineno="6"><highlight class="comment">modify<sp/>it<sp/>under<sp/>the<sp/>terms<sp/>of<sp/>the<sp/>GNU<sp/>General<sp/>Public<sp/>License</highlight></codeline>
<codeline lineno="7"><highlight class="comment">as<sp/>published<sp/>by<sp/>the<sp/>Free<sp/>Software<sp/>Foundation;<sp/>either<sp/>version<sp/>2</highlight></codeline>
<codeline lineno="8"><highlight class="comment">of<sp/>the<sp/>License,<sp/>or<sp/>(at<sp/>your<sp/>option)<sp/>any<sp/>later<sp/>version.</highlight></codeline>
<codeline lineno="9"><highlight class="comment"></highlight></codeline>
<codeline lineno="10"><highlight class="comment">This<sp/>program<sp/>is<sp/>distributed<sp/>in<sp/>the<sp/>hope<sp/>that<sp/>it<sp/>will<sp/>be<sp/>useful,</highlight></codeline>
<codeline lineno="11"><highlight class="comment">but<sp/>WITHOUT<sp/>ANY<sp/>WARRANTY;<sp/>without<sp/>even<sp/>the<sp/>implied<sp/>warranty<sp/>of</highlight></codeline>
<codeline lineno="12"><highlight class="comment">MERCHANTABILITY<sp/>or<sp/>FITNESS<sp/>FOR<sp/>A<sp/>PARTICULAR<sp/>PURPOSE.<sp/><sp/>See<sp/>the</highlight></codeline>
<codeline lineno="13"><highlight class="comment">GNU<sp/>General<sp/>Public<sp/>License<sp/>for<sp/>more<sp/>details.</highlight></codeline>
<codeline lineno="14"><highlight class="comment"></highlight></codeline>
<codeline lineno="15"><highlight class="comment">You<sp/>should<sp/>have<sp/>received<sp/>a<sp/>copy<sp/>of<sp/>the<sp/>GNU<sp/>General<sp/>Public<sp/>License</highlight></codeline>
<codeline lineno="16"><highlight class="comment">along<sp/>with<sp/>this<sp/>program;<sp/>if<sp/>not,<sp/>write<sp/>to<sp/>the<sp/>Free<sp/>Software</highlight></codeline>
<codeline lineno="17"><highlight class="comment">Foundation,<sp/>Inc.,<sp/>51<sp/>Franklin<sp/>Street,<sp/>Fifth<sp/>Floor,<sp/>Boston,<sp/>MA<sp/><sp/>02110-1301,<sp/>USA.</highlight></codeline>
<codeline lineno="18"><highlight class="comment">*/</highlight><highlight class="normal"></highlight></codeline>
<codeline lineno="19"><highlight class="normal"></highlight></codeline>
<codeline lineno="20"><highlight class="normal"></highlight><highlight class="preprocessor">#ifndef<sp/>LINPHONE_HEADERS_H_</highlight><highlight class="normal"></highlight></codeline>
<codeline lineno="21"><highlight class="normal"></highlight><highlight class="preprocessor">#define<sp/>LINPHONE_HEADERS_H_</highlight><highlight class="normal"></highlight></codeline>
<codeline lineno="22"><highlight class="normal"></highlight></codeline>
<codeline lineno="23"><highlight class="normal"></highlight></codeline>
<codeline lineno="24"><highlight class="normal"></highlight><highlight class="preprocessor">#include<sp/>&quot;linphone/types.h&quot;</highlight><highlight class="normal"></highlight></codeline>
<codeline lineno="25"><highlight class="normal"></highlight></codeline>
<codeline lineno="26"><highlight class="normal"></highlight></codeline>
<codeline lineno="27"><highlight class="normal"></highlight><highlight class="preprocessor">#ifdef<sp/>__cplusplus</highlight><highlight class="normal"></highlight></codeline>
<codeline lineno="28"><highlight class="normal"></highlight><highlight class="keyword">extern</highlight><highlight class="normal"><sp/></highlight><highlight class="stringliteral">&quot;C&quot;</highlight><highlight class="normal"><sp/>{</highlight></codeline>
<codeline lineno="29"><highlight class="normal"></highlight><highlight class="preprocessor">#endif</highlight><highlight class="normal"></highlight></codeline>
<codeline lineno="30"><highlight class="normal"></highlight></codeline>
<codeline lineno="31"><highlight class="normal"></highlight></codeline>
<codeline lineno="40"><highlight class="normal">LINPHONE_PUBLIC<sp/><ref refid="group__misc_1ga52469d4a84233345d8dfa8c300aa98f9" kindref="member">LinphoneHeaders</ref><sp/>*<sp/><ref refid="group__misc_1gac68da6e7c5b49bc35c3433258300f99a" kindref="member">linphone_headers_ref</ref>(<ref refid="group__misc_1ga52469d4a84233345d8dfa8c300aa98f9" kindref="member">LinphoneHeaders</ref><sp/>*obj);</highlight></codeline>
<codeline lineno="41"><highlight class="normal"></highlight></codeline>
<codeline lineno="45"><highlight class="normal">LINPHONE_PUBLIC<sp/></highlight><highlight class="keywordtype">void</highlight><highlight class="normal"><sp/><ref refid="group__misc_1ga9bb1e111718a05edfed73de9bab15679" kindref="member">linphone_headers_unref</ref>(<ref refid="group__misc_1ga52469d4a84233345d8dfa8c300aa98f9" kindref="member">LinphoneHeaders</ref><sp/>*obj);</highlight></codeline>
<codeline lineno="46"><highlight class="normal"></highlight></codeline>
<codeline lineno="54"><highlight class="normal">LINPHONE_PUBLIC<sp/></highlight><highlight class="keyword">const</highlight><highlight class="normal"><sp/></highlight><highlight class="keywordtype">char</highlight><highlight class="normal">*<sp/><ref refid="group__misc_1gabd37eff203501ccc2f50b63a50630d5f" kindref="member">linphone_headers_get_value</ref>(<ref refid="group__misc_1ga52469d4a84233345d8dfa8c300aa98f9" kindref="member">LinphoneHeaders</ref><sp/>*obj,<sp/></highlight><highlight class="keyword">const</highlight><highlight class="normal"><sp/></highlight><highlight class="keywordtype">char</highlight><highlight class="normal"><sp/>*header_name);</highlight></codeline>
<codeline lineno="55"><highlight class="normal"></highlight></codeline>
<codeline lineno="62"><highlight class="normal">LINPHONE_PUBLIC<sp/></highlight><highlight class="keywordtype">void</highlight><highlight class="normal"><sp/><ref refid="group__misc_1ga3d854dd5d49a87710a0ceac8d8b12090" kindref="member">linphone_headers_add</ref>(<ref refid="group__misc_1ga52469d4a84233345d8dfa8c300aa98f9" kindref="member">LinphoneHeaders</ref><sp/>*obj,<sp/></highlight><highlight class="keyword">const</highlight><highlight class="normal"><sp/></highlight><highlight class="keywordtype">char</highlight><highlight class="normal"><sp/>*name,<sp/></highlight><highlight class="keyword">const</highlight><highlight class="normal"><sp/></highlight><highlight class="keywordtype">char</highlight><highlight class="normal"><sp/>*value);</highlight></codeline>
<codeline lineno="63"><highlight class="normal"></highlight></codeline>
<codeline lineno="70"><highlight class="normal">LINPHONE_PUBLIC<sp/></highlight><highlight class="keywordtype">void</highlight><highlight class="normal"><sp/><ref refid="group__misc_1gae5d55df0c1bef11e10ccc6af0ff80ddf" kindref="member">linphone_headers_remove</ref>(<ref refid="group__misc_1ga52469d4a84233345d8dfa8c300aa98f9" kindref="member">LinphoneHeaders</ref><sp/>*obj,<sp/></highlight><highlight class="keyword">const</highlight><highlight class="normal"><sp/></highlight><highlight class="keywordtype">char</highlight><highlight class="normal"><sp/>*name);</highlight></codeline>
<codeline lineno="71"><highlight class="normal"></highlight></codeline>
<codeline lineno="72"><highlight class="normal"></highlight></codeline>
<codeline lineno="77"><highlight class="preprocessor">#ifdef<sp/>__cplusplus</highlight><highlight class="normal"></highlight></codeline>
<codeline lineno="78"><highlight class="normal">}</highlight></codeline>
<codeline lineno="79"><highlight class="normal"></highlight><highlight class="preprocessor">#endif</highlight><highlight class="normal"></highlight></codeline>
<codeline lineno="80"><highlight class="normal"></highlight></codeline>
<codeline lineno="81"><highlight class="normal"></highlight><highlight class="preprocessor">#endif</highlight></codeline>
    </programlisting>
    <location file="/Users/S0U1SB4N3/test006/linphone-desktop/submodules/linphone/include/linphone/headers.h"/>
  </compounddef>
</doxygen>
