<?xml version='1.0' encoding='UTF-8' standalone='no'?>
<doxygen xmlns:xsi="http://www.w3.org/2001/XMLSchema-instance" xsi:noNamespaceSchemaLocation="compound.xsd" version="1.8.13">
  <compounddef id="im__notif__policy_8h" kind="file" language="C++">
    <compoundname>im_notif_policy.h</compoundname>
    <includes refid="types_8h" local="yes">linphone/types.h</includes>
    <includedby refid="core_8h" local="yes">core.h</includedby>
      <sectiondef kind="func">
      <memberdef kind="function" id="group__chatroom_1ga50283242e53b172825f825587a113c7c" prot="public" static="no" const="no" explicit="no" inline="no" virt="non-virtual">
        <type><ref refid="group__chatroom_1gac763666cbb8dc52b69e8b419126bcc05" kindref="member">LinphoneImNotifPolicy</ref> *</type>
        <definition>LinphoneImNotifPolicy* linphone_im_notif_policy_ref</definition>
        <argsstring>(LinphoneImNotifPolicy *policy)</argsstring>
        <name>linphone_im_notif_policy_ref</name>
        <param>
          <type><ref refid="group__chatroom_1gac763666cbb8dc52b69e8b419126bcc05" kindref="member">LinphoneImNotifPolicy</ref> *</type>
          <declname>policy</declname>
        </param>
        <briefdescription>
<para>Acquire a reference to the LinphoneImNotifPolicy object. </para>        </briefdescription>
        <detaileddescription>
<para><parameterlist kind="param"><parameteritem>
<parameternamelist>
<parametername direction="in">policy</parametername>
</parameternamelist>
<parameterdescription>
<para>LinphoneImNotifPolicy object. </para></parameterdescription>
</parameteritem>
</parameterlist>
<simplesect kind="return"><para>The same LinphoneImNotifPolicy object. </para></simplesect>
</para>        </detaileddescription>
        <inbodydescription>
        </inbodydescription>
        <location file="/Users/S0U1SB4N3/test006/linphone-desktop/submodules/linphone/include/linphone/im_notif_policy.h" line="42" column="1"/>
      </memberdef>
      <memberdef kind="function" id="group__chatroom_1gaf279b35f076d23655f3bac33f1184462" prot="public" static="no" const="no" explicit="no" inline="no" virt="non-virtual">
        <type>void</type>
        <definition>void linphone_im_notif_policy_unref</definition>
        <argsstring>(LinphoneImNotifPolicy *policy)</argsstring>
        <name>linphone_im_notif_policy_unref</name>
        <param>
          <type><ref refid="group__chatroom_1gac763666cbb8dc52b69e8b419126bcc05" kindref="member">LinphoneImNotifPolicy</ref> *</type>
          <declname>policy</declname>
        </param>
        <briefdescription>
<para>Release reference to the LinphoneImNotifPolicy object. </para>        </briefdescription>
        <detaileddescription>
<para><parameterlist kind="param"><parameteritem>
<parameternamelist>
<parametername direction="in">policy</parametername>
</parameternamelist>
<parameterdescription>
<para>LinphoneImNotifPolicy object. </para></parameterdescription>
</parameteritem>
</parameterlist>
</para>        </detaileddescription>
        <inbodydescription>
        </inbodydescription>
        <location file="/Users/S0U1SB4N3/test006/linphone-desktop/submodules/linphone/include/linphone/im_notif_policy.h" line="48" column="1"/>
      </memberdef>
      <memberdef kind="function" id="group__chatroom_1ga1cb6e850b0c49221d9f4aaa184224e93" prot="public" static="no" const="no" explicit="no" inline="no" virt="non-virtual">
        <type>void *</type>
        <definition>void* linphone_im_notif_policy_get_user_data</definition>
        <argsstring>(const LinphoneImNotifPolicy *policy)</argsstring>
        <name>linphone_im_notif_policy_get_user_data</name>
        <param>
          <type>const <ref refid="group__chatroom_1gac763666cbb8dc52b69e8b419126bcc05" kindref="member">LinphoneImNotifPolicy</ref> *</type>
          <declname>policy</declname>
        </param>
        <briefdescription>
<para>Retrieve the user pointer associated with the LinphoneImNotifPolicy object. </para>        </briefdescription>
        <detaileddescription>
<para><parameterlist kind="param"><parameteritem>
<parameternamelist>
<parametername direction="in">policy</parametername>
</parameternamelist>
<parameterdescription>
<para>LinphoneImNotifPolicy object. </para></parameterdescription>
</parameteritem>
</parameterlist>
<simplesect kind="return"><para>The user pointer associated with the LinphoneImNotifPolicy object. </para></simplesect>
</para>        </detaileddescription>
        <inbodydescription>
        </inbodydescription>
        <location file="/Users/S0U1SB4N3/test006/linphone-desktop/submodules/linphone/include/linphone/im_notif_policy.h" line="55" column="1"/>
      </memberdef>
      <memberdef kind="function" id="group__chatroom_1gae2bee0401ad322972311529e11f7ee1b" prot="public" static="no" const="no" explicit="no" inline="no" virt="non-virtual">
        <type>void</type>
        <definition>void linphone_im_notif_policy_set_user_data</definition>
        <argsstring>(LinphoneImNotifPolicy *policy, void *ud)</argsstring>
        <name>linphone_im_notif_policy_set_user_data</name>
        <param>
          <type><ref refid="group__chatroom_1gac763666cbb8dc52b69e8b419126bcc05" kindref="member">LinphoneImNotifPolicy</ref> *</type>
          <declname>policy</declname>
        </param>
        <param>
          <type>void *</type>
          <declname>ud</declname>
        </param>
        <briefdescription>
<para>Assign a user pointer to the LinphoneImNotifPolicy object. </para>        </briefdescription>
        <detaileddescription>
<para><parameterlist kind="param"><parameteritem>
<parameternamelist>
<parametername direction="in">policy</parametername>
</parameternamelist>
<parameterdescription>
<para>LinphoneImNotifPolicy object. </para></parameterdescription>
</parameteritem>
<parameteritem>
<parameternamelist>
<parametername direction="in">ud</parametername>
</parameternamelist>
<parameterdescription>
<para>The user pointer to associate with the LinphoneImNotifPolicy object. </para></parameterdescription>
</parameteritem>
</parameterlist>
</para>        </detaileddescription>
        <inbodydescription>
        </inbodydescription>
        <location file="/Users/S0U1SB4N3/test006/linphone-desktop/submodules/linphone/include/linphone/im_notif_policy.h" line="62" column="1"/>
      </memberdef>
      <memberdef kind="function" id="group__chatroom_1ga9e591a2d85402f2935432441df9d44f4" prot="public" static="no" const="no" explicit="no" inline="no" virt="non-virtual">
        <type>void</type>
        <definition>void linphone_im_notif_policy_clear</definition>
        <argsstring>(LinphoneImNotifPolicy *policy)</argsstring>
        <name>linphone_im_notif_policy_clear</name>
        <param>
          <type><ref refid="group__chatroom_1gac763666cbb8dc52b69e8b419126bcc05" kindref="member">LinphoneImNotifPolicy</ref> *</type>
          <declname>policy</declname>
        </param>
        <briefdescription>
<para>Clear an IM notif policy (deactivate all receiving and sending of notifications). </para>        </briefdescription>
        <detaileddescription>
<para><parameterlist kind="param"><parameteritem>
<parameternamelist>
<parametername direction="in">policy</parametername>
</parameternamelist>
<parameterdescription>
<para>LinphoneImNotifPolicy object. </para></parameterdescription>
</parameteritem>
</parameterlist>
</para>        </detaileddescription>
        <inbodydescription>
        </inbodydescription>
        <location file="/Users/S0U1SB4N3/test006/linphone-desktop/submodules/linphone/include/linphone/im_notif_policy.h" line="68" column="1"/>
      </memberdef>
      <memberdef kind="function" id="group__chatroom_1ga689a735c927db7958fe47be2ff03b63f" prot="public" static="no" const="no" explicit="no" inline="no" virt="non-virtual">
        <type>void</type>
        <definition>void linphone_im_notif_policy_enable_all</definition>
        <argsstring>(LinphoneImNotifPolicy *policy)</argsstring>
        <name>linphone_im_notif_policy_enable_all</name>
        <param>
          <type><ref refid="group__chatroom_1gac763666cbb8dc52b69e8b419126bcc05" kindref="member">LinphoneImNotifPolicy</ref> *</type>
          <declname>policy</declname>
        </param>
        <briefdescription>
<para>Enable all receiving and sending of notifications. </para>        </briefdescription>
        <detaileddescription>
<para><parameterlist kind="param"><parameteritem>
<parameternamelist>
<parametername direction="in">policy</parametername>
</parameternamelist>
<parameterdescription>
<para>LinphoneImNotifPolicy object. </para></parameterdescription>
</parameteritem>
</parameterlist>
</para>        </detaileddescription>
        <inbodydescription>
        </inbodydescription>
        <location file="/Users/S0U1SB4N3/test006/linphone-desktop/submodules/linphone/include/linphone/im_notif_policy.h" line="74" column="1"/>
      </memberdef>
      <memberdef kind="function" id="group__chatroom_1ga3a57873f1625c160f0d73f1f68a99726" prot="public" static="no" const="no" explicit="no" inline="no" virt="non-virtual">
        <type>bool_t</type>
        <definition>bool_t linphone_im_notif_policy_get_send_is_composing</definition>
        <argsstring>(const LinphoneImNotifPolicy *policy)</argsstring>
        <name>linphone_im_notif_policy_get_send_is_composing</name>
        <param>
          <type>const <ref refid="group__chatroom_1gac763666cbb8dc52b69e8b419126bcc05" kindref="member">LinphoneImNotifPolicy</ref> *</type>
          <declname>policy</declname>
        </param>
        <briefdescription>
<para>Tell whether is_composing notifications are being sent. </para>        </briefdescription>
        <detaileddescription>
<para><parameterlist kind="param"><parameteritem>
<parameternamelist>
<parametername direction="in">policy</parametername>
</parameternamelist>
<parameterdescription>
<para>LinphoneImNotifPolicy object </para></parameterdescription>
</parameteritem>
</parameterlist>
<simplesect kind="return"><para>Boolean value telling whether is_composing notifications are being sent. </para></simplesect>
</para>        </detaileddescription>
        <inbodydescription>
        </inbodydescription>
        <location file="/Users/S0U1SB4N3/test006/linphone-desktop/submodules/linphone/include/linphone/im_notif_policy.h" line="81" column="1"/>
      </memberdef>
      <memberdef kind="function" id="group__chatroom_1ga3320cf16adce297215150be606eb8efa" prot="public" static="no" const="no" explicit="no" inline="no" virt="non-virtual">
        <type>void</type>
        <definition>void linphone_im_notif_policy_set_send_is_composing</definition>
        <argsstring>(LinphoneImNotifPolicy *policy, bool_t enable)</argsstring>
        <name>linphone_im_notif_policy_set_send_is_composing</name>
        <param>
          <type><ref refid="group__chatroom_1gac763666cbb8dc52b69e8b419126bcc05" kindref="member">LinphoneImNotifPolicy</ref> *</type>
          <declname>policy</declname>
        </param>
        <param>
          <type>bool_t</type>
          <declname>enable</declname>
        </param>
        <briefdescription>
<para>Enable is_composing notifications sending. </para>        </briefdescription>
        <detaileddescription>
<para><parameterlist kind="param"><parameteritem>
<parameternamelist>
<parametername direction="in">policy</parametername>
</parameternamelist>
<parameterdescription>
<para>LinphoneImNotifPolicy object </para></parameterdescription>
</parameteritem>
<parameteritem>
<parameternamelist>
<parametername direction="in">enable</parametername>
</parameternamelist>
<parameterdescription>
<para>Boolean value telling whether to send is_composing notifications. </para></parameterdescription>
</parameteritem>
</parameterlist>
</para>        </detaileddescription>
        <inbodydescription>
        </inbodydescription>
        <location file="/Users/S0U1SB4N3/test006/linphone-desktop/submodules/linphone/include/linphone/im_notif_policy.h" line="88" column="1"/>
      </memberdef>
      <memberdef kind="function" id="group__chatroom_1ga7a4814040e76c7498fe3ce76624ddf21" prot="public" static="no" const="no" explicit="no" inline="no" virt="non-virtual">
        <type>bool_t</type>
        <definition>bool_t linphone_im_notif_policy_get_recv_is_composing</definition>
        <argsstring>(const LinphoneImNotifPolicy *policy)</argsstring>
        <name>linphone_im_notif_policy_get_recv_is_composing</name>
        <param>
          <type>const <ref refid="group__chatroom_1gac763666cbb8dc52b69e8b419126bcc05" kindref="member">LinphoneImNotifPolicy</ref> *</type>
          <declname>policy</declname>
        </param>
        <briefdescription>
<para>Tell whether is_composing notifications are being notified when received. </para>        </briefdescription>
        <detaileddescription>
<para><parameterlist kind="param"><parameteritem>
<parameternamelist>
<parametername direction="in">policy</parametername>
</parameternamelist>
<parameterdescription>
<para>LinphoneImNotifPolicy object </para></parameterdescription>
</parameteritem>
</parameterlist>
<simplesect kind="return"><para>Boolean value telling whether is_composing notifications are being notified when received. </para></simplesect>
</para>        </detaileddescription>
        <inbodydescription>
        </inbodydescription>
        <location file="/Users/S0U1SB4N3/test006/linphone-desktop/submodules/linphone/include/linphone/im_notif_policy.h" line="95" column="1"/>
      </memberdef>
      <memberdef kind="function" id="group__chatroom_1gaa7fe1131681d11bdcf8d6108a2b12ae3" prot="public" static="no" const="no" explicit="no" inline="no" virt="non-virtual">
        <type>void</type>
        <definition>void linphone_im_notif_policy_set_recv_is_composing</definition>
        <argsstring>(LinphoneImNotifPolicy *policy, bool_t enable)</argsstring>
        <name>linphone_im_notif_policy_set_recv_is_composing</name>
        <param>
          <type><ref refid="group__chatroom_1gac763666cbb8dc52b69e8b419126bcc05" kindref="member">LinphoneImNotifPolicy</ref> *</type>
          <declname>policy</declname>
        </param>
        <param>
          <type>bool_t</type>
          <declname>enable</declname>
        </param>
        <briefdescription>
<para>Enable is_composing notifications receiving. </para>        </briefdescription>
        <detaileddescription>
<para><parameterlist kind="param"><parameteritem>
<parameternamelist>
<parametername direction="in">policy</parametername>
</parameternamelist>
<parameterdescription>
<para>LinphoneImNotifPolicy object </para></parameterdescription>
</parameteritem>
<parameteritem>
<parameternamelist>
<parametername direction="in">enable</parametername>
</parameternamelist>
<parameterdescription>
<para>Boolean value telling whether to notify received is_composing notifications. </para></parameterdescription>
</parameteritem>
</parameterlist>
</para>        </detaileddescription>
        <inbodydescription>
        </inbodydescription>
        <location file="/Users/S0U1SB4N3/test006/linphone-desktop/submodules/linphone/include/linphone/im_notif_policy.h" line="102" column="1"/>
      </memberdef>
      <memberdef kind="function" id="group__chatroom_1ga9271f71f9414db170c44bce2bb84f42a" prot="public" static="no" const="no" explicit="no" inline="no" virt="non-virtual">
        <type>bool_t</type>
        <definition>bool_t linphone_im_notif_policy_get_send_imdn_delivered</definition>
        <argsstring>(const LinphoneImNotifPolicy *policy)</argsstring>
        <name>linphone_im_notif_policy_get_send_imdn_delivered</name>
        <param>
          <type>const <ref refid="group__chatroom_1gac763666cbb8dc52b69e8b419126bcc05" kindref="member">LinphoneImNotifPolicy</ref> *</type>
          <declname>policy</declname>
        </param>
        <briefdescription>
<para>Tell whether imdn delivered notifications are being sent. </para>        </briefdescription>
        <detaileddescription>
<para><parameterlist kind="param"><parameteritem>
<parameternamelist>
<parametername direction="in">policy</parametername>
</parameternamelist>
<parameterdescription>
<para>LinphoneImNotifPolicy object </para></parameterdescription>
</parameteritem>
</parameterlist>
<simplesect kind="return"><para>Boolean value telling whether imdn delivered notifications are being sent. </para></simplesect>
</para>        </detaileddescription>
        <inbodydescription>
        </inbodydescription>
        <location file="/Users/S0U1SB4N3/test006/linphone-desktop/submodules/linphone/include/linphone/im_notif_policy.h" line="109" column="1"/>
      </memberdef>
      <memberdef kind="function" id="group__chatroom_1gaacddcb11b0cf8647964d49f3c47fd237" prot="public" static="no" const="no" explicit="no" inline="no" virt="non-virtual">
        <type>void</type>
        <definition>void linphone_im_notif_policy_set_send_imdn_delivered</definition>
        <argsstring>(LinphoneImNotifPolicy *policy, bool_t enable)</argsstring>
        <name>linphone_im_notif_policy_set_send_imdn_delivered</name>
        <param>
          <type><ref refid="group__chatroom_1gac763666cbb8dc52b69e8b419126bcc05" kindref="member">LinphoneImNotifPolicy</ref> *</type>
          <declname>policy</declname>
        </param>
        <param>
          <type>bool_t</type>
          <declname>enable</declname>
        </param>
        <briefdescription>
<para>Enable imdn delivered notifications sending. </para>        </briefdescription>
        <detaileddescription>
<para><parameterlist kind="param"><parameteritem>
<parameternamelist>
<parametername direction="in">policy</parametername>
</parameternamelist>
<parameterdescription>
<para>LinphoneImNotifPolicy object </para></parameterdescription>
</parameteritem>
<parameteritem>
<parameternamelist>
<parametername direction="in">enable</parametername>
</parameternamelist>
<parameterdescription>
<para>Boolean value telling whether to send imdn delivered notifications. </para></parameterdescription>
</parameteritem>
</parameterlist>
</para>        </detaileddescription>
        <inbodydescription>
        </inbodydescription>
        <location file="/Users/S0U1SB4N3/test006/linphone-desktop/submodules/linphone/include/linphone/im_notif_policy.h" line="116" column="1"/>
      </memberdef>
      <memberdef kind="function" id="group__chatroom_1gaafe931982977e1f923a1d469a0a4a611" prot="public" static="no" const="no" explicit="no" inline="no" virt="non-virtual">
        <type>bool_t</type>
        <definition>bool_t linphone_im_notif_policy_get_recv_imdn_delivered</definition>
        <argsstring>(const LinphoneImNotifPolicy *policy)</argsstring>
        <name>linphone_im_notif_policy_get_recv_imdn_delivered</name>
        <param>
          <type>const <ref refid="group__chatroom_1gac763666cbb8dc52b69e8b419126bcc05" kindref="member">LinphoneImNotifPolicy</ref> *</type>
          <declname>policy</declname>
        </param>
        <briefdescription>
<para>Tell whether imdn delivered notifications are being notified when received. </para>        </briefdescription>
        <detaileddescription>
<para><parameterlist kind="param"><parameteritem>
<parameternamelist>
<parametername direction="in">policy</parametername>
</parameternamelist>
<parameterdescription>
<para>LinphoneImNotifPolicy object </para></parameterdescription>
</parameteritem>
</parameterlist>
<simplesect kind="return"><para>Boolean value telling whether imdn delivered notifications are being notified when received. </para></simplesect>
</para>        </detaileddescription>
        <inbodydescription>
        </inbodydescription>
        <location file="/Users/S0U1SB4N3/test006/linphone-desktop/submodules/linphone/include/linphone/im_notif_policy.h" line="123" column="1"/>
      </memberdef>
      <memberdef kind="function" id="group__chatroom_1gae451603c4e7f9ce700cc2bf89b5250d6" prot="public" static="no" const="no" explicit="no" inline="no" virt="non-virtual">
        <type>void</type>
        <definition>void linphone_im_notif_policy_set_recv_imdn_delivered</definition>
        <argsstring>(LinphoneImNotifPolicy *policy, bool_t enable)</argsstring>
        <name>linphone_im_notif_policy_set_recv_imdn_delivered</name>
        <param>
          <type><ref refid="group__chatroom_1gac763666cbb8dc52b69e8b419126bcc05" kindref="member">LinphoneImNotifPolicy</ref> *</type>
          <declname>policy</declname>
        </param>
        <param>
          <type>bool_t</type>
          <declname>enable</declname>
        </param>
        <briefdescription>
<para>Enable imdn delivered notifications receiving. </para>        </briefdescription>
        <detaileddescription>
<para><parameterlist kind="param"><parameteritem>
<parameternamelist>
<parametername direction="in">policy</parametername>
</parameternamelist>
<parameterdescription>
<para>LinphoneImNotifPolicy object </para></parameterdescription>
</parameteritem>
<parameteritem>
<parameternamelist>
<parametername direction="in">enable</parametername>
</parameternamelist>
<parameterdescription>
<para>Boolean value telling whether to notify received imdn delivered notifications. </para></parameterdescription>
</parameteritem>
</parameterlist>
</para>        </detaileddescription>
        <inbodydescription>
        </inbodydescription>
        <location file="/Users/S0U1SB4N3/test006/linphone-desktop/submodules/linphone/include/linphone/im_notif_policy.h" line="130" column="1"/>
      </memberdef>
      <memberdef kind="function" id="group__chatroom_1ga545e91c074d7b91f7ec71ff1c6e32cbd" prot="public" static="no" const="no" explicit="no" inline="no" virt="non-virtual">
        <type>bool_t</type>
        <definition>bool_t linphone_im_notif_policy_get_send_imdn_displayed</definition>
        <argsstring>(const LinphoneImNotifPolicy *policy)</argsstring>
        <name>linphone_im_notif_policy_get_send_imdn_displayed</name>
        <param>
          <type>const <ref refid="group__chatroom_1gac763666cbb8dc52b69e8b419126bcc05" kindref="member">LinphoneImNotifPolicy</ref> *</type>
          <declname>policy</declname>
        </param>
        <briefdescription>
<para>Tell whether imdn displayed notifications are being sent. </para>        </briefdescription>
        <detaileddescription>
<para><parameterlist kind="param"><parameteritem>
<parameternamelist>
<parametername direction="in">policy</parametername>
</parameternamelist>
<parameterdescription>
<para>LinphoneImNotifPolicy object </para></parameterdescription>
</parameteritem>
</parameterlist>
<simplesect kind="return"><para>Boolean value telling whether imdn displayed notifications are being sent. </para></simplesect>
</para>        </detaileddescription>
        <inbodydescription>
        </inbodydescription>
        <location file="/Users/S0U1SB4N3/test006/linphone-desktop/submodules/linphone/include/linphone/im_notif_policy.h" line="137" column="1"/>
      </memberdef>
      <memberdef kind="function" id="group__chatroom_1gaeb58f04502c608d115eb14611c7f05c4" prot="public" static="no" const="no" explicit="no" inline="no" virt="non-virtual">
        <type>void</type>
        <definition>void linphone_im_notif_policy_set_send_imdn_displayed</definition>
        <argsstring>(LinphoneImNotifPolicy *policy, bool_t enable)</argsstring>
        <name>linphone_im_notif_policy_set_send_imdn_displayed</name>
        <param>
          <type><ref refid="group__chatroom_1gac763666cbb8dc52b69e8b419126bcc05" kindref="member">LinphoneImNotifPolicy</ref> *</type>
          <declname>policy</declname>
        </param>
        <param>
          <type>bool_t</type>
          <declname>enable</declname>
        </param>
        <briefdescription>
<para>Enable imdn displayed notifications sending. </para>        </briefdescription>
        <detaileddescription>
<para><parameterlist kind="param"><parameteritem>
<parameternamelist>
<parametername direction="in">policy</parametername>
</parameternamelist>
<parameterdescription>
<para>LinphoneImNotifPolicy object </para></parameterdescription>
</parameteritem>
<parameteritem>
<parameternamelist>
<parametername direction="in">enable</parametername>
</parameternamelist>
<parameterdescription>
<para>Boolean value telling whether to send imdn displayed notifications. </para></parameterdescription>
</parameteritem>
</parameterlist>
</para>        </detaileddescription>
        <inbodydescription>
        </inbodydescription>
        <location file="/Users/S0U1SB4N3/test006/linphone-desktop/submodules/linphone/include/linphone/im_notif_policy.h" line="144" column="1"/>
      </memberdef>
      <memberdef kind="function" id="group__chatroom_1gaf8a9ffe6ba2cba322a21585831465f1f" prot="public" static="no" const="no" explicit="no" inline="no" virt="non-virtual">
        <type>bool_t</type>
        <definition>bool_t linphone_im_notif_policy_get_recv_imdn_displayed</definition>
        <argsstring>(const LinphoneImNotifPolicy *policy)</argsstring>
        <name>linphone_im_notif_policy_get_recv_imdn_displayed</name>
        <param>
          <type>const <ref refid="group__chatroom_1gac763666cbb8dc52b69e8b419126bcc05" kindref="member">LinphoneImNotifPolicy</ref> *</type>
          <declname>policy</declname>
        </param>
        <briefdescription>
<para>Tell whether imdn displayed notifications are being notified when received. </para>        </briefdescription>
        <detaileddescription>
<para><parameterlist kind="param"><parameteritem>
<parameternamelist>
<parametername direction="in">policy</parametername>
</parameternamelist>
<parameterdescription>
<para>LinphoneImNotifPolicy object </para></parameterdescription>
</parameteritem>
</parameterlist>
<simplesect kind="return"><para>Boolean value telling whether imdn displayed notifications are being notified when received. </para></simplesect>
</para>        </detaileddescription>
        <inbodydescription>
        </inbodydescription>
        <location file="/Users/S0U1SB4N3/test006/linphone-desktop/submodules/linphone/include/linphone/im_notif_policy.h" line="151" column="1"/>
      </memberdef>
      <memberdef kind="function" id="group__chatroom_1ga2f89f10475d94d9d3e9c028a89799838" prot="public" static="no" const="no" explicit="no" inline="no" virt="non-virtual">
        <type>void</type>
        <definition>void linphone_im_notif_policy_set_recv_imdn_displayed</definition>
        <argsstring>(LinphoneImNotifPolicy *policy, bool_t enable)</argsstring>
        <name>linphone_im_notif_policy_set_recv_imdn_displayed</name>
        <param>
          <type><ref refid="group__chatroom_1gac763666cbb8dc52b69e8b419126bcc05" kindref="member">LinphoneImNotifPolicy</ref> *</type>
          <declname>policy</declname>
        </param>
        <param>
          <type>bool_t</type>
          <declname>enable</declname>
        </param>
        <briefdescription>
<para>Enable imdn displayed notifications receiving. </para>        </briefdescription>
        <detaileddescription>
<para><parameterlist kind="param"><parameteritem>
<parameternamelist>
<parametername direction="in">policy</parametername>
</parameternamelist>
<parameterdescription>
<para>LinphoneImNotifPolicy object </para></parameterdescription>
</parameteritem>
<parameteritem>
<parameternamelist>
<parametername direction="in">enable</parametername>
</parameternamelist>
<parameterdescription>
<para>Boolean value telling whether to notify received imdn displayed notifications. </para></parameterdescription>
</parameteritem>
</parameterlist>
</para>        </detaileddescription>
        <inbodydescription>
        </inbodydescription>
        <location file="/Users/S0U1SB4N3/test006/linphone-desktop/submodules/linphone/include/linphone/im_notif_policy.h" line="158" column="1"/>
      </memberdef>
      </sectiondef>
    <briefdescription>
    </briefdescription>
    <detaileddescription>
    </detaileddescription>
    <programlisting>
<codeline lineno="1"><highlight class="comment">/*</highlight></codeline>
<codeline lineno="2"><highlight class="comment">im_notif_policy.h</highlight></codeline>
<codeline lineno="3"><highlight class="comment">Copyright<sp/>(C)<sp/>2010-2016<sp/>Belledonne<sp/>Communications<sp/>SARL</highlight></codeline>
<codeline lineno="4"><highlight class="comment"></highlight></codeline>
<codeline lineno="5"><highlight class="comment">This<sp/>program<sp/>is<sp/>free<sp/>software;<sp/>you<sp/>can<sp/>redistribute<sp/>it<sp/>and/or</highlight></codeline>
<codeline lineno="6"><highlight class="comment">modify<sp/>it<sp/>under<sp/>the<sp/>terms<sp/>of<sp/>the<sp/>GNU<sp/>General<sp/>Public<sp/>License</highlight></codeline>
<codeline lineno="7"><highlight class="comment">as<sp/>published<sp/>by<sp/>the<sp/>Free<sp/>Software<sp/>Foundation;<sp/>either<sp/>version<sp/>2</highlight></codeline>
<codeline lineno="8"><highlight class="comment">of<sp/>the<sp/>License,<sp/>or<sp/>(at<sp/>your<sp/>option)<sp/>any<sp/>later<sp/>version.</highlight></codeline>
<codeline lineno="9"><highlight class="comment"></highlight></codeline>
<codeline lineno="10"><highlight class="comment">This<sp/>program<sp/>is<sp/>distributed<sp/>in<sp/>the<sp/>hope<sp/>that<sp/>it<sp/>will<sp/>be<sp/>useful,</highlight></codeline>
<codeline lineno="11"><highlight class="comment">but<sp/>WITHOUT<sp/>ANY<sp/>WARRANTY;<sp/>without<sp/>even<sp/>the<sp/>implied<sp/>warranty<sp/>of</highlight></codeline>
<codeline lineno="12"><highlight class="comment">MERCHANTABILITY<sp/>or<sp/>FITNESS<sp/>FOR<sp/>A<sp/>PARTICULAR<sp/>PURPOSE.<sp/><sp/>See<sp/>the</highlight></codeline>
<codeline lineno="13"><highlight class="comment">GNU<sp/>General<sp/>Public<sp/>License<sp/>for<sp/>more<sp/>details.</highlight></codeline>
<codeline lineno="14"><highlight class="comment"></highlight></codeline>
<codeline lineno="15"><highlight class="comment">You<sp/>should<sp/>have<sp/>received<sp/>a<sp/>copy<sp/>of<sp/>the<sp/>GNU<sp/>General<sp/>Public<sp/>License</highlight></codeline>
<codeline lineno="16"><highlight class="comment">along<sp/>with<sp/>this<sp/>program;<sp/>if<sp/>not,<sp/>write<sp/>to<sp/>the<sp/>Free<sp/>Software</highlight></codeline>
<codeline lineno="17"><highlight class="comment">Foundation,<sp/>Inc.,<sp/>51<sp/>Franklin<sp/>Street,<sp/>Fifth<sp/>Floor,<sp/>Boston,<sp/>MA<sp/><sp/>02110-1301,<sp/>USA.</highlight></codeline>
<codeline lineno="18"><highlight class="comment">*/</highlight><highlight class="normal"></highlight></codeline>
<codeline lineno="19"><highlight class="normal"></highlight></codeline>
<codeline lineno="20"><highlight class="normal"></highlight><highlight class="preprocessor">#ifndef<sp/>LINPHONE_IM_NOTIF_POLICY_H_</highlight><highlight class="normal"></highlight></codeline>
<codeline lineno="21"><highlight class="normal"></highlight><highlight class="preprocessor">#define<sp/>LINPHONE_IM_NOTIF_POLICY_H_</highlight><highlight class="normal"></highlight></codeline>
<codeline lineno="22"><highlight class="normal"></highlight></codeline>
<codeline lineno="23"><highlight class="normal"></highlight></codeline>
<codeline lineno="24"><highlight class="normal"></highlight><highlight class="preprocessor">#include<sp/>&quot;linphone/types.h&quot;</highlight><highlight class="normal"></highlight></codeline>
<codeline lineno="25"><highlight class="normal"></highlight></codeline>
<codeline lineno="26"><highlight class="normal"></highlight></codeline>
<codeline lineno="27"><highlight class="normal"></highlight><highlight class="preprocessor">#ifdef<sp/>__cplusplus</highlight><highlight class="normal"></highlight></codeline>
<codeline lineno="28"><highlight class="normal"></highlight><highlight class="keyword">extern</highlight><highlight class="normal"><sp/></highlight><highlight class="stringliteral">&quot;C&quot;</highlight><highlight class="normal"><sp/>{</highlight></codeline>
<codeline lineno="29"><highlight class="normal"></highlight><highlight class="preprocessor">#endif</highlight><highlight class="normal"></highlight></codeline>
<codeline lineno="30"><highlight class="normal"></highlight></codeline>
<codeline lineno="31"><highlight class="normal"></highlight></codeline>
<codeline lineno="42"><highlight class="normal">LINPHONE_PUBLIC<sp/><ref refid="group__chatroom_1gac763666cbb8dc52b69e8b419126bcc05" kindref="member">LinphoneImNotifPolicy</ref><sp/>*<sp/><ref refid="group__chatroom_1ga50283242e53b172825f825587a113c7c" kindref="member">linphone_im_notif_policy_ref</ref>(<ref refid="group__chatroom_1gac763666cbb8dc52b69e8b419126bcc05" kindref="member">LinphoneImNotifPolicy</ref><sp/>*policy);</highlight></codeline>
<codeline lineno="43"><highlight class="normal"></highlight></codeline>
<codeline lineno="48"><highlight class="normal">LINPHONE_PUBLIC<sp/></highlight><highlight class="keywordtype">void</highlight><highlight class="normal"><sp/><ref refid="group__chatroom_1gaf279b35f076d23655f3bac33f1184462" kindref="member">linphone_im_notif_policy_unref</ref>(<ref refid="group__chatroom_1gac763666cbb8dc52b69e8b419126bcc05" kindref="member">LinphoneImNotifPolicy</ref><sp/>*policy);</highlight></codeline>
<codeline lineno="49"><highlight class="normal"></highlight></codeline>
<codeline lineno="55"><highlight class="normal">LINPHONE_PUBLIC<sp/></highlight><highlight class="keywordtype">void</highlight><highlight class="normal"><sp/>*<ref refid="group__chatroom_1ga1cb6e850b0c49221d9f4aaa184224e93" kindref="member">linphone_im_notif_policy_get_user_data</ref>(</highlight><highlight class="keyword">const</highlight><highlight class="normal"><sp/><ref refid="group__chatroom_1gac763666cbb8dc52b69e8b419126bcc05" kindref="member">LinphoneImNotifPolicy</ref><sp/>*policy);</highlight></codeline>
<codeline lineno="56"><highlight class="normal"></highlight></codeline>
<codeline lineno="62"><highlight class="normal">LINPHONE_PUBLIC<sp/></highlight><highlight class="keywordtype">void</highlight><highlight class="normal"><sp/><ref refid="group__chatroom_1gae2bee0401ad322972311529e11f7ee1b" kindref="member">linphone_im_notif_policy_set_user_data</ref>(<ref refid="group__chatroom_1gac763666cbb8dc52b69e8b419126bcc05" kindref="member">LinphoneImNotifPolicy</ref><sp/>*policy,<sp/></highlight><highlight class="keywordtype">void</highlight><highlight class="normal"><sp/>*ud);</highlight></codeline>
<codeline lineno="63"><highlight class="normal"></highlight></codeline>
<codeline lineno="68"><highlight class="normal">LINPHONE_PUBLIC<sp/></highlight><highlight class="keywordtype">void</highlight><highlight class="normal"><sp/><ref refid="group__chatroom_1ga9e591a2d85402f2935432441df9d44f4" kindref="member">linphone_im_notif_policy_clear</ref>(<ref refid="group__chatroom_1gac763666cbb8dc52b69e8b419126bcc05" kindref="member">LinphoneImNotifPolicy</ref><sp/>*policy);</highlight></codeline>
<codeline lineno="69"><highlight class="normal"></highlight></codeline>
<codeline lineno="74"><highlight class="normal">LINPHONE_PUBLIC<sp/></highlight><highlight class="keywordtype">void</highlight><highlight class="normal"><sp/><ref refid="group__chatroom_1ga689a735c927db7958fe47be2ff03b63f" kindref="member">linphone_im_notif_policy_enable_all</ref>(<ref refid="group__chatroom_1gac763666cbb8dc52b69e8b419126bcc05" kindref="member">LinphoneImNotifPolicy</ref><sp/>*policy);</highlight></codeline>
<codeline lineno="75"><highlight class="normal"></highlight></codeline>
<codeline lineno="81"><highlight class="normal">LINPHONE_PUBLIC<sp/>bool_t<sp/><ref refid="group__chatroom_1ga3a57873f1625c160f0d73f1f68a99726" kindref="member">linphone_im_notif_policy_get_send_is_composing</ref>(</highlight><highlight class="keyword">const</highlight><highlight class="normal"><sp/><ref refid="group__chatroom_1gac763666cbb8dc52b69e8b419126bcc05" kindref="member">LinphoneImNotifPolicy</ref><sp/>*policy);</highlight></codeline>
<codeline lineno="82"><highlight class="normal"></highlight></codeline>
<codeline lineno="88"><highlight class="normal">LINPHONE_PUBLIC<sp/></highlight><highlight class="keywordtype">void</highlight><highlight class="normal"><sp/><ref refid="group__chatroom_1ga3320cf16adce297215150be606eb8efa" kindref="member">linphone_im_notif_policy_set_send_is_composing</ref>(<ref refid="group__chatroom_1gac763666cbb8dc52b69e8b419126bcc05" kindref="member">LinphoneImNotifPolicy</ref><sp/>*policy,<sp/>bool_t<sp/>enable);</highlight></codeline>
<codeline lineno="89"><highlight class="normal"></highlight></codeline>
<codeline lineno="95"><highlight class="normal">LINPHONE_PUBLIC<sp/>bool_t<sp/><ref refid="group__chatroom_1ga7a4814040e76c7498fe3ce76624ddf21" kindref="member">linphone_im_notif_policy_get_recv_is_composing</ref>(</highlight><highlight class="keyword">const</highlight><highlight class="normal"><sp/><ref refid="group__chatroom_1gac763666cbb8dc52b69e8b419126bcc05" kindref="member">LinphoneImNotifPolicy</ref><sp/>*policy);</highlight></codeline>
<codeline lineno="96"><highlight class="normal"></highlight></codeline>
<codeline lineno="102"><highlight class="normal">LINPHONE_PUBLIC<sp/></highlight><highlight class="keywordtype">void</highlight><highlight class="normal"><sp/><ref refid="group__chatroom_1gaa7fe1131681d11bdcf8d6108a2b12ae3" kindref="member">linphone_im_notif_policy_set_recv_is_composing</ref>(<ref refid="group__chatroom_1gac763666cbb8dc52b69e8b419126bcc05" kindref="member">LinphoneImNotifPolicy</ref><sp/>*policy,<sp/>bool_t<sp/>enable);</highlight></codeline>
<codeline lineno="103"><highlight class="normal"></highlight></codeline>
<codeline lineno="109"><highlight class="normal">LINPHONE_PUBLIC<sp/>bool_t<sp/><ref refid="group__chatroom_1ga9271f71f9414db170c44bce2bb84f42a" kindref="member">linphone_im_notif_policy_get_send_imdn_delivered</ref>(</highlight><highlight class="keyword">const</highlight><highlight class="normal"><sp/><ref refid="group__chatroom_1gac763666cbb8dc52b69e8b419126bcc05" kindref="member">LinphoneImNotifPolicy</ref><sp/>*policy);</highlight></codeline>
<codeline lineno="110"><highlight class="normal"></highlight></codeline>
<codeline lineno="116"><highlight class="normal">LINPHONE_PUBLIC<sp/></highlight><highlight class="keywordtype">void</highlight><highlight class="normal"><sp/><ref refid="group__chatroom_1gaacddcb11b0cf8647964d49f3c47fd237" kindref="member">linphone_im_notif_policy_set_send_imdn_delivered</ref>(<ref refid="group__chatroom_1gac763666cbb8dc52b69e8b419126bcc05" kindref="member">LinphoneImNotifPolicy</ref><sp/>*policy,<sp/>bool_t<sp/>enable);</highlight></codeline>
<codeline lineno="117"><highlight class="normal"></highlight></codeline>
<codeline lineno="123"><highlight class="normal">LINPHONE_PUBLIC<sp/>bool_t<sp/><ref refid="group__chatroom_1gaafe931982977e1f923a1d469a0a4a611" kindref="member">linphone_im_notif_policy_get_recv_imdn_delivered</ref>(</highlight><highlight class="keyword">const</highlight><highlight class="normal"><sp/><ref refid="group__chatroom_1gac763666cbb8dc52b69e8b419126bcc05" kindref="member">LinphoneImNotifPolicy</ref><sp/>*policy);</highlight></codeline>
<codeline lineno="124"><highlight class="normal"></highlight></codeline>
<codeline lineno="130"><highlight class="normal">LINPHONE_PUBLIC<sp/></highlight><highlight class="keywordtype">void</highlight><highlight class="normal"><sp/><ref refid="group__chatroom_1gae451603c4e7f9ce700cc2bf89b5250d6" kindref="member">linphone_im_notif_policy_set_recv_imdn_delivered</ref>(<ref refid="group__chatroom_1gac763666cbb8dc52b69e8b419126bcc05" kindref="member">LinphoneImNotifPolicy</ref><sp/>*policy,<sp/>bool_t<sp/>enable);</highlight></codeline>
<codeline lineno="131"><highlight class="normal"></highlight></codeline>
<codeline lineno="137"><highlight class="normal">LINPHONE_PUBLIC<sp/>bool_t<sp/><ref refid="group__chatroom_1ga545e91c074d7b91f7ec71ff1c6e32cbd" kindref="member">linphone_im_notif_policy_get_send_imdn_displayed</ref>(</highlight><highlight class="keyword">const</highlight><highlight class="normal"><sp/><ref refid="group__chatroom_1gac763666cbb8dc52b69e8b419126bcc05" kindref="member">LinphoneImNotifPolicy</ref><sp/>*policy);</highlight></codeline>
<codeline lineno="138"><highlight class="normal"></highlight></codeline>
<codeline lineno="144"><highlight class="normal">LINPHONE_PUBLIC<sp/></highlight><highlight class="keywordtype">void</highlight><highlight class="normal"><sp/><ref refid="group__chatroom_1gaeb58f04502c608d115eb14611c7f05c4" kindref="member">linphone_im_notif_policy_set_send_imdn_displayed</ref>(<ref refid="group__chatroom_1gac763666cbb8dc52b69e8b419126bcc05" kindref="member">LinphoneImNotifPolicy</ref><sp/>*policy,<sp/>bool_t<sp/>enable);</highlight></codeline>
<codeline lineno="145"><highlight class="normal"></highlight></codeline>
<codeline lineno="151"><highlight class="normal">LINPHONE_PUBLIC<sp/>bool_t<sp/><ref refid="group__chatroom_1gaf8a9ffe6ba2cba322a21585831465f1f" kindref="member">linphone_im_notif_policy_get_recv_imdn_displayed</ref>(</highlight><highlight class="keyword">const</highlight><highlight class="normal"><sp/><ref refid="group__chatroom_1gac763666cbb8dc52b69e8b419126bcc05" kindref="member">LinphoneImNotifPolicy</ref><sp/>*policy);</highlight></codeline>
<codeline lineno="152"><highlight class="normal"></highlight></codeline>
<codeline lineno="158"><highlight class="normal">LINPHONE_PUBLIC<sp/></highlight><highlight class="keywordtype">void</highlight><highlight class="normal"><sp/><ref refid="group__chatroom_1ga2f89f10475d94d9d3e9c028a89799838" kindref="member">linphone_im_notif_policy_set_recv_imdn_displayed</ref>(<ref refid="group__chatroom_1gac763666cbb8dc52b69e8b419126bcc05" kindref="member">LinphoneImNotifPolicy</ref><sp/>*policy,<sp/>bool_t<sp/>enable);</highlight></codeline>
<codeline lineno="159"><highlight class="normal"></highlight></codeline>
<codeline lineno="165"><highlight class="preprocessor">#ifdef<sp/>__cplusplus</highlight><highlight class="normal"></highlight></codeline>
<codeline lineno="166"><highlight class="normal">}</highlight></codeline>
<codeline lineno="167"><highlight class="normal"></highlight><highlight class="preprocessor">#endif</highlight><highlight class="normal"></highlight></codeline>
<codeline lineno="168"><highlight class="normal"></highlight></codeline>
<codeline lineno="169"><highlight class="normal"></highlight><highlight class="preprocessor">#endif<sp/></highlight><highlight class="comment">/*<sp/>LINPHONE_IM_NOTIF_POLICY_H_<sp/>*/</highlight><highlight class="preprocessor"></highlight></codeline>
    </programlisting>
    <location file="/Users/S0U1SB4N3/test006/linphone-desktop/submodules/linphone/include/linphone/im_notif_policy.h"/>
  </compounddef>
</doxygen>
