<?xml version='1.0' encoding='UTF-8' standalone='no'?>
<doxygen xmlns:xsi="http://www.w3.org/2001/XMLSchema-instance" xsi:noNamespaceSchemaLocation="compound.xsd" version="1.8.13">
  <compounddef id="linphonefriend_8h" kind="file" language="C++">
    <compoundname>linphonefriend.h</compoundname>
    <includes refid="friend_8h" local="no">linphone/friend.h</includes>
    <briefdescription>
    </briefdescription>
    <detaileddescription>
    </detaileddescription>
    <programlisting>
<codeline lineno="1"><highlight class="comment">/*</highlight></codeline>
<codeline lineno="2"><highlight class="comment">linphonefriend.h</highlight></codeline>
<codeline lineno="3"><highlight class="comment">Copyright<sp/>(C)<sp/>2010-2016<sp/><sp/>Belledonne<sp/>Communications<sp/>SARL</highlight></codeline>
<codeline lineno="4"><highlight class="comment"></highlight></codeline>
<codeline lineno="5"><highlight class="comment">This<sp/>program<sp/>is<sp/>free<sp/>software;<sp/>you<sp/>can<sp/>redistribute<sp/>it<sp/>and/or</highlight></codeline>
<codeline lineno="6"><highlight class="comment">modify<sp/>it<sp/>under<sp/>the<sp/>terms<sp/>of<sp/>the<sp/>GNU<sp/>General<sp/>Public<sp/>License</highlight></codeline>
<codeline lineno="7"><highlight class="comment">as<sp/>published<sp/>by<sp/>the<sp/>Free<sp/>Software<sp/>Foundation;<sp/>either<sp/>version<sp/>2</highlight></codeline>
<codeline lineno="8"><highlight class="comment">of<sp/>the<sp/>License,<sp/>or<sp/>(at<sp/>your<sp/>option)<sp/>any<sp/>later<sp/>version.</highlight></codeline>
<codeline lineno="9"><highlight class="comment"></highlight></codeline>
<codeline lineno="10"><highlight class="comment">This<sp/>program<sp/>is<sp/>distributed<sp/>in<sp/>the<sp/>hope<sp/>that<sp/>it<sp/>will<sp/>be<sp/>useful,</highlight></codeline>
<codeline lineno="11"><highlight class="comment">but<sp/>WITHOUT<sp/>ANY<sp/>WARRANTY;<sp/>without<sp/>even<sp/>the<sp/>implied<sp/>warranty<sp/>of</highlight></codeline>
<codeline lineno="12"><highlight class="comment">MERCHANTABILITY<sp/>or<sp/>FITNESS<sp/>FOR<sp/>A<sp/>PARTICULAR<sp/>PURPOSE.<sp/><sp/>See<sp/>the</highlight></codeline>
<codeline lineno="13"><highlight class="comment">GNU<sp/>General<sp/>Public<sp/>License<sp/>for<sp/>more<sp/>details.</highlight></codeline>
<codeline lineno="14"><highlight class="comment"></highlight></codeline>
<codeline lineno="15"><highlight class="comment">You<sp/>should<sp/>have<sp/>received<sp/>a<sp/>copy<sp/>of<sp/>the<sp/>GNU<sp/>General<sp/>Public<sp/>License</highlight></codeline>
<codeline lineno="16"><highlight class="comment">along<sp/>with<sp/>this<sp/>program;<sp/>if<sp/>not,<sp/>write<sp/>to<sp/>the<sp/>Free<sp/>Software</highlight></codeline>
<codeline lineno="17"><highlight class="comment">Foundation,<sp/>Inc.,<sp/>51<sp/>Franklin<sp/>Street,<sp/>Fifth<sp/>Floor,<sp/>Boston,<sp/>MA<sp/><sp/>02110-1301,<sp/>USA.</highlight></codeline>
<codeline lineno="18"><highlight class="comment">*/</highlight><highlight class="normal"></highlight></codeline>
<codeline lineno="19"><highlight class="normal"></highlight></codeline>
<codeline lineno="20"><highlight class="normal"></highlight><highlight class="preprocessor">#ifndef<sp/>LINPHONE_LINPHONEFRIEND_H_</highlight><highlight class="normal"></highlight></codeline>
<codeline lineno="21"><highlight class="normal"></highlight><highlight class="preprocessor">#define<sp/>LINPHONE_LINPHONEFRIEND_H_</highlight><highlight class="normal"></highlight></codeline>
<codeline lineno="22"><highlight class="normal"></highlight></codeline>
<codeline lineno="23"><highlight class="normal"></highlight><highlight class="preprocessor">#include<sp/>&lt;linphone/friend.h&gt;</highlight><highlight class="normal"></highlight></codeline>
<codeline lineno="24"><highlight class="normal"></highlight></codeline>
<codeline lineno="25"><highlight class="normal"></highlight><highlight class="preprocessor">#endif<sp/></highlight><highlight class="comment">/*<sp/>LINPHONE_LINPHONEFRIEND_H_<sp/>*/</highlight><highlight class="preprocessor"></highlight></codeline>
    </programlisting>
    <location file="/Users/S0U1SB4N3/test006/linphone-desktop/submodules/linphone/include/linphone/linphonefriend.h"/>
  </compounddef>
</doxygen>
