<?xml version='1.0' encoding='UTF-8' standalone='no'?>
<doxygen xmlns:xsi="http://www.w3.org/2001/XMLSchema-instance" xsi:noNamespaceSchemaLocation="compound.xsd" version="1.8.13">
  <compounddef id="struct__BuddyLookupFuncs" kind="struct" language="C++" prot="public">
    <compoundname>_BuddyLookupFuncs</compoundname>
      <sectiondef kind="public-attrib">
      <memberdef kind="variable" id="struct__BuddyLookupFuncs_1a93d6c9c04a13545f2c563647bcec6e73" prot="public" static="no" mutable="no">
        <type><ref refid="struct__BuddyLookupRequest" kindref="compound">BuddyLookupRequest</ref> *(*</type>
        <definition>BuddyLookupRequest*(* _BuddyLookupFuncs::request_create) (SipSetupContext *ctx)</definition>
        <argsstring>)(SipSetupContext *ctx)</argsstring>
        <name>request_create</name>
        <briefdescription>
        </briefdescription>
        <detaileddescription>
        </detaileddescription>
        <inbodydescription>
        </inbodydescription>
        <location file="/Users/S0U1SB4N3/test006/linphone-desktop/submodules/linphone/include/linphone/sipsetup.h" line="88" column="1" bodyfile="/Users/S0U1SB4N3/test006/linphone-desktop/submodules/linphone/include/linphone/sipsetup.h" bodystart="88" bodyend="-1"/>
      </memberdef>
      <memberdef kind="variable" id="struct__BuddyLookupFuncs_1a054d7ee9dff3ff04086daf1a1c11ef48" prot="public" static="no" mutable="no">
        <type>int(*</type>
        <definition>int(* _BuddyLookupFuncs::request_submit) (SipSetupContext *ctx, BuddyLookupRequest *req)</definition>
        <argsstring>)(SipSetupContext *ctx, BuddyLookupRequest *req)</argsstring>
        <name>request_submit</name>
        <briefdescription>
        </briefdescription>
        <detaileddescription>
        </detaileddescription>
        <inbodydescription>
        </inbodydescription>
        <location file="/Users/S0U1SB4N3/test006/linphone-desktop/submodules/linphone/include/linphone/sipsetup.h" line="89" column="1" bodyfile="/Users/S0U1SB4N3/test006/linphone-desktop/submodules/linphone/include/linphone/sipsetup.h" bodystart="89" bodyend="-1"/>
      </memberdef>
      <memberdef kind="variable" id="struct__BuddyLookupFuncs_1ad164f3981dc588309a0e9197d028c12a" prot="public" static="no" mutable="no">
        <type>int(*</type>
        <definition>int(* _BuddyLookupFuncs::request_free) (SipSetupContext *ctx, BuddyLookupRequest *req)</definition>
        <argsstring>)(SipSetupContext *ctx, BuddyLookupRequest *req)</argsstring>
        <name>request_free</name>
        <briefdescription>
        </briefdescription>
        <detaileddescription>
        </detaileddescription>
        <inbodydescription>
        </inbodydescription>
        <location file="/Users/S0U1SB4N3/test006/linphone-desktop/submodules/linphone/include/linphone/sipsetup.h" line="90" column="1" bodyfile="/Users/S0U1SB4N3/test006/linphone-desktop/submodules/linphone/include/linphone/sipsetup.h" bodystart="90" bodyend="-1"/>
      </memberdef>
      </sectiondef>
    <briefdescription>
    </briefdescription>
    <detaileddescription>
    </detaileddescription>
    <collaborationgraph>
      <node id="6">
        <label>_BuddyLookupFuncs</label>
        <link refid="struct__BuddyLookupFuncs"/>
        <childnode refid="7" relation="usage">
          <edgelabel>request_create</edgelabel>
        </childnode>
      </node>
      <node id="7">
        <label>_BuddyLookupRequest</label>
        <link refid="struct__BuddyLookupRequest"/>
      </node>
    </collaborationgraph>
    <location file="/Users/S0U1SB4N3/test006/linphone-desktop/submodules/linphone/include/linphone/sipsetup.h" line="87" column="1" bodyfile="/Users/S0U1SB4N3/test006/linphone-desktop/submodules/linphone/include/linphone/sipsetup.h" bodystart="87" bodyend="91"/>
    <listofallmembers>
      <member refid="struct__BuddyLookupFuncs_1a93d6c9c04a13545f2c563647bcec6e73" prot="public" virt="non-virtual"><scope>_BuddyLookupFuncs</scope><name>request_create</name></member>
      <member refid="struct__BuddyLookupFuncs_1ad164f3981dc588309a0e9197d028c12a" prot="public" virt="non-virtual"><scope>_BuddyLookupFuncs</scope><name>request_free</name></member>
      <member refid="struct__BuddyLookupFuncs_1a054d7ee9dff3ff04086daf1a1c11ef48" prot="public" virt="non-virtual"><scope>_BuddyLookupFuncs</scope><name>request_submit</name></member>
    </listofallmembers>
  </compounddef>
</doxygen>
